Job 926516 started on node57 at ven. 07 août 2026 01:04:01 CEST
Allocated CPUs: 4
SLURM gave CUDA_VISIBLE_DEVICES=0
NVIDIA L40S, 46068 MiB, 595.84
---
--- config in use ---
batch_size: 16
epochs: 800
epochs_til_checkpoint: 1
keep_every: 100
expand: -1
experiment_name: airway_dci_2_validation_split
hidden_num: 128
latent_dim: 128
hyper_hidden_layers: 3
logging_root: ./logs
lr: 0.0001
max_points: 300000
model_type: sine
num_instances: 419       # my actual pair count of data propably -- trainning set -- I am not 100 per cent sure if this is the right number, but I will keep it for now
on_surface_points: 4000
point_cloud_path: /home/ids/gmargari-24/airway_project/Data/dgci_data/surface_pts_n_normal
steps_til_summary: 100---------------------
surface .mat files : 419   (/home/ids/gmargari-24/airway_project/Data/dgci_data/surface_pts_n_normal)
free .mat files    : 419   (/home/ids/gmargari-24/airway_project/Data/dgci_data/free_space_pts)
num_instances      : 419
torch 2.5.1+cu121 | cuda available: True
device_count BEFORE train.py overrides CUDA_VISIBLE_DEVICES: 1
--- preflight OK ---
/home/ids/gmargari-24/airway_project/Data/dgci_data/surface_pts_n_normal
Loading point cloud of subject0000
Finished loading point cloud
Loading point cloud of subject0001
Finished loading point cloud
Loading point cloud of subject0002
Finished loading point cloud
Loading point cloud of subject0003
Finished loading point cloud
Loading point cloud of subject0004
Finished loading point cloud
Loading point cloud of subject0005
Finished loading point cloud
Loading point cloud of subject0006
Finished loading point cloud
Loading point cloud of subject0007
Finished loading point cloud
Loading point cloud of subject0008
Finished loading point cloud
Loading point cloud of subject0009
Finished loading point cloud
Loading point cloud of subject0010
Finished loading point cloud
Loading point cloud of subject0011
Finished loading point cloud
Loading point cloud of subject0012
Finished loading point cloud
Loading point cloud of subject0013
Finished loading point cloud
Loading point cloud of subject0014
Finished loading point cloud
Loading point cloud of subject0015
Finished loading point cloud
Loading point cloud of subject0016
Finished loading point cloud
Loading point cloud of subject0017
Finished loading point cloud
Loading point cloud of subject0018
Finished loading point cloud
Loading point cloud of subject0019
Finished loading point cloud
Loading point cloud of subject0020
Finished loading point cloud
Loading point cloud of subject0021
Finished loading point cloud
Loading point cloud of subject0022
Finished loading point cloud
Loading point cloud of subject0023
Finished loading point cloud
Loading point cloud of subject0024
Finished loading point cloud
Loading point cloud of subject0025
Finished loading point cloud
Loading point cloud of subject0026
Finished loading point cloud
Loading point cloud of subject0027
Finished loading point cloud
Loading point cloud of subject0028
Finished loading point cloud
Loading point cloud of subject0029
Finished loading point cloud
Loading point cloud of subject0030
Finished loading point cloud
Loading point cloud of subject0031
Finished loading point cloud
Loading point cloud of subject0032
Finished loading point cloud
Loading point cloud of subject0033
Finished loading point cloud
Loading point cloud of subject0034
Finished loading point cloud
Loading point cloud of subject0035
Finished loading point cloud
Loading point cloud of subject0036
Finished loading point cloud
Loading point cloud of subject0037
Finished loading point cloud
Loading point cloud of subject0038
Finished loading point cloud
Loading point cloud of subject0039
Finished loading point cloud
Loading point cloud of subject0040
Finished loading point cloud
Loading point cloud of subject0041
Finished loading point cloud
Loading point cloud of subject0042
Finished loading point cloud
Loading point cloud of subject0043
Finished loading point cloud
Loading point cloud of subject0044
Finished loading point cloud
Loading point cloud of subject0045
Finished loading point cloud
Loading point cloud of subject0046
Finished loading point cloud
Loading point cloud of subject0047
Finished loading point cloud
Loading point cloud of subject0048
Finished loading point cloud
Loading point cloud of subject0049
Finished loading point cloud
Loading point cloud of subject0050
Finished loading point cloud
Loading point cloud of subject0051
Finished loading point cloud
Loading point cloud of subject0052
Finished loading point cloud
Loading point cloud of subject0053
Finished loading point cloud
Loading point cloud of subject0054
Finished loading point cloud
Loading point cloud of subject0055
Finished loading point cloud
Loading point cloud of subject0056
Finished loading point cloud
Loading point cloud of subject0057
Finished loading point cloud
Loading point cloud of subject0058
Finished loading point cloud
Loading point cloud of subject0059
Finished loading point cloud
Loading point cloud of subject0060
Finished loading point cloud
Loading point cloud of subject0061
Finished loading point cloud
Loading point cloud of subject0062
Finished loading point cloud
Loading point cloud of subject0063
Finished loading point cloud
Loading point cloud of subject0064
Finished loading point cloud
Loading point cloud of subject0065
Finished loading point cloud
Loading point cloud of subject0066
Finished loading point cloud
Loading point cloud of subject0067
Finished loading point cloud
Loading point cloud of subject0068
Finished loading point cloud
Loading point cloud of subject0069
Finished loading point cloud
Loading point cloud of subject0070
Finished loading point cloud
Loading point cloud of subject0071
Finished loading point cloud
Loading point cloud of subject0072
Finished loading point cloud
Loading point cloud of subject0073
Finished loading point cloud
Loading point cloud of subject0074
Finished loading point cloud
Loading point cloud of subject0075
Finished loading point cloud
Loading point cloud of subject0076
Finished loading point cloud
Loading point cloud of subject0077
Finished loading point cloud
Loading point cloud of subject0078
Finished loading point cloud
Loading point cloud of subject0079
Finished loading point cloud
Loading point cloud of subject0080
Finished loading point cloud
Loading point cloud of subject0081
Finished loading point cloud
Loading point cloud of subject0082
Finished loading point cloud
Loading point cloud of subject0083
Finished loading point cloud
Loading point cloud of subject0084
Finished loading point cloud
Loading point cloud of subject0085
Finished loading point cloud
Loading point cloud of subject0086
Finished loading point cloud
Loading point cloud of subject0087
Finished loading point cloud
Loading point cloud of subject0088
Finished loading point cloud
Loading point cloud of subject0089
Finished loading point cloud
Loading point cloud of subject0090
Finished loading point cloud
Loading point cloud of subject0091
Finished loading point cloud
Loading point cloud of subject0092
Finished loading point cloud
Loading point cloud of subject0093
Finished loading point cloud
Loading point cloud of subject0094
Finished loading point cloud
Loading point cloud of subject0095
Finished loading point cloud
Loading point cloud of subject0096
Finished loading point cloud
Loading point cloud of subject0097
Finished loading point cloud
Loading point cloud of subject0098
Finished loading point cloud
Loading point cloud of subject0099
Finished loading point cloud
Loading point cloud of subject0100
Finished loading point cloud
Loading point cloud of subject0101
Finished loading point cloud
Loading point cloud of subject0102
Finished loading point cloud
Loading point cloud of subject0103
Finished loading point cloud
Loading point cloud of subject0104
Finished loading point cloud
Loading point cloud of subject0105
Finished loading point cloud
Loading point cloud of subject0106
Finished loading point cloud
Loading point cloud of subject0107
Finished loading point cloud
Loading point cloud of subject0108
Finished loading point cloud
Loading point cloud of subject0109
Finished loading point cloud
Loading point cloud of subject0110
Finished loading point cloud
Loading point cloud of subject0111
Finished loading point cloud
Loading point cloud of subject0112
Finished loading point cloud
Loading point cloud of subject0113
Finished loading point cloud
Loading point cloud of subject0114
Finished loading point cloud
Loading point cloud of subject0115
Finished loading point cloud
Loading point cloud of subject0116
Finished loading point cloud
Loading point cloud of subject0117
Finished loading point cloud
Loading point cloud of subject0118
Finished loading point cloud
Loading point cloud of subject0119
Finished loading point cloud
Loading point cloud of subject0120
Finished loading point cloud
Loading point cloud of subject0121
Finished loading point cloud
Loading point cloud of subject0122
Finished loading point cloud
Loading point cloud of subject0123
Finished loading point cloud
Loading point cloud of subject0124
Finished loading point cloud
Loading point cloud of subject0125
Finished loading point cloud
Loading point cloud of subject0126
Finished loading point cloud
Loading point cloud of subject0127
Finished loading point cloud
Loading point cloud of subject0128
Finished loading point cloud
Loading point cloud of subject0129
Finished loading point cloud
Loading point cloud of subject0130
Finished loading point cloud
Loading point cloud of subject0131
Finished loading point cloud
Loading point cloud of subject0132
Finished loading point cloud
Loading point cloud of subject0133
Finished loading point cloud
Loading point cloud of subject0134
Finished loading point cloud
Loading point cloud of subject0135
Finished loading point cloud
Loading point cloud of subject0136
Finished loading point cloud
Loading point cloud of subject0137
Finished loading point cloud
Loading point cloud of subject0138
Finished loading point cloud
Loading point cloud of subject0139
Finished loading point cloud
Loading point cloud of subject0140
Finished loading point cloud
Loading point cloud of subject0141
Finished loading point cloud
Loading point cloud of subject0142
Finished loading point cloud
Loading point cloud of subject0143
Finished loading point cloud
Loading point cloud of subject0144
Finished loading point cloud
Loading point cloud of subject0145
Finished loading point cloud
Loading point cloud of subject0146
Finished loading point cloud
Loading point cloud of subject0147
Finished loading point cloud
Loading point cloud of subject0148
Finished loading point cloud
Loading point cloud of subject0149
Finished loading point cloud
Loading point cloud of subject0150
Finished loading point cloud
Loading point cloud of subject0151
Finished loading point cloud
Loading point cloud of subject0152
Finished loading point cloud
Loading point cloud of subject0153
Finished loading point cloud
Loading point cloud of subject0154
Finished loading point cloud
Loading point cloud of subject0155
Finished loading point cloud
Loading point cloud of subject0156
Finished loading point cloud
Loading point cloud of subject0157
Finished loading point cloud
Loading point cloud of subject0158
Finished loading point cloud
Loading point cloud of subject0159
Finished loading point cloud
Loading point cloud of subject0160
Finished loading point cloud
Loading point cloud of subject0161
Finished loading point cloud
Loading point cloud of subject0162
Finished loading point cloud
Loading point cloud of subject0163
Finished loading point cloud
Loading point cloud of subject0164
Finished loading point cloud
Loading point cloud of subject0165
Finished loading point cloud
Loading point cloud of subject0166
Finished loading point cloud
Loading point cloud of subject0167
Finished loading point cloud
Loading point cloud of subject0168
Finished loading point cloud
Loading point cloud of subject0169
Finished loading point cloud
Loading point cloud of subject0170
Finished loading point cloud
Loading point cloud of subject0171
Finished loading point cloud
Loading point cloud of subject0172
Finished loading point cloud
Loading point cloud of subject0173
Finished loading point cloud
Loading point cloud of subject0174
Finished loading point cloud
Loading point cloud of subject0175
Finished loading point cloud
Loading point cloud of subject0176
Finished loading point cloud
Loading point cloud of subject0177
Finished loading point cloud
Loading point cloud of subject0178
Finished loading point cloud
Loading point cloud of subject0179
Finished loading point cloud
Loading point cloud of subject0180
Finished loading point cloud
Loading point cloud of subject0181
Finished loading point cloud
Loading point cloud of subject0182
Finished loading point cloud
Loading point cloud of subject0183
Finished loading point cloud
Loading point cloud of subject0184
Finished loading point cloud
Loading point cloud of subject0185
Finished loading point cloud
Loading point cloud of subject0186
Finished loading point cloud
Loading point cloud of subject0187
Finished loading point cloud
Loading point cloud of subject0188
Finished loading point cloud
Loading point cloud of subject0189
Finished loading point cloud
Loading point cloud of subject0190
Finished loading point cloud
Loading point cloud of subject0191
Finished loading point cloud
Loading point cloud of subject0192
Finished loading point cloud
Loading point cloud of subject0193
Finished loading point cloud
Loading point cloud of subject0194
Finished loading point cloud
Loading point cloud of subject0195
Finished loading point cloud
Loading point cloud of subject0196
Finished loading point cloud
Loading point cloud of subject0197
Finished loading point cloud
Loading point cloud of subject0198
Finished loading point cloud
Loading point cloud of subject0199
Finished loading point cloud
Loading point cloud of subject0200
Finished loading point cloud
Loading point cloud of subject0201
Finished loading point cloud
Loading point cloud of subject0202
Finished loading point cloud
Loading point cloud of subject0203
Finished loading point cloud
Loading point cloud of subject0204
Finished loading point cloud
Loading point cloud of subject0205
Finished loading point cloud
Loading point cloud of subject0206
Finished loading point cloud
Loading point cloud of subject0207
Finished loading point cloud
Loading point cloud of subject0208
Finished loading point cloud
Loading point cloud of subject0209
Finished loading point cloud
Loading point cloud of subject0210
Finished loading point cloud
Loading point cloud of subject0211
Finished loading point cloud
Loading point cloud of subject0212
Finished loading point cloud
Loading point cloud of subject0213
Finished loading point cloud
Loading point cloud of subject0214
Finished loading point cloud
Loading point cloud of subject0215
Finished loading point cloud
Loading point cloud of subject0216
Finished loading point cloud
Loading point cloud of subject0217
Finished loading point cloud
Loading point cloud of subject0218
Finished loading point cloud
Loading point cloud of subject0219
Finished loading point cloud
Loading point cloud of subject0220
Finished loading point cloud
Loading point cloud of subject0221
Finished loading point cloud
Loading point cloud of subject0222
Finished loading point cloud
Loading point cloud of subject0223
Finished loading point cloud
Loading point cloud of subject0224
Finished loading point cloud
Loading point cloud of subject0225
Finished loading point cloud
Loading point cloud of subject0226
Finished loading point cloud
Loading point cloud of subject0227
Finished loading point cloud
Loading point cloud of subject0228
Finished loading point cloud
Loading point cloud of subject0229
Finished loading point cloud
Loading point cloud of subject0230
Finished loading point cloud
Loading point cloud of subject0231
Finished loading point cloud
Loading point cloud of subject0232
Finished loading point cloud
Loading point cloud of subject0233
Finished loading point cloud
Loading point cloud of subject0234
Finished loading point cloud
Loading point cloud of subject0235
Finished loading point cloud
Loading point cloud of subject0236
Finished loading point cloud
Loading point cloud of subject0237
Finished loading point cloud
Loading point cloud of subject0238
Finished loading point cloud
Loading point cloud of subject0239
Finished loading point cloud
Loading point cloud of subject0240
Finished loading point cloud
Loading point cloud of subject0241
Finished loading point cloud
Loading point cloud of subject0242
Finished loading point cloud
Loading point cloud of subject0243
Finished loading point cloud
Loading point cloud of subject0244
Finished loading point cloud
Loading point cloud of subject0245
Finished loading point cloud
Loading point cloud of subject0246
Finished loading point cloud
Loading point cloud of subject0247
Finished loading point cloud
Loading point cloud of subject0248
Finished loading point cloud
Loading point cloud of subject0249
Finished loading point cloud
Loading point cloud of subject0250
Finished loading point cloud
Loading point cloud of subject0251
Finished loading point cloud
Loading point cloud of subject0252
Finished loading point cloud
Loading point cloud of subject0253
Finished loading point cloud
Loading point cloud of subject0254
Finished loading point cloud
Loading point cloud of subject0255
Finished loading point cloud
Loading point cloud of subject0256
Finished loading point cloud
Loading point cloud of subject0257
Finished loading point cloud
Loading point cloud of subject0258
Finished loading point cloud
Loading point cloud of subject0259
Finished loading point cloud
Loading point cloud of subject0260
Finished loading point cloud
Loading point cloud of subject0261
Finished loading point cloud
Loading point cloud of subject0262
Finished loading point cloud
Loading point cloud of subject0263
Finished loading point cloud
Loading point cloud of subject0264
Finished loading point cloud
Loading point cloud of subject0265
Finished loading point cloud
Loading point cloud of subject0266
Finished loading point cloud
Loading point cloud of subject0267
Finished loading point cloud
Loading point cloud of subject0268
Finished loading point cloud
Loading point cloud of subject0269
Finished loading point cloud
Loading point cloud of subject0270
Finished loading point cloud
Loading point cloud of subject0271
Finished loading point cloud
Loading point cloud of subject0272
Finished loading point cloud
Loading point cloud of subject0273
Finished loading point cloud
Loading point cloud of subject0274
Finished loading point cloud
Loading point cloud of subject0275
Finished loading point cloud
Loading point cloud of subject0276
Finished loading point cloud
Loading point cloud of subject0277
Finished loading point cloud
Loading point cloud of subject0278
Finished loading point cloud
Loading point cloud of subject0279
Finished loading point cloud
Loading point cloud of subject0280
Finished loading point cloud
Loading point cloud of subject0281
Finished loading point cloud
Loading point cloud of subject0282
Finished loading point cloud
Loading point cloud of subject0283
Finished loading point cloud
Loading point cloud of subject0284
Finished loading point cloud
Loading point cloud of subject0285
Finished loading point cloud
Loading point cloud of subject0286
Finished loading point cloud
Loading point cloud of subject0287
Finished loading point cloud
Loading point cloud of subject0288
Finished loading point cloud
Loading point cloud of subject0289
Finished loading point cloud
Loading point cloud of subject0290
Finished loading point cloud
Loading point cloud of subject0291
Finished loading point cloud
Loading point cloud of subject0292
Finished loading point cloud
Loading point cloud of subject0293
Finished loading point cloud
Loading point cloud of subject0294
Finished loading point cloud
Loading point cloud of subject0295
Finished loading point cloud
Loading point cloud of subject0296
Finished loading point cloud
Loading point cloud of subject0297
Finished loading point cloud
Loading point cloud of subject0298
Finished loading point cloud
Loading point cloud of subject0299
Finished loading point cloud
Loading point cloud of subject0300
Finished loading point cloud
Loading point cloud of subject0301
Finished loading point cloud
Loading point cloud of subject0302
Finished loading point cloud
Loading point cloud of subject0303
Finished loading point cloud
Loading point cloud of subject0304
Finished loading point cloud
Loading point cloud of subject0305
Finished loading point cloud
Loading point cloud of subject0306
Finished loading point cloud
Loading point cloud of subject0307
Finished loading point cloud
Loading point cloud of subject0308
Finished loading point cloud
Loading point cloud of subject0309
Finished loading point cloud
Loading point cloud of subject0310
Finished loading point cloud
Loading point cloud of subject0311
Finished loading point cloud
Loading point cloud of subject0312
Finished loading point cloud
Loading point cloud of subject0313
Finished loading point cloud
Loading point cloud of subject0314
Finished loading point cloud
Loading point cloud of subject0315
Finished loading point cloud
Loading point cloud of subject0316
Finished loading point cloud
Loading point cloud of subject0317
Finished loading point cloud
Loading point cloud of subject0318
Finished loading point cloud
Loading point cloud of subject0319
Finished loading point cloud
Loading point cloud of subject0320
Finished loading point cloud
Loading point cloud of subject0321
Finished loading point cloud
Loading point cloud of subject0322
Finished loading point cloud
Loading point cloud of subject0323
Finished loading point cloud
Loading point cloud of subject0324
Finished loading point cloud
Loading point cloud of subject0325
Finished loading point cloud
Loading point cloud of subject0326
Finished loading point cloud
Loading point cloud of subject0327
Finished loading point cloud
Loading point cloud of subject0328
Finished loading point cloud
Loading point cloud of subject0329
Finished loading point cloud
Loading point cloud of subject0330
Finished loading point cloud
Loading point cloud of subject0331
Finished loading point cloud
Loading point cloud of subject0332
Finished loading point cloud
Loading point cloud of subject0333
Finished loading point cloud
Loading point cloud of subject0334
Finished loading point cloud
Loading point cloud of subject0335
Finished loading point cloud
Loading point cloud of subject0336
Finished loading point cloud
Loading point cloud of subject0337
Finished loading point cloud
Loading point cloud of subject0338
Finished loading point cloud
Loading point cloud of subject0339
Finished loading point cloud
Loading point cloud of subject0340
Finished loading point cloud
Loading point cloud of subject0341
Finished loading point cloud
Loading point cloud of subject0342
Finished loading point cloud
Loading point cloud of subject0343
Finished loading point cloud
Loading point cloud of subject0344
Finished loading point cloud
Loading point cloud of subject0345
Finished loading point cloud
Loading point cloud of subject0346
Finished loading point cloud
Loading point cloud of subject0347
Finished loading point cloud
Loading point cloud of subject0348
Finished loading point cloud
Loading point cloud of subject0349
Finished loading point cloud
Loading point cloud of subject0350
Finished loading point cloud
Loading point cloud of subject0351
Finished loading point cloud
Loading point cloud of subject0352
Finished loading point cloud
Loading point cloud of subject0353
Finished loading point cloud
Loading point cloud of subject0354
Finished loading point cloud
Loading point cloud of subject0355
Finished loading point cloud
Loading point cloud of subject0356
Finished loading point cloud
Loading point cloud of subject0357
Finished loading point cloud
Loading point cloud of subject0358
Finished loading point cloud
Loading point cloud of subject0359
Finished loading point cloud
Loading point cloud of subject0360
Finished loading point cloud
Loading point cloud of subject0361
Finished loading point cloud
Loading point cloud of subject0362
Finished loading point cloud
Loading point cloud of subject0363
Finished loading point cloud
Loading point cloud of subject0364
Finished loading point cloud
Loading point cloud of subject0365
Finished loading point cloud
Loading point cloud of subject0366
Finished loading point cloud
Loading point cloud of subject0367
Finished loading point cloud
Loading point cloud of subject0368
Finished loading point cloud
Loading point cloud of subject0369
Finished loading point cloud
Loading point cloud of subject0370
Finished loading point cloud
Loading point cloud of subject0371
Finished loading point cloud
Loading point cloud of subject0372
Finished loading point cloud
Loading point cloud of subject0373
Finished loading point cloud
Loading point cloud of subject0374
Finished loading point cloud
Loading point cloud of subject0375
Finished loading point cloud
Loading point cloud of subject0376
Finished loading point cloud
Loading point cloud of subject0377
Finished loading point cloud
Loading point cloud of subject0378
Finished loading point cloud
Loading point cloud of subject0379
Finished loading point cloud
Loading point cloud of subject0380
Finished loading point cloud
Loading point cloud of subject0381
Finished loading point cloud
Loading point cloud of subject0382
Finished loading point cloud
Loading point cloud of subject0383
Finished loading point cloud
Loading point cloud of subject0384
Finished loading point cloud
Loading point cloud of subject0385
Finished loading point cloud
Loading point cloud of subject0386
Finished loading point cloud
Loading point cloud of subject0387
Finished loading point cloud
Loading point cloud of subject0388
Finished loading point cloud
Loading point cloud of subject0389
Finished loading point cloud
Loading point cloud of subject0390
Finished loading point cloud
Loading point cloud of subject0391
Finished loading point cloud
Loading point cloud of subject0392
Finished loading point cloud
Loading point cloud of subject0393
Finished loading point cloud
Loading point cloud of subject0394
Finished loading point cloud
Loading point cloud of subject0395
Finished loading point cloud
Loading point cloud of subject0396
Finished loading point cloud
Loading point cloud of subject0397
Finished loading point cloud
Loading point cloud of subject0398
Finished loading point cloud
Loading point cloud of subject0399
Finished loading point cloud
Loading point cloud of subject0400
Finished loading point cloud
Loading point cloud of subject0401
Finished loading point cloud
Loading point cloud of subject0402
Finished loading point cloud
Loading point cloud of subject0403
Finished loading point cloud
Loading point cloud of subject0404
Finished loading point cloud
Loading point cloud of subject0405
Finished loading point cloud
Loading point cloud of subject0406
Finished loading point cloud
Loading point cloud of subject0407
Finished loading point cloud
Loading point cloud of subject0408
Finished loading point cloud
Loading point cloud of subject0409
Finished loading point cloud
Loading point cloud of subject0410
Finished loading point cloud
Loading point cloud of subject0411
Finished loading point cloud
Loading point cloud of subject0412
Finished loading point cloud
Loading point cloud of subject0413
Finished loading point cloud
Loading point cloud of subject0414
Finished loading point cloud
Loading point cloud of subject0415
Finished loading point cloud
Loading point cloud of subject0416
Finished loading point cloud
Loading point cloud of subject0417
Finished loading point cloud
Loading point cloud of subject0418
Finished loading point cloud
/home/ids/gmargari-24/airway_project/Data/dgci_data/surface_pts_n_normal
Loading point cloud of subject0000
Finished loading point cloud
Loading point cloud of subject0001
Finished loading point cloud
Loading point cloud of subject0002
Finished loading point cloud
Loading point cloud of subject0003
Finished loading point cloud
Loading point cloud of subject0004
Finished loading point cloud
Loading point cloud of subject0005
Finished loading point cloud
Loading point cloud of subject0006
Finished loading point cloud
Loading point cloud of subject0007
Finished loading point cloud
Loading point cloud of subject0008
Finished loading point cloud
Loading point cloud of subject0009
Finished loading point cloud
Loading point cloud of subject0010
Finished loading point cloud
Loading point cloud of subject0011
Finished loading point cloud
Loading point cloud of subject0012
Finished loading point cloud
Loading point cloud of subject0013
Finished loading point cloud
Loading point cloud of subject0014
Finished loading point cloud
Loading point cloud of subject0015
Finished loading point cloud
Loading point cloud of subject0016
Finished loading point cloud
Loading point cloud of subject0017
Finished loading point cloud
Loading point cloud of subject0018
Finished loading point cloud
Loading point cloud of subject0019
Finished loading point cloud
Loading point cloud of subject0020
Finished loading point cloud
Loading point cloud of subject0021
Finished loading point cloud
Loading point cloud of subject0022
Finished loading point cloud
Loading point cloud of subject0023
Finished loading point cloud
Loading point cloud of subject0024
Finished loading point cloud
Loading point cloud of subject0025
Finished loading point cloud
Loading point cloud of subject0026
Finished loading point cloud
Loading point cloud of subject0027
Finished loading point cloud
Loading point cloud of subject0028
Finished loading point cloud
Loading point cloud of subject0029
Finished loading point cloud
Loading point cloud of subject0030
Finished loading point cloud
Loading point cloud of subject0031
Finished loading point cloud
Loading point cloud of subject0032
Finished loading point cloud
Loading point cloud of subject0033
Finished loading point cloud
Loading point cloud of subject0034
Finished loading point cloud
Loading point cloud of subject0035
Finished loading point cloud
Loading point cloud of subject0036
Finished loading point cloud
Loading point cloud of subject0037
Finished loading point cloud
Loading point cloud of subject0038
Finished loading point cloud
Loading point cloud of subject0039
Finished loading point cloud
Loading point cloud of subject0040
Finished loading point cloud
Loading point cloud of subject0041
Finished loading point cloud
Loading point cloud of subject0042
Finished loading point cloud
Loading point cloud of subject0043
Finished loading point cloud
Loading point cloud of subject0044
Finished loading point cloud
Loading point cloud of subject0045
Finished loading point cloud
Loading point cloud of subject0046
Finished loading point cloud
Loading point cloud of subject0047
Finished loading point cloud
Loading point cloud of subject0048
Finished loading point cloud
Loading point cloud of subject0049
Finished loading point cloud
Loading point cloud of subject0050
Finished loading point cloud
Loading point cloud of subject0051
Finished loading point cloud
Loading point cloud of subject0052
Finished loading point cloud
Loading point cloud of subject0053
Finished loading point cloud
Loading point cloud of subject0054
Finished loading point cloud
Loading point cloud of subject0055
Finished loading point cloud
Loading point cloud of subject0056
Finished loading point cloud
Loading point cloud of subject0057
Finished loading point cloud
Loading point cloud of subject0058
Finished loading point cloud
Loading point cloud of subject0059
Finished loading point cloud
Loading point cloud of subject0060
Finished loading point cloud
Loading point cloud of subject0061
Finished loading point cloud
Loading point cloud of subject0062
Finished loading point cloud
Loading point cloud of subject0063
Finished loading point cloud
Loading point cloud of subject0064
Finished loading point cloud
Loading point cloud of subject0065
Finished loading point cloud
Loading point cloud of subject0066
Finished loading point cloud
Loading point cloud of subject0067
Finished loading point cloud
Loading point cloud of subject0068
Finished loading point cloud
Loading point cloud of subject0069
Finished loading point cloud
Loading point cloud of subject0070
Finished loading point cloud
Loading point cloud of subject0071
Finished loading point cloud
Loading point cloud of subject0072
Finished loading point cloud
Loading point cloud of subject0073
Finished loading point cloud
Loading point cloud of subject0074
Finished loading point cloud
Loading point cloud of subject0075
Finished loading point cloud
Loading point cloud of subject0076
Finished loading point cloud
Loading point cloud of subject0077
Finished loading point cloud
Loading point cloud of subject0078
Finished loading point cloud
Loading point cloud of subject0079
Finished loading point cloud
Loading point cloud of subject0080
Finished loading point cloud
Loading point cloud of subject0081
Finished loading point cloud
Loading point cloud of subject0082
Finished loading point cloud
Loading point cloud of subject0083
Finished loading point cloud
Loading point cloud of subject0084
Finished loading point cloud
Loading point cloud of subject0085
Finished loading point cloud
Loading point cloud of subject0086
Finished loading point cloud
Loading point cloud of subject0087
Finished loading point cloud
Loading point cloud of subject0088
Finished loading point cloud
Loading point cloud of subject0089
Finished loading point cloud
Loading point cloud of subject0090
Finished loading point cloud
Loading point cloud of subject0091
Finished loading point cloud
Loading point cloud of subject0092
Finished loading point cloud
Loading point cloud of subject0093
Finished loading point cloud
Loading point cloud of subject0094
Finished loading point cloud
Loading point cloud of subject0095
Finished loading point cloud
Loading point cloud of subject0096
Finished loading point cloud
Loading point cloud of subject0097
Finished loading point cloud
Loading point cloud of subject0098
Finished loading point cloud
Loading point cloud of subject0099
Finished loading point cloud
Loading point cloud of subject0100
Finished loading point cloud
Loading point cloud of subject0101
Finished loading point cloud
Loading point cloud of subject0102
Finished loading point cloud
Loading point cloud of subject0103
Finished loading point cloud
Loading point cloud of subject0104
Finished loading point cloud
Loading point cloud of subject0105
Finished loading point cloud
Loading point cloud of subject0106
Finished loading point cloud
Loading point cloud of subject0107
Finished loading point cloud
Loading point cloud of subject0108
Finished loading point cloud
Loading point cloud of subject0109
Finished loading point cloud
Loading point cloud of subject0110
Finished loading point cloud
Loading point cloud of subject0111
Finished loading point cloud
Loading point cloud of subject0112
Finished loading point cloud
Loading point cloud of subject0113
Finished loading point cloud
Loading point cloud of subject0114
Finished loading point cloud
Loading point cloud of subject0115
Finished loading point cloud
Loading point cloud of subject0116
Finished loading point cloud
Loading point cloud of subject0117
Finished loading point cloud
Loading point cloud of subject0118
Finished loading point cloud
Loading point cloud of subject0119
Finished loading point cloud
Loading point cloud of subject0120
Finished loading point cloud
Loading point cloud of subject0121
Finished loading point cloud
Loading point cloud of subject0122
Finished loading point cloud
Loading point cloud of subject0123
Finished loading point cloud
Loading point cloud of subject0124
Finished loading point cloud
Loading point cloud of subject0125
Finished loading point cloud
Loading point cloud of subject0126
Finished loading point cloud
Loading point cloud of subject0127
Finished loading point cloud
Loading point cloud of subject0128
Finished loading point cloud
Loading point cloud of subject0129
Finished loading point cloud
Loading point cloud of subject0130
Finished loading point cloud
Loading point cloud of subject0131
Finished loading point cloud
Loading point cloud of subject0132
Finished loading point cloud
Loading point cloud of subject0133
Finished loading point cloud
Loading point cloud of subject0134
Finished loading point cloud
Loading point cloud of subject0135
Finished loading point cloud
Loading point cloud of subject0136
Finished loading point cloud
Loading point cloud of subject0137
Finished loading point cloud
Loading point cloud of subject0138
Finished loading point cloud
Loading point cloud of subject0139
Finished loading point cloud
Loading point cloud of subject0140
Finished loading point cloud
Loading point cloud of subject0141
Finished loading point cloud
Loading point cloud of subject0142
Finished loading point cloud
Loading point cloud of subject0143
Finished loading point cloud
Loading point cloud of subject0144
Finished loading point cloud
Loading point cloud of subject0145
Finished loading point cloud
Loading point cloud of subject0146
Finished loading point cloud
Loading point cloud of subject0147
Finished loading point cloud
Loading point cloud of subject0148
Finished loading point cloud
Loading point cloud of subject0149
Finished loading point cloud
Loading point cloud of subject0150
Finished loading point cloud
Loading point cloud of subject0151
Finished loading point cloud
Loading point cloud of subject0152
Finished loading point cloud
Loading point cloud of subject0153
Finished loading point cloud
Loading point cloud of subject0154
Finished loading point cloud
Loading point cloud of subject0155
Finished loading point cloud
Loading point cloud of subject0156
Finished loading point cloud
Loading point cloud of subject0157
Finished loading point cloud
Loading point cloud of subject0158
Finished loading point cloud
Loading point cloud of subject0159
Finished loading point cloud
Loading point cloud of subject0160
Finished loading point cloud
Loading point cloud of subject0161
Finished loading point cloud
Loading point cloud of subject0162
Finished loading point cloud
Loading point cloud of subject0163
Finished loading point cloud
Loading point cloud of subject0164
Finished loading point cloud
Loading point cloud of subject0165
Finished loading point cloud
Loading point cloud of subject0166
Finished loading point cloud
Loading point cloud of subject0167
Finished loading point cloud
Loading point cloud of subject0168
Finished loading point cloud
Loading point cloud of subject0169
Finished loading point cloud
Loading point cloud of subject0170
Finished loading point cloud
Loading point cloud of subject0171
Finished loading point cloud
Loading point cloud of subject0172
Finished loading point cloud
Loading point cloud of subject0173
Finished loading point cloud
Loading point cloud of subject0174
Finished loading point cloud
Loading point cloud of subject0175
Finished loading point cloud
Loading point cloud of subject0176
Finished loading point cloud
Loading point cloud of subject0177
Finished loading point cloud
Loading point cloud of subject0178
Finished loading point cloud
Loading point cloud of subject0179
Finished loading point cloud
Loading point cloud of subject0180
Finished loading point cloud
Loading point cloud of subject0181
Finished loading point cloud
Loading point cloud of subject0182
Finished loading point cloud
Loading point cloud of subject0183
Finished loading point cloud
Loading point cloud of subject0184
Finished loading point cloud
Loading point cloud of subject0185
Finished loading point cloud
Loading point cloud of subject0186
Finished loading point cloud
Loading point cloud of subject0187
Finished loading point cloud
Loading point cloud of subject0188
Finished loading point cloud
Loading point cloud of subject0189
Finished loading point cloud
Loading point cloud of subject0190
Finished loading point cloud
Loading point cloud of subject0191
Finished loading point cloud
Loading point cloud of subject0192
Finished loading point cloud
Loading point cloud of subject0193
Finished loading point cloud
Loading point cloud of subject0194
Finished loading point cloud
Loading point cloud of subject0195
Finished loading point cloud
Loading point cloud of subject0196
Finished loading point cloud
Loading point cloud of subject0197
Finished loading point cloud
Loading point cloud of subject0198
Finished loading point cloud
Loading point cloud of subject0199
Finished loading point cloud
Loading point cloud of subject0200
Finished loading point cloud
Loading point cloud of subject0201
Finished loading point cloud
Loading point cloud of subject0202
Finished loading point cloud
Loading point cloud of subject0203
Finished loading point cloud
Loading point cloud of subject0204
Finished loading point cloud
Loading point cloud of subject0205
Finished loading point cloud
Loading point cloud of subject0206
Finished loading point cloud
Loading point cloud of subject0207
Finished loading point cloud
Loading point cloud of subject0208
Finished loading point cloud
Loading point cloud of subject0209
Finished loading point cloud
Loading point cloud of subject0210
Finished loading point cloud
Loading point cloud of subject0211
Finished loading point cloud
Loading point cloud of subject0212
Finished loading point cloud
Loading point cloud of subject0213
Finished loading point cloud
Loading point cloud of subject0214
Finished loading point cloud
Loading point cloud of subject0215
Finished loading point cloud
Loading point cloud of subject0216
Finished loading point cloud
Loading point cloud of subject0217
Finished loading point cloud
Loading point cloud of subject0218
Finished loading point cloud
Loading point cloud of subject0219
Finished loading point cloud
Loading point cloud of subject0220
Finished loading point cloud
Loading point cloud of subject0221
Finished loading point cloud
Loading point cloud of subject0222
Finished loading point cloud
Loading point cloud of subject0223
Finished loading point cloud
Loading point cloud of subject0224
Finished loading point cloud
Loading point cloud of subject0225
Finished loading point cloud
Loading point cloud of subject0226
Finished loading point cloud
Loading point cloud of subject0227
Finished loading point cloud
Loading point cloud of subject0228
Finished loading point cloud
Loading point cloud of subject0229
Finished loading point cloud
Loading point cloud of subject0230
Finished loading point cloud
Loading point cloud of subject0231
Finished loading point cloud
Loading point cloud of subject0232
Finished loading point cloud
Loading point cloud of subject0233
Finished loading point cloud
Loading point cloud of subject0234
Finished loading point cloud
Loading point cloud of subject0235
Finished loading point cloud
Loading point cloud of subject0236
Finished loading point cloud
Loading point cloud of subject0237
Finished loading point cloud
Loading point cloud of subject0238
Finished loading point cloud
Loading point cloud of subject0239
Finished loading point cloud
Loading point cloud of subject0240
Finished loading point cloud
Loading point cloud of subject0241
Finished loading point cloud
Loading point cloud of subject0242
Finished loading point cloud
Loading point cloud of subject0243
Finished loading point cloud
Loading point cloud of subject0244
Finished loading point cloud
Loading point cloud of subject0245
Finished loading point cloud
Loading point cloud of subject0246
Finished loading point cloud
Loading point cloud of subject0247
Finished loading point cloud
Loading point cloud of subject0248
Finished loading point cloud
Loading point cloud of subject0249
Finished loading point cloud
Loading point cloud of subject0250
Finished loading point cloud
Loading point cloud of subject0251
Finished loading point cloud
Loading point cloud of subject0252
Finished loading point cloud
Loading point cloud of subject0253
Finished loading point cloud
Loading point cloud of subject0254
Finished loading point cloud
Loading point cloud of subject0255
Finished loading point cloud
Loading point cloud of subject0256
Finished loading point cloud
Loading point cloud of subject0257
Finished loading point cloud
Loading point cloud of subject0258
Finished loading point cloud
Loading point cloud of subject0259
Finished loading point cloud
Loading point cloud of subject0260
Finished loading point cloud
Loading point cloud of subject0261
Finished loading point cloud
Loading point cloud of subject0262
Finished loading point cloud
Loading point cloud of subject0263
Finished loading point cloud
Loading point cloud of subject0264
Finished loading point cloud
Loading point cloud of subject0265
Finished loading point cloud
Loading point cloud of subject0266
Finished loading point cloud
Loading point cloud of subject0267
Finished loading point cloud
Loading point cloud of subject0268
Finished loading point cloud
Loading point cloud of subject0269
Finished loading point cloud
Loading point cloud of subject0270
Finished loading point cloud
Loading point cloud of subject0271
Finished loading point cloud
Loading point cloud of subject0272
Finished loading point cloud
Loading point cloud of subject0273
Finished loading point cloud
Loading point cloud of subject0274
Finished loading point cloud
Loading point cloud of subject0275
Finished loading point cloud
Loading point cloud of subject0276
Finished loading point cloud
Loading point cloud of subject0277
Finished loading point cloud
Loading point cloud of subject0278
Finished loading point cloud
Loading point cloud of subject0279
Finished loading point cloud
Loading point cloud of subject0280
Finished loading point cloud
Loading point cloud of subject0281
Finished loading point cloud
Loading point cloud of subject0282
Finished loading point cloud
Loading point cloud of subject0283
Finished loading point cloud
Loading point cloud of subject0284
Finished loading point cloud
Loading point cloud of subject0285
Finished loading point cloud
Loading point cloud of subject0286
Finished loading point cloud
Loading point cloud of subject0287
Finished loading point cloud
Loading point cloud of subject0288
Finished loading point cloud
Loading point cloud of subject0289
Finished loading point cloud
Loading point cloud of subject0290
Finished loading point cloud
Loading point cloud of subject0291
Finished loading point cloud
Loading point cloud of subject0292
Finished loading point cloud
Loading point cloud of subject0293
Finished loading point cloud
Loading point cloud of subject0294
Finished loading point cloud
Loading point cloud of subject0295
Finished loading point cloud
Loading point cloud of subject0296
Finished loading point cloud
Loading point cloud of subject0297
Finished loading point cloud
Loading point cloud of subject0298
Finished loading point cloud
Loading point cloud of subject0299
Finished loading point cloud
Loading point cloud of subject0300
Finished loading point cloud
Loading point cloud of subject0301
Finished loading point cloud
Loading point cloud of subject0302
Finished loading point cloud
Loading point cloud of subject0303
Finished loading point cloud
Loading point cloud of subject0304
Finished loading point cloud
Loading point cloud of subject0305
Finished loading point cloud
Loading point cloud of subject0306
Finished loading point cloud
Loading point cloud of subject0307
Finished loading point cloud
Loading point cloud of subject0308
Finished loading point cloud
Loading point cloud of subject0309
Finished loading point cloud
Loading point cloud of subject0310
Finished loading point cloud
Loading point cloud of subject0311
Finished loading point cloud
Loading point cloud of subject0312
Finished loading point cloud
Loading point cloud of subject0313
Finished loading point cloud
Loading point cloud of subject0314
Finished loading point cloud
Loading point cloud of subject0315
Finished loading point cloud
Loading point cloud of subject0316
Finished loading point cloud
Loading point cloud of subject0317
Finished loading point cloud
Loading point cloud of subject0318
Finished loading point cloud
Loading point cloud of subject0319
Finished loading point cloud
Loading point cloud of subject0320
Finished loading point cloud
Loading point cloud of subject0321
Finished loading point cloud
Loading point cloud of subject0322
Finished loading point cloud
Loading point cloud of subject0323
Finished loading point cloud
Loading point cloud of subject0324
Finished loading point cloud
Loading point cloud of subject0325
Finished loading point cloud
Loading point cloud of subject0326
Finished loading point cloud
Loading point cloud of subject0327
Finished loading point cloud
Loading point cloud of subject0328
Finished loading point cloud
Loading point cloud of subject0329
Finished loading point cloud
Loading point cloud of subject0330
Finished loading point cloud
Loading point cloud of subject0331
Finished loading point cloud
Loading point cloud of subject0332
Finished loading point cloud
Loading point cloud of subject0333
Finished loading point cloud
Loading point cloud of subject0334
Finished loading point cloud
Loading point cloud of subject0335
Finished loading point cloud
Loading point cloud of subject0336
Finished loading point cloud
Loading point cloud of subject0337
Finished loading point cloud
Loading point cloud of subject0338
Finished loading point cloud
Loading point cloud of subject0339
Finished loading point cloud
Loading point cloud of subject0340
Finished loading point cloud
Loading point cloud of subject0341
Finished loading point cloud
Loading point cloud of subject0342
Finished loading point cloud
Loading point cloud of subject0343
Finished loading point cloud
Loading point cloud of subject0344
Finished loading point cloud
Loading point cloud of subject0345
Finished loading point cloud
Loading point cloud of subject0346
Finished loading point cloud
Loading point cloud of subject0347
Finished loading point cloud
Loading point cloud of subject0348
Finished loading point cloud
Loading point cloud of subject0349
Finished loading point cloud
Loading point cloud of subject0350
Finished loading point cloud
Loading point cloud of subject0351
Finished loading point cloud
Loading point cloud of subject0352
Finished loading point cloud
Loading point cloud of subject0353
Finished loading point cloud
Loading point cloud of subject0354
Finished loading point cloud
Loading point cloud of subject0355
Finished loading point cloud
Loading point cloud of subject0356
Finished loading point cloud
Loading point cloud of subject0357
Finished loading point cloud
Loading point cloud of subject0358
Finished loading point cloud
Loading point cloud of subject0359
Finished loading point cloud
Loading point cloud of subject0360
Finished loading point cloud
Loading point cloud of subject0361
Finished loading point cloud
Loading point cloud of subject0362
Finished loading point cloud
Loading point cloud of subject0363
Finished loading point cloud
Loading point cloud of subject0364
Finished loading point cloud
Loading point cloud of subject0365
Finished loading point cloud
Loading point cloud of subject0366
Finished loading point cloud
Loading point cloud of subject0367
Finished loading point cloud
Loading point cloud of subject0368
Finished loading point cloud
Loading point cloud of subject0369
Finished loading point cloud
Loading point cloud of subject0370
Finished loading point cloud
Loading point cloud of subject0371
Finished loading point cloud
Loading point cloud of subject0372
Finished loading point cloud
Loading point cloud of subject0373
Finished loading point cloud
Loading point cloud of subject0374
Finished loading point cloud
Loading point cloud of subject0375
Finished loading point cloud
Loading point cloud of subject0376
Finished loading point cloud
Loading point cloud of subject0377
Finished loading point cloud
Loading point cloud of subject0378
Finished loading point cloud
Loading point cloud of subject0379
Finished loading point cloud
Loading point cloud of subject0380
Finished loading point cloud
Loading point cloud of subject0381
Finished loading point cloud
Loading point cloud of subject0382
Finished loading point cloud
Loading point cloud of subject0383
Finished loading point cloud
Loading point cloud of subject0384
Finished loading point cloud
Loading point cloud of subject0385
Finished loading point cloud
Loading point cloud of subject0386
Finished loading point cloud
Loading point cloud of subject0387
Finished loading point cloud
Loading point cloud of subject0388
Finished loading point cloud
Loading point cloud of subject0389
Finished loading point cloud
Loading point cloud of subject0390
Finished loading point cloud
Loading point cloud of subject0391
Finished loading point cloud
Loading point cloud of subject0392
Finished loading point cloud
Loading point cloud of subject0393
Finished loading point cloud
Loading point cloud of subject0394
Finished loading point cloud
Loading point cloud of subject0395
Finished loading point cloud
Loading point cloud of subject0396
Finished loading point cloud
Loading point cloud of subject0397
Finished loading point cloud
Loading point cloud of subject0398
Finished loading point cloud
Loading point cloud of subject0399
Finished loading point cloud
Loading point cloud of subject0400
Finished loading point cloud
Loading point cloud of subject0401
Finished loading point cloud
Loading point cloud of subject0402
Finished loading point cloud
Loading point cloud of subject0403
Finished loading point cloud
Loading point cloud of subject0404
Finished loading point cloud
Loading point cloud of subject0405
Finished loading point cloud
Loading point cloud of subject0406
Finished loading point cloud
Loading point cloud of subject0407
Finished loading point cloud
Loading point cloud of subject0408
Finished loading point cloud
Loading point cloud of subject0409
Finished loading point cloud
Loading point cloud of subject0410
Finished loading point cloud
Loading point cloud of subject0411
Finished loading point cloud
Loading point cloud of subject0412
Finished loading point cloud
Loading point cloud of subject0413
Finished loading point cloud
Loading point cloud of subject0414
Finished loading point cloud
Loading point cloud of subject0415
Finished loading point cloud
Loading point cloud of subject0416
Finished loading point cloud
Loading point cloud of subject0417
Finished loading point cloud
Loading point cloud of subject0418
Finished loading point cloud
train pts: 180000 | val pts: 20000 | val items: 1676 | val batches: 104
419
SingleBVPNet(
  (net): FCBlock(
    (net): MetaSequential(
      (0): MetaSequential(
        (0): BatchLinear(in_features=4, out_features=128, bias=True)
        (1): Sine()
      )
      (1): MetaSequential(
        (0): BatchLinear(in_features=128, out_features=128, bias=True)
        (1): Sine()
      )
      (2): MetaSequential(
        (0): BatchLinear(in_features=128, out_features=128, bias=True)
        (1): Sine()
      )
      (3): MetaSequential(
        (0): BatchLinear(in_features=128, out_features=128, bias=True)
        (1): Sine()
      )
      (4): MetaSequential(
        (0): BatchLinear(in_features=128, out_features=128, bias=True)
        (1): Sine()
      )
    )
  )
)
SingleBVPNet(
  (net): FCBlock(
    (net): MetaSequential(
      (0): MetaSequential(
        (0): BatchLinear(in_features=128, out_features=128, bias=True)
        (1): Sine()
      )
      (1): MetaSequential(
        (0): BatchLinear(in_features=128, out_features=128, bias=True)
        (1): Sine()
      )
      (2): MetaSequential(
        (0): BatchLinear(in_features=128, out_features=128, bias=True)
        (1): Sine()
      )
      (3): MetaSequential(
        (0): BatchLinear(in_features=128, out_features=3, bias=True)
      )
    )
  )
)
SDFBVPNet(
  (net): FCBlock(
    (net): MetaSequential(
      (0): MetaSequential(
        (0): BatchLinear(in_features=3, out_features=128, bias=True)
        (1): Sine()
      )
      (1): MetaSequential(
        (0): BatchLinear(in_features=128, out_features=128, bias=True)
        (1): Sine()
      )
      (2): MetaSequential(
        (0): BatchLinear(in_features=128, out_features=128, bias=True)
        (1): Sine()
      )
      (3): MetaSequential(
        (0): BatchLinear(in_features=128, out_features=128, bias=True)
        (1): Sine()
      )
      (4): MetaSequential(
        (0): BatchLinear(in_features=128, out_features=128, bias=True)
        (1): Sine()
      )
      (5): MetaSequential(
        (0): BatchLinear(in_features=128, out_features=1, bias=True)
      )
    )
  )
)
Training Info:
num_instances:		 419
batch_size:		 16
epochs:			 800
learning rate:		 0.0001
====================================================================================================
EPOCH 0 DONE | steps 1964 | mean total loss 193.584683 | sum total loss 380200.318 | epoch time 129.3s
EPOCH 0 MEAN COMPONENTS | sdf_constraint_stage1 26.282 sdf_constraint_stage2 23.814 reconstructed_loss 64.270 inter 3.836 normal_constraint 35.081 grad_constraint 18.228 embeddings_constraint 22.011 template_reg 0.062 similarity_constraint 0.002
VALIDATION EPOCH 0 | steps 104 | mean total loss 96.201744
VALIDATION EPOCH 0 MEAN COMPONENTS | sdf_constraint_stage1 19.107 sdf_constraint_stage2 19.164 reconstructed_loss 4.714 inter 3.418 normal_constraint 30.128 grad_constraint 15.549 embeddings_constraint 4.121 template_reg 0.000 similarity_constraint 0.000
====================================================================================================
====================================================================================================
EPOCH 1 DONE | steps 1964 | mean total loss 88.225255 | sum total loss 173274.402 | epoch time 129.2s
EPOCH 1 MEAN COMPONENTS | sdf_constraint_stage1 18.076 sdf_constraint_stage2 18.143 reconstructed_loss 3.507 inter 2.553 normal_constraint 27.615 grad_constraint 14.509 embeddings_constraint 3.821 template_reg 0.000 similarity_constraint 0.000
VALIDATION EPOCH 1 | steps 104 | mean total loss 82.306895
VALIDATION EPOCH 1 MEAN COMPONENTS | sdf_constraint_stage1 16.914 sdf_constraint_stage2 17.215 reconstructed_loss 2.960 inter 2.125 normal_constraint 25.421 grad_constraint 13.951 embeddings_constraint 3.721 template_reg 0.000 similarity_constraint 0.000
====================================================================================================
====================================================================================================
EPOCH 2 DONE | steps 1964 | mean total loss 77.919780 | sum total loss 153034.447 | epoch time 129.1s
EPOCH 2 MEAN COMPONENTS | sdf_constraint_stage1 16.086 sdf_constraint_stage2 16.318 reconstructed_loss 2.652 inter 1.940 normal_constraint 23.630 grad_constraint 13.551 embeddings_constraint 3.743 template_reg 0.000 similarity_constraint 0.000
VALIDATION EPOCH 2 | steps 104 | mean total loss 72.819237
VALIDATION EPOCH 2 MEAN COMPONENTS | sdf_constraint_stage1 14.948 sdf_constraint_stage2 15.004 reconstructed_loss 2.234 inter 1.656 normal_constraint 21.998 grad_constraint 13.257 embeddings_constraint 3.721 template_reg 0.000 similarity_constraint 0.000
====================================================================================================
====================================================================================================
EPOCH 3 DONE | steps 1964 | mean total loss 70.274805 | sum total loss 138019.717 | epoch time 129.3s
EPOCH 3 MEAN COMPONENTS | sdf_constraint_stage1 14.632 sdf_constraint_stage2 14.880 reconstructed_loss 2.110 inter 1.551 normal_constraint 20.531 grad_constraint 12.892 embeddings_constraint 3.679 template_reg 0.000 similarity_constraint 0.000
VALIDATION EPOCH 3 | steps 104 | mean total loss 66.123968
VALIDATION EPOCH 3 MEAN COMPONENTS | sdf_constraint_stage1 13.659 sdf_constraint_stage2 13.580 reconstructed_loss 1.743 inter 1.488 normal_constraint 19.287 grad_constraint 12.726 embeddings_constraint 3.640 template_reg 0.000 similarity_constraint 0.000
====================================================================================================
====================================================================================================
EPOCH 4 DONE | steps 1964 | mean total loss 64.745165 | sum total loss 127159.505 | epoch time 129.2s
EPOCH 4 MEAN COMPONENTS | sdf_constraint_stage1 13.629 sdf_constraint_stage2 13.845 reconstructed_loss 1.795 inter 1.302 normal_constraint 18.169 grad_constraint 12.429 embeddings_constraint 3.576 template_reg 0.001 similarity_constraint 0.000
VALIDATION EPOCH 4 | steps 104 | mean total loss 62.338943
VALIDATION EPOCH 4 MEAN COMPONENTS | sdf_constraint_stage1 12.996 sdf_constraint_stage2 13.388 reconstructed_loss 1.880 inter 1.119 normal_constraint 17.309 grad_constraint 12.151 embeddings_constraint 3.495 template_reg 0.000 similarity_constraint 0.000
====================================================================================================
====================================================================================================
EPOCH 5 DONE | steps 1964 | mean total loss 60.459231 | sum total loss 118741.930 | epoch time 129.3s
EPOCH 5 MEAN COMPONENTS | sdf_constraint_stage1 12.824 sdf_constraint_stage2 12.991 reconstructed_loss 1.569 inter 1.142 normal_constraint 16.383 grad_constraint 12.096 embeddings_constraint 3.452 template_reg 0.001 similarity_constraint 0.000
VALIDATION EPOCH 5 | steps 104 | mean total loss 61.490188
VALIDATION EPOCH 5 MEAN COMPONENTS | sdf_constraint_stage1 13.934 sdf_constraint_stage2 13.470 reconstructed_loss 1.482 inter 1.317 normal_constraint 15.881 grad_constraint 12.010 embeddings_constraint 3.396 template_reg 0.000 similarity_constraint 0.000
====================================================================================================
====================================================================================================
EPOCH 6 DONE | steps 1964 | mean total loss 57.487029 | sum total loss 112904.525 | epoch time 129.2s
EPOCH 6 MEAN COMPONENTS | sdf_constraint_stage1 12.258 sdf_constraint_stage2 12.427 reconstructed_loss 1.469 inter 1.042 normal_constraint 15.092 grad_constraint 11.849 embeddings_constraint 3.350 template_reg 0.000 similarity_constraint 0.000
VALIDATION EPOCH 6 | steps 104 | mean total loss 56.912492
VALIDATION EPOCH 6 MEAN COMPONENTS | sdf_constraint_stage1 11.911 sdf_constraint_stage2 12.647 reconstructed_loss 1.627 inter 1.086 normal_constraint 14.609 grad_constraint 11.705 embeddings_constraint 3.327 template_reg 0.000 similarity_constraint 0.000
====================================================================================================
====================================================================================================
EPOCH 7 DONE | steps 1964 | mean total loss 54.999138 | sum total loss 108018.307 | epoch time 129.3s
EPOCH 7 MEAN COMPONENTS | sdf_constraint_stage1 11.760 sdf_constraint_stage2 11.921 reconstructed_loss 1.379 inter 0.973 normal_constraint 14.082 grad_constraint 11.630 embeddings_constraint 3.255 template_reg 0.000 similarity_constraint 0.000
VALIDATION EPOCH 7 | steps 104 | mean total loss 54.306557
VALIDATION EPOCH 7 MEAN COMPONENTS | sdf_constraint_stage1 11.600 sdf_constraint_stage2 11.936 reconstructed_loss 1.408 inter 0.855 normal_constraint 13.787 grad_constraint 11.508 embeddings_constraint 3.213 template_reg 0.000 similarity_constraint 0.000
====================================================================================================
====================================================================================================
EPOCH 8 DONE | steps 1964 | mean total loss 53.178268 | sum total loss 104442.118 | epoch time 129.2s
EPOCH 8 MEAN COMPONENTS | sdf_constraint_stage1 11.418 sdf_constraint_stage2 11.554 reconstructed_loss 1.321 inter 0.926 normal_constraint 13.330 grad_constraint 11.457 embeddings_constraint 3.173 template_reg 0.000 similarity_constraint 0.000
VALIDATION EPOCH 8 | steps 104 | mean total loss 54.059897
VALIDATION EPOCH 8 MEAN COMPONENTS | sdf_constraint_stage1 12.214 sdf_constraint_stage2 12.218 reconstructed_loss 1.197 inter 0.752 normal_constraint 13.130 grad_constraint 11.384 embeddings_constraint 3.164 template_reg 0.000 similarity_constraint 0.000
====================================================================================================
====================================================================================================
EPOCH 9 DONE | steps 1964 | mean total loss 51.472313 | sum total loss 101091.624 | epoch time 129.4s
EPOCH 9 MEAN COMPONENTS | sdf_constraint_stage1 11.050 sdf_constraint_stage2 11.165 reconstructed_loss 1.237 inter 0.890 normal_constraint 12.726 grad_constraint 11.292 embeddings_constraint 3.112 template_reg 0.000 similarity_constraint 0.000
VALIDATION EPOCH 9 | steps 104 | mean total loss 51.115910
VALIDATION EPOCH 9 MEAN COMPONENTS | sdf_constraint_stage1 10.856 sdf_constraint_stage2 11.045 reconstructed_loss 1.359 inter 0.909 normal_constraint 12.575 grad_constraint 11.246 embeddings_constraint 3.126 template_reg 0.000 similarity_constraint 0.000
====================================================================================================
====================================================================================================
EPOCH 10 DONE | steps 1964 | mean total loss 50.091559 | sum total loss 98379.822 | epoch time 180.1s
EPOCH 10 MEAN COMPONENTS | sdf_constraint_stage1 10.729 sdf_constraint_stage2 10.866 reconstructed_loss 1.194 inter 0.862 normal_constraint 12.233 grad_constraint 11.154 embeddings_constraint 3.052 template_reg 0.000 similarity_constraint 0.000
VALIDATION EPOCH 10 | steps 104 | mean total loss 50.190697
VALIDATION EPOCH 10 MEAN COMPONENTS | sdf_constraint_stage1 10.703 sdf_constraint_stage2 11.335 reconstructed_loss 1.190 inter 0.768 normal_constraint 12.077 grad_constraint 11.129 embeddings_constraint 2.988 template_reg 0.000 similarity_constraint 0.000
====================================================================================================
====================================================================================================
EPOCH 11 DONE | steps 1964 | mean total loss 49.182644 | sum total loss 96594.713 | epoch time 143.4s
EPOCH 11 MEAN COMPONENTS | sdf_constraint_stage1 10.592 sdf_constraint_stage2 10.685 reconstructed_loss 1.168 inter 0.844 normal_constraint 11.854 grad_constraint 11.034 embeddings_constraint 3.007 template_reg 0.000 similarity_constraint 0.000
VALIDATION EPOCH 11 | steps 104 | mean total loss 47.362849
VALIDATION EPOCH 11 MEAN COMPONENTS | sdf_constraint_stage1 10.197 sdf_constraint_stage2 9.800 reconstructed_loss 0.941 inter 0.825 normal_constraint 11.687 grad_constraint 10.950 embeddings_constraint 2.962 template_reg 0.000 similarity_constraint 0.000
====================================================================================================
====================================================================================================
EPOCH 12 DONE | steps 1964 | mean total loss 47.890008 | sum total loss 94055.977 | epoch time 129.4s
EPOCH 12 MEAN COMPONENTS | sdf_constraint_stage1 10.277 sdf_constraint_stage2 10.365 reconstructed_loss 1.101 inter 0.822 normal_constraint 11.467 grad_constraint 10.905 embeddings_constraint 2.952 template_reg 0.000 similarity_constraint 0.000
VALIDATION EPOCH 12 | steps 104 | mean total loss 47.187281
VALIDATION EPOCH 12 MEAN COMPONENTS | sdf_constraint_stage1 9.834 sdf_constraint_stage2 10.473 reconstructed_loss 1.024 inter 0.771 normal_constraint 11.297 grad_constraint 10.857 embeddings_constraint 2.931 template_reg 0.000 similarity_constraint 0.000
====================================================================================================
====================================================================================================
EPOCH 13 DONE | steps 1964 | mean total loss 47.254325 | sum total loss 92807.495 | epoch time 129.4s
EPOCH 13 MEAN COMPONENTS | sdf_constraint_stage1 10.154 sdf_constraint_stage2 10.270 reconstructed_loss 1.107 inter 0.810 normal_constraint 11.189 grad_constraint 10.810 embeddings_constraint 2.915 template_reg 0.000 similarity_constraint 0.000
VALIDATION EPOCH 13 | steps 104 | mean total loss 46.094068
VALIDATION EPOCH 13 MEAN COMPONENTS | sdf_constraint_stage1 9.708 sdf_constraint_stage2 9.849 reconstructed_loss 1.068 inter 0.793 normal_constraint 11.069 grad_constraint 10.716 embeddings_constraint 2.890 template_reg 0.000 similarity_constraint 0.000
====================================================================================================
====================================================================================================
EPOCH 14 DONE | steps 1964 | mean total loss 46.375624 | sum total loss 91081.725 | epoch time 129.4s
EPOCH 14 MEAN COMPONENTS | sdf_constraint_stage1 9.959 sdf_constraint_stage2 10.043 reconstructed_loss 1.054 inter 0.797 normal_constraint 10.927 grad_constraint 10.715 embeddings_constraint 2.881 template_reg 0.000 similarity_constraint 0.000
VALIDATION EPOCH 14 | steps 104 | mean total loss 45.419290
VALIDATION EPOCH 14 MEAN COMPONENTS | sdf_constraint_stage1 9.601 sdf_constraint_stage2 9.459 reconstructed_loss 1.017 inter 0.805 normal_constraint 10.977 grad_constraint 10.699 embeddings_constraint 2.861 template_reg 0.000 similarity_constraint 0.000
====================================================================================================
====================================================================================================
EPOCH 15 DONE | steps 1964 | mean total loss 45.700869 | sum total loss 89756.506 | epoch time 129.3s
EPOCH 15 MEAN COMPONENTS | sdf_constraint_stage1 9.813 sdf_constraint_stage2 9.911 reconstructed_loss 1.040 inter 0.787 normal_constraint 10.692 grad_constraint 10.621 embeddings_constraint 2.836 template_reg 0.000 similarity_constraint 0.000
VALIDATION EPOCH 15 | steps 104 | mean total loss 45.799380
VALIDATION EPOCH 15 MEAN COMPONENTS | sdf_constraint_stage1 9.643 sdf_constraint_stage2 10.066 reconstructed_loss 1.060 inter 0.746 normal_constraint 10.817 grad_constraint 10.641 embeddings_constraint 2.826 template_reg 0.000 similarity_constraint 0.000
====================================================================================================
====================================================================================================
EPOCH 16 DONE | steps 1964 | mean total loss 45.166314 | sum total loss 88706.641 | epoch time 129.4s
EPOCH 16 MEAN COMPONENTS | sdf_constraint_stage1 9.695 sdf_constraint_stage2 9.794 reconstructed_loss 1.024 inter 0.777 normal_constraint 10.515 grad_constraint 10.546 embeddings_constraint 2.815 template_reg 0.000 similarity_constraint 0.000
VALIDATION EPOCH 16 | steps 104 | mean total loss 45.467041
VALIDATION EPOCH 16 MEAN COMPONENTS | sdf_constraint_stage1 9.535 sdf_constraint_stage2 10.211 reconstructed_loss 1.176 inter 0.713 normal_constraint 10.505 grad_constraint 10.510 embeddings_constraint 2.818 template_reg 0.000 similarity_constraint 0.000
====================================================================================================
====================================================================================================
EPOCH 17 DONE | steps 1964 | mean total loss 44.434268 | sum total loss 87268.903 | epoch time 129.1s
EPOCH 17 MEAN COMPONENTS | sdf_constraint_stage1 9.513 sdf_constraint_stage2 9.611 reconstructed_loss 0.989 inter 0.768 normal_constraint 10.314 grad_constraint 10.461 embeddings_constraint 2.779 template_reg 0.000 similarity_constraint 0.000
VALIDATION EPOCH 17 | steps 104 | mean total loss 43.770991
VALIDATION EPOCH 17 MEAN COMPONENTS | sdf_constraint_stage1 9.258 sdf_constraint_stage2 9.364 reconstructed_loss 0.931 inter 0.805 normal_constraint 10.255 grad_constraint 10.431 embeddings_constraint 2.727 template_reg 0.000 similarity_constraint 0.000
====================================================================================================
====================================================================================================
EPOCH 18 DONE | steps 1964 | mean total loss 43.859339 | sum total loss 86139.742 | epoch time 129.2s
EPOCH 18 MEAN COMPONENTS | sdf_constraint_stage1 9.399 sdf_constraint_stage2 9.469 reconstructed_loss 0.960 inter 0.762 normal_constraint 10.142 grad_constraint 10.383 embeddings_constraint 2.744 template_reg 0.000 similarity_constraint 0.000
VALIDATION EPOCH 18 | steps 104 | mean total loss 43.558954
VALIDATION EPOCH 18 MEAN COMPONENTS | sdf_constraint_stage1 9.278 sdf_constraint_stage2 9.350 reconstructed_loss 0.916 inter 0.723 normal_constraint 10.196 grad_constraint 10.375 embeddings_constraint 2.720 template_reg 0.000 similarity_constraint 0.000
====================================================================================================
====================================================================================================
EPOCH 19 DONE | steps 1964 | mean total loss 43.386241 | sum total loss 85210.578 | epoch time 129.6s
EPOCH 19 MEAN COMPONENTS | sdf_constraint_stage1 9.279 sdf_constraint_stage2 9.366 reconstructed_loss 0.954 inter 0.755 normal_constraint 9.991 grad_constraint 10.318 embeddings_constraint 2.724 template_reg 0.000 similarity_constraint 0.000
VALIDATION EPOCH 19 | steps 104 | mean total loss 45.031811
VALIDATION EPOCH 19 MEAN COMPONENTS | sdf_constraint_stage1 9.841 sdf_constraint_stage2 10.136 reconstructed_loss 1.062 inter 0.715 normal_constraint 10.222 grad_constraint 10.354 embeddings_constraint 2.702 template_reg 0.000 similarity_constraint 0.000
====================================================================================================
====================================================================================================
EPOCH 20 DONE | steps 1964 | mean total loss 43.136995 | sum total loss 84721.058 | epoch time 129.2s
EPOCH 20 MEAN COMPONENTS | sdf_constraint_stage1 9.246 sdf_constraint_stage2 9.338 reconstructed_loss 0.950 inter 0.749 normal_constraint 9.884 grad_constraint 10.262 embeddings_constraint 2.707 template_reg 0.000 similarity_constraint 0.000
VALIDATION EPOCH 20 | steps 104 | mean total loss 42.086680
VALIDATION EPOCH 20 MEAN COMPONENTS | sdf_constraint_stage1 8.781 sdf_constraint_stage2 8.854 reconstructed_loss 0.879 inter 0.782 normal_constraint 9.823 grad_constraint 10.241 embeddings_constraint 2.727 template_reg 0.000 similarity_constraint 0.000
====================================================================================================
====================================================================================================
EPOCH 21 DONE | steps 1964 | mean total loss 42.614431 | sum total loss 83694.742 | epoch time 129.4s
EPOCH 21 MEAN COMPONENTS | sdf_constraint_stage1 9.128 sdf_constraint_stage2 9.197 reconstructed_loss 0.924 inter 0.744 normal_constraint 9.745 grad_constraint 10.190 embeddings_constraint 2.687 template_reg 0.000 similarity_constraint 0.000
VALIDATION EPOCH 21 | steps 104 | mean total loss 43.310366
VALIDATION EPOCH 21 MEAN COMPONENTS | sdf_constraint_stage1 9.154 sdf_constraint_stage2 9.597 reconstructed_loss 0.993 inter 0.745 normal_constraint 9.933 grad_constraint 10.191 embeddings_constraint 2.696 template_reg 0.000 similarity_constraint 0.000
====================================================================================================
====================================================================================================
EPOCH 22 DONE | steps 1964 | mean total loss 42.076170 | sum total loss 82637.597 | epoch time 129.4s
EPOCH 22 MEAN COMPONENTS | sdf_constraint_stage1 8.978 sdf_constraint_stage2 9.078 reconstructed_loss 0.911 inter 0.738 normal_constraint 9.594 grad_constraint 10.121 embeddings_constraint 2.656 template_reg 0.000 similarity_constraint 0.000
VALIDATION EPOCH 22 | steps 104 | mean total loss 42.707948
VALIDATION EPOCH 22 MEAN COMPONENTS | sdf_constraint_stage1 9.213 sdf_constraint_stage2 9.475 reconstructed_loss 0.909 inter 0.669 normal_constraint 9.711 grad_constraint 10.118 embeddings_constraint 2.614 template_reg 0.000 similarity_constraint 0.000
====================================================================================================
====================================================================================================
EPOCH 23 DONE | steps 1964 | mean total loss 41.724194 | sum total loss 81946.317 | epoch time 130.9s
EPOCH 23 MEAN COMPONENTS | sdf_constraint_stage1 8.895 sdf_constraint_stage2 8.988 reconstructed_loss 0.897 inter 0.734 normal_constraint 9.504 grad_constraint 10.070 embeddings_constraint 2.635 template_reg 0.000 similarity_constraint 0.000
VALIDATION EPOCH 23 | steps 104 | mean total loss 42.403027
VALIDATION EPOCH 23 MEAN COMPONENTS | sdf_constraint_stage1 9.033 sdf_constraint_stage2 9.265 reconstructed_loss 1.059 inter 0.796 normal_constraint 9.550 grad_constraint 10.112 embeddings_constraint 2.587 template_reg 0.000 similarity_constraint 0.000
====================================================================================================
====================================================================================================
EPOCH 24 DONE | steps 1964 | mean total loss 41.487126 | sum total loss 81480.715 | epoch time 129.5s
EPOCH 24 MEAN COMPONENTS | sdf_constraint_stage1 8.867 sdf_constraint_stage2 8.950 reconstructed_loss 0.892 inter 0.729 normal_constraint 9.411 grad_constraint 10.020 embeddings_constraint 2.618 template_reg 0.000 similarity_constraint 0.000
VALIDATION EPOCH 24 | steps 104 | mean total loss 40.647839
VALIDATION EPOCH 24 MEAN COMPONENTS | sdf_constraint_stage1 8.547 sdf_constraint_stage2 8.676 reconstructed_loss 0.804 inter 0.726 normal_constraint 9.364 grad_constraint 9.977 embeddings_constraint 2.555 template_reg 0.000 similarity_constraint 0.000
====================================================================================================
====================================================================================================
EPOCH 25 DONE | steps 1964 | mean total loss 41.078578 | sum total loss 80678.327 | epoch time 129.4s
EPOCH 25 MEAN COMPONENTS | sdf_constraint_stage1 8.755 sdf_constraint_stage2 8.853 reconstructed_loss 0.873 inter 0.726 normal_constraint 9.309 grad_constraint 9.967 embeddings_constraint 2.596 template_reg 0.000 similarity_constraint 0.000
VALIDATION EPOCH 25 | steps 104 | mean total loss 41.683782
VALIDATION EPOCH 25 MEAN COMPONENTS | sdf_constraint_stage1 8.920 sdf_constraint_stage2 9.057 reconstructed_loss 0.857 inter 0.696 normal_constraint 9.532 grad_constraint 10.015 embeddings_constraint 2.606 template_reg 0.000 similarity_constraint 0.000
====================================================================================================
====================================================================================================
EPOCH 26 DONE | steps 1964 | mean total loss 40.847601 | sum total loss 80224.688 | epoch time 129.5s
EPOCH 26 MEAN COMPONENTS | sdf_constraint_stage1 8.714 sdf_constraint_stage2 8.812 reconstructed_loss 0.874 inter 0.722 normal_constraint 9.225 grad_constraint 9.919 embeddings_constraint 2.581 template_reg 0.000 similarity_constraint 0.000
VALIDATION EPOCH 26 | steps 104 | mean total loss 40.407534
VALIDATION EPOCH 26 MEAN COMPONENTS | sdf_constraint_stage1 8.502 sdf_constraint_stage2 8.434 reconstructed_loss 0.948 inter 0.783 normal_constraint 9.248 grad_constraint 9.936 embeddings_constraint 2.556 template_reg 0.000 similarity_constraint 0.000
====================================================================================================
====================================================================================================
EPOCH 27 DONE | steps 1964 | mean total loss 40.432221 | sum total loss 79408.881 | epoch time 129.4s
EPOCH 27 MEAN COMPONENTS | sdf_constraint_stage1 8.615 sdf_constraint_stage2 8.704 reconstructed_loss 0.851 inter 0.718 normal_constraint 9.129 grad_constraint 9.863 embeddings_constraint 2.552 template_reg 0.000 similarity_constraint 0.000
VALIDATION EPOCH 27 | steps 104 | mean total loss 41.235904
VALIDATION EPOCH 27 MEAN COMPONENTS | sdf_constraint_stage1 8.780 sdf_constraint_stage2 9.011 reconstructed_loss 0.941 inter 0.673 normal_constraint 9.325 grad_constraint 9.932 embeddings_constraint 2.575 template_reg 0.000 similarity_constraint 0.000
====================================================================================================
====================================================================================================
EPOCH 28 DONE | steps 1964 | mean total loss 40.213814 | sum total loss 78979.931 | epoch time 129.5s
EPOCH 28 MEAN COMPONENTS | sdf_constraint_stage1 8.566 sdf_constraint_stage2 8.658 reconstructed_loss 0.843 inter 0.716 normal_constraint 9.061 grad_constraint 9.822 embeddings_constraint 2.546 template_reg 0.000 similarity_constraint 0.000
VALIDATION EPOCH 28 | steps 104 | mean total loss 40.041918
VALIDATION EPOCH 28 MEAN COMPONENTS | sdf_constraint_stage1 8.420 sdf_constraint_stage2 8.678 reconstructed_loss 0.814 inter 0.672 normal_constraint 9.113 grad_constraint 9.842 embeddings_constraint 2.503 template_reg 0.000 similarity_constraint 0.000
====================================================================================================
====================================================================================================
EPOCH 29 DONE | steps 1964 | mean total loss 39.927397 | sum total loss 78417.408 | epoch time 129.7s
EPOCH 29 MEAN COMPONENTS | sdf_constraint_stage1 8.504 sdf_constraint_stage2 8.600 reconstructed_loss 0.836 inter 0.713 normal_constraint 8.979 grad_constraint 9.776 embeddings_constraint 2.520 template_reg 0.000 similarity_constraint 0.000
VALIDATION EPOCH 29 | steps 104 | mean total loss 40.775428
VALIDATION EPOCH 29 MEAN COMPONENTS | sdf_constraint_stage1 9.059 sdf_constraint_stage2 8.648 reconstructed_loss 0.849 inter 0.791 normal_constraint 9.120 grad_constraint 9.779 embeddings_constraint 2.529 template_reg 0.000 similarity_constraint 0.000
====================================================================================================
====================================================================================================
EPOCH 30 DONE | steps 1964 | mean total loss 39.477992 | sum total loss 77534.776 | epoch time 129.4s
EPOCH 30 MEAN COMPONENTS | sdf_constraint_stage1 8.368 sdf_constraint_stage2 8.474 reconstructed_loss 0.820 inter 0.708 normal_constraint 8.890 grad_constraint 9.723 embeddings_constraint 2.496 template_reg 0.000 similarity_constraint 0.000
VALIDATION EPOCH 30 | steps 104 | mean total loss 39.920948
VALIDATION EPOCH 30 MEAN COMPONENTS | sdf_constraint_stage1 8.525 sdf_constraint_stage2 8.497 reconstructed_loss 0.782 inter 0.773 normal_constraint 9.046 grad_constraint 9.787 embeddings_constraint 2.509 template_reg 0.000 similarity_constraint 0.000
====================================================================================================
====================================================================================================
EPOCH 31 DONE | steps 1964 | mean total loss 39.233234 | sum total loss 77054.072 | epoch time 129.3s
EPOCH 31 MEAN COMPONENTS | sdf_constraint_stage1 8.320 sdf_constraint_stage2 8.420 reconstructed_loss 0.810 inter 0.705 normal_constraint 8.818 grad_constraint 9.683 embeddings_constraint 2.477 template_reg 0.000 similarity_constraint 0.000
VALIDATION EPOCH 31 | steps 104 | mean total loss 38.854337
VALIDATION EPOCH 31 MEAN COMPONENTS | sdf_constraint_stage1 8.202 sdf_constraint_stage2 8.253 reconstructed_loss 0.705 inter 0.668 normal_constraint 8.874 grad_constraint 9.673 embeddings_constraint 2.479 template_reg 0.000 similarity_constraint 0.000
====================================================================================================
====================================================================================================
EPOCH 32 DONE | steps 1964 | mean total loss 39.259209 | sum total loss 77105.087 | epoch time 129.3s
EPOCH 32 MEAN COMPONENTS | sdf_constraint_stage1 8.357 sdf_constraint_stage2 8.475 reconstructed_loss 0.824 inter 0.703 normal_constraint 8.776 grad_constraint 9.652 embeddings_constraint 2.471 template_reg 0.000 similarity_constraint 0.000
VALIDATION EPOCH 32 | steps 104 | mean total loss 39.687769
VALIDATION EPOCH 32 MEAN COMPONENTS | sdf_constraint_stage1 8.369 sdf_constraint_stage2 8.696 reconstructed_loss 0.850 inter 0.732 normal_constraint 8.899 grad_constraint 9.677 embeddings_constraint 2.465 template_reg 0.000 similarity_constraint 0.000
====================================================================================================
====================================================================================================
EPOCH 33 DONE | steps 1964 | mean total loss 38.757923 | sum total loss 76120.561 | epoch time 129.5s
EPOCH 33 MEAN COMPONENTS | sdf_constraint_stage1 8.221 sdf_constraint_stage2 8.320 reconstructed_loss 0.799 inter 0.700 normal_constraint 8.681 grad_constraint 9.598 embeddings_constraint 2.438 template_reg 0.000 similarity_constraint 0.000
VALIDATION EPOCH 33 | steps 104 | mean total loss 37.956549
VALIDATION EPOCH 33 MEAN COMPONENTS | sdf_constraint_stage1 7.959 sdf_constraint_stage2 7.877 reconstructed_loss 0.749 inter 0.731 normal_constraint 8.666 grad_constraint 9.576 embeddings_constraint 2.400 template_reg 0.000 similarity_constraint 0.000
====================================================================================================
====================================================================================================
EPOCH 34 DONE | steps 1964 | mean total loss 38.604097 | sum total loss 75818.446 | epoch time 129.4s
EPOCH 34 MEAN COMPONENTS | sdf_constraint_stage1 8.184 sdf_constraint_stage2 8.289 reconstructed_loss 0.790 inter 0.699 normal_constraint 8.642 grad_constraint 9.570 embeddings_constraint 2.429 template_reg 0.000 similarity_constraint 0.000
VALIDATION EPOCH 34 | steps 104 | mean total loss 37.963611
VALIDATION EPOCH 34 MEAN COMPONENTS | sdf_constraint_stage1 7.857 sdf_constraint_stage2 7.915 reconstructed_loss 0.730 inter 0.677 normal_constraint 8.729 grad_constraint 9.594 embeddings_constraint 2.461 template_reg 0.000 similarity_constraint 0.000
====================================================================================================
====================================================================================================
EPOCH 35 DONE | steps 1964 | mean total loss 38.475124 | sum total loss 75565.143 | epoch time 129.4s
EPOCH 35 MEAN COMPONENTS | sdf_constraint_stage1 8.168 sdf_constraint_stage2 8.279 reconstructed_loss 0.795 inter 0.698 normal_constraint 8.583 grad_constraint 9.528 embeddings_constraint 2.423 template_reg 0.000 similarity_constraint 0.000
VALIDATION EPOCH 35 | steps 104 | mean total loss 37.861552
VALIDATION EPOCH 35 MEAN COMPONENTS | sdf_constraint_stage1 7.873 sdf_constraint_stage2 8.073 reconstructed_loss 0.736 inter 0.644 normal_constraint 8.638 grad_constraint 9.495 embeddings_constraint 2.401 template_reg 0.000 similarity_constraint 0.000
====================================================================================================
====================================================================================================
EPOCH 36 DONE | steps 1964 | mean total loss 38.079091 | sum total loss 74787.334 | epoch time 129.6s
EPOCH 36 MEAN COMPONENTS | sdf_constraint_stage1 8.044 sdf_constraint_stage2 8.174 reconstructed_loss 0.778 inter 0.695 normal_constraint 8.508 grad_constraint 9.487 embeddings_constraint 2.393 template_reg 0.000 similarity_constraint 0.000
VALIDATION EPOCH 36 | steps 104 | mean total loss 37.583943
VALIDATION EPOCH 36 MEAN COMPONENTS | sdf_constraint_stage1 7.682 sdf_constraint_stage2 8.024 reconstructed_loss 0.737 inter 0.714 normal_constraint 8.557 grad_constraint 9.506 embeddings_constraint 2.364 template_reg 0.000 similarity_constraint 0.000
====================================================================================================
====================================================================================================
EPOCH 37 DONE | steps 1964 | mean total loss 37.982053 | sum total loss 74596.753 | epoch time 129.5s
EPOCH 37 MEAN COMPONENTS | sdf_constraint_stage1 8.031 sdf_constraint_stage2 8.158 reconstructed_loss 0.782 inter 0.694 normal_constraint 8.470 grad_constraint 9.462 embeddings_constraint 2.385 template_reg 0.000 similarity_constraint 0.000
VALIDATION EPOCH 37 | steps 104 | mean total loss 38.072447
VALIDATION EPOCH 37 MEAN COMPONENTS | sdf_constraint_stage1 8.071 sdf_constraint_stage2 7.988 reconstructed_loss 0.788 inter 0.700 normal_constraint 8.618 grad_constraint 9.535 embeddings_constraint 2.373 template_reg 0.000 similarity_constraint 0.000
====================================================================================================
====================================================================================================
EPOCH 38 DONE | steps 1964 | mean total loss 37.845118 | sum total loss 74327.813 | epoch time 129.4s
EPOCH 38 MEAN COMPONENTS | sdf_constraint_stage1 8.017 sdf_constraint_stage2 8.143 reconstructed_loss 0.775 inter 0.691 normal_constraint 8.420 grad_constraint 9.426 embeddings_constraint 2.373 template_reg 0.000 similarity_constraint 0.000
VALIDATION EPOCH 38 | steps 104 | mean total loss 36.259168
VALIDATION EPOCH 38 MEAN COMPONENTS | sdf_constraint_stage1 7.286 sdf_constraint_stage2 7.682 reconstructed_loss 0.695 inter 0.664 normal_constraint 8.294 grad_constraint 9.323 embeddings_constraint 2.316 template_reg 0.000 similarity_constraint 0.000
====================================================================================================
====================================================================================================
EPOCH 39 DONE | steps 1964 | mean total loss 37.399744 | sum total loss 73453.096 | epoch time 129.3s
EPOCH 39 MEAN COMPONENTS | sdf_constraint_stage1 7.887 sdf_constraint_stage2 8.004 reconstructed_loss 0.751 inter 0.687 normal_constraint 8.349 grad_constraint 9.381 embeddings_constraint 2.341 template_reg 0.000 similarity_constraint 0.000
VALIDATION EPOCH 39 | steps 104 | mean total loss 36.977521
VALIDATION EPOCH 39 MEAN COMPONENTS | sdf_constraint_stage1 7.660 sdf_constraint_stage2 7.978 reconstructed_loss 0.754 inter 0.659 normal_constraint 8.315 grad_constraint 9.337 embeddings_constraint 2.275 template_reg 0.000 similarity_constraint 0.000
====================================================================================================
====================================================================================================
EPOCH 40 DONE | steps 1964 | mean total loss 37.331060 | sum total loss 73318.202 | epoch time 129.4s
EPOCH 40 MEAN COMPONENTS | sdf_constraint_stage1 7.874 sdf_constraint_stage2 8.003 reconstructed_loss 0.759 inter 0.687 normal_constraint 8.317 grad_constraint 9.355 embeddings_constraint 2.334 template_reg 0.000 similarity_constraint 0.000
VALIDATION EPOCH 40 | steps 104 | mean total loss 38.546510
VALIDATION EPOCH 40 MEAN COMPONENTS | sdf_constraint_stage1 8.666 sdf_constraint_stage2 8.247 reconstructed_loss 0.734 inter 0.753 normal_constraint 8.456 grad_constraint 9.381 embeddings_constraint 2.308 template_reg 0.000 similarity_constraint 0.000
====================================================================================================
====================================================================================================
EPOCH 41 DONE | steps 1964 | mean total loss 37.248614 | sum total loss 73156.278 | epoch time 129.3s
EPOCH 41 MEAN COMPONENTS | sdf_constraint_stage1 7.875 sdf_constraint_stage2 7.997 reconstructed_loss 0.755 inter 0.686 normal_constraint 8.275 grad_constraint 9.326 embeddings_constraint 2.334 template_reg 0.000 similarity_constraint 0.000
VALIDATION EPOCH 41 | steps 104 | mean total loss 37.555983
VALIDATION EPOCH 41 MEAN COMPONENTS | sdf_constraint_stage1 7.743 sdf_constraint_stage2 8.262 reconstructed_loss 0.851 inter 0.672 normal_constraint 8.381 grad_constraint 9.338 embeddings_constraint 2.310 template_reg 0.000 similarity_constraint 0.000
====================================================================================================
====================================================================================================
EPOCH 42 DONE | steps 1964 | mean total loss 37.060296 | sum total loss 72786.421 | epoch time 129.4s
EPOCH 42 MEAN COMPONENTS | sdf_constraint_stage1 7.837 sdf_constraint_stage2 7.956 reconstructed_loss 0.748 inter 0.685 normal_constraint 8.227 grad_constraint 9.293 embeddings_constraint 2.315 template_reg 0.000 similarity_constraint 0.000
VALIDATION EPOCH 42 | steps 104 | mean total loss 36.116589
VALIDATION EPOCH 42 MEAN COMPONENTS | sdf_constraint_stage1 7.365 sdf_constraint_stage2 7.507 reconstructed_loss 0.733 inter 0.687 normal_constraint 8.220 grad_constraint 9.274 embeddings_constraint 2.330 template_reg 0.000 similarity_constraint 0.000
====================================================================================================
====================================================================================================
EPOCH 43 DONE | steps 1964 | mean total loss 36.801929 | sum total loss 72278.988 | epoch time 130.1s
EPOCH 43 MEAN COMPONENTS | sdf_constraint_stage1 7.760 sdf_constraint_stage2 7.876 reconstructed_loss 0.736 inter 0.682 normal_constraint 8.182 grad_constraint 9.259 embeddings_constraint 2.308 template_reg 0.000 similarity_constraint 0.000
VALIDATION EPOCH 43 | steps 104 | mean total loss 37.284830
VALIDATION EPOCH 43 MEAN COMPONENTS | sdf_constraint_stage1 7.979 sdf_constraint_stage2 8.147 reconstructed_loss 0.748 inter 0.630 normal_constraint 8.248 grad_constraint 9.276 embeddings_constraint 2.257 template_reg 0.000 similarity_constraint 0.000
====================================================================================================
====================================================================================================
EPOCH 44 DONE | steps 1964 | mean total loss 36.630056 | sum total loss 71941.430 | epoch time 130.1s
EPOCH 44 MEAN COMPONENTS | sdf_constraint_stage1 7.718 sdf_constraint_stage2 7.852 reconstructed_loss 0.736 inter 0.679 normal_constraint 8.134 grad_constraint 9.227 embeddings_constraint 2.284 template_reg 0.000 similarity_constraint 0.000
VALIDATION EPOCH 44 | steps 104 | mean total loss 37.681606
VALIDATION EPOCH 44 MEAN COMPONENTS | sdf_constraint_stage1 7.964 sdf_constraint_stage2 8.154 reconstructed_loss 0.885 inter 0.746 normal_constraint 8.309 grad_constraint 9.314 embeddings_constraint 2.309 template_reg 0.000 similarity_constraint 0.000
====================================================================================================
====================================================================================================
EPOCH 45 DONE | steps 1964 | mean total loss 36.340033 | sum total loss 71371.824 | epoch time 129.6s
EPOCH 45 MEAN COMPONENTS | sdf_constraint_stage1 7.642 sdf_constraint_stage2 7.770 reconstructed_loss 0.722 inter 0.677 normal_constraint 8.077 grad_constraint 9.189 embeddings_constraint 2.262 template_reg 0.000 similarity_constraint 0.000
VALIDATION EPOCH 45 | steps 104 | mean total loss 35.713289
VALIDATION EPOCH 45 MEAN COMPONENTS | sdf_constraint_stage1 7.255 sdf_constraint_stage2 7.550 reconstructed_loss 0.738 inter 0.671 normal_constraint 8.106 grad_constraint 9.174 embeddings_constraint 2.219 template_reg 0.000 similarity_constraint 0.000
====================================================================================================
====================================================================================================
EPOCH 46 DONE | steps 1964 | mean total loss 36.491286 | sum total loss 71668.886 | epoch time 129.5s
EPOCH 46 MEAN COMPONENTS | sdf_constraint_stage1 7.702 sdf_constraint_stage2 7.848 reconstructed_loss 0.742 inter 0.677 normal_constraint 8.075 grad_constraint 9.179 embeddings_constraint 2.268 template_reg 0.000 similarity_constraint 0.000
VALIDATION EPOCH 46 | steps 104 | mean total loss 36.293887
VALIDATION EPOCH 46 MEAN COMPONENTS | sdf_constraint_stage1 7.737 sdf_constraint_stage2 7.801 reconstructed_loss 0.632 inter 0.604 normal_constraint 8.094 grad_constraint 9.156 embeddings_constraint 2.269 template_reg 0.000 similarity_constraint 0.000
====================================================================================================
====================================================================================================
EPOCH 47 DONE | steps 1964 | mean total loss 36.182548 | sum total loss 71062.524 | epoch time 129.6s
EPOCH 47 MEAN COMPONENTS | sdf_constraint_stage1 7.628 sdf_constraint_stage2 7.757 reconstructed_loss 0.722 inter 0.676 normal_constraint 8.016 grad_constraint 9.137 embeddings_constraint 2.247 template_reg 0.000 similarity_constraint 0.000
VALIDATION EPOCH 47 | steps 104 | mean total loss 36.338441
VALIDATION EPOCH 47 MEAN COMPONENTS | sdf_constraint_stage1 7.575 sdf_constraint_stage2 7.669 reconstructed_loss 0.679 inter 0.662 normal_constraint 8.227 grad_constraint 9.244 embeddings_constraint 2.283 template_reg 0.000 similarity_constraint 0.000
====================================================================================================
====================================================================================================
EPOCH 48 DONE | steps 1964 | mean total loss 35.942933 | sum total loss 70591.921 | epoch time 129.3s
EPOCH 48 MEAN COMPONENTS | sdf_constraint_stage1 7.543 sdf_constraint_stage2 7.686 reconstructed_loss 0.713 inter 0.674 normal_constraint 7.977 grad_constraint 9.111 embeddings_constraint 2.239 template_reg 0.000 similarity_constraint 0.000
VALIDATION EPOCH 48 | steps 104 | mean total loss 36.115711
VALIDATION EPOCH 48 MEAN COMPONENTS | sdf_constraint_stage1 7.379 sdf_constraint_stage2 7.692 reconstructed_loss 0.821 inter 0.682 normal_constraint 8.098 grad_constraint 9.170 embeddings_constraint 2.274 template_reg 0.000 similarity_constraint 0.000
====================================================================================================
====================================================================================================
EPOCH 49 DONE | steps 1964 | mean total loss 35.898014 | sum total loss 70503.700 | epoch time 129.5s
EPOCH 49 MEAN COMPONENTS | sdf_constraint_stage1 7.548 sdf_constraint_stage2 7.703 reconstructed_loss 0.718 inter 0.674 normal_constraint 7.942 grad_constraint 9.083 embeddings_constraint 2.230 template_reg 0.000 similarity_constraint 0.000
VALIDATION EPOCH 49 | steps 104 | mean total loss 35.256415
VALIDATION EPOCH 49 MEAN COMPONENTS | sdf_constraint_stage1 7.208 sdf_constraint_stage2 7.382 reconstructed_loss 0.625 inter 0.694 normal_constraint 8.024 grad_constraint 9.106 embeddings_constraint 2.217 template_reg 0.000 similarity_constraint 0.000
====================================================================================================
====================================================================================================
EPOCH 50 DONE | steps 1964 | mean total loss 35.671896 | sum total loss 70059.604 | epoch time 129.4s
EPOCH 50 MEAN COMPONENTS | sdf_constraint_stage1 7.481 sdf_constraint_stage2 7.633 reconstructed_loss 0.705 inter 0.671 normal_constraint 7.903 grad_constraint 9.058 embeddings_constraint 2.220 template_reg 0.000 similarity_constraint 0.000
VALIDATION EPOCH 50 | steps 104 | mean total loss 35.477669
VALIDATION EPOCH 50 MEAN COMPONENTS | sdf_constraint_stage1 7.213 sdf_constraint_stage2 7.627 reconstructed_loss 0.796 inter 0.650 normal_constraint 7.959 grad_constraint 9.044 embeddings_constraint 2.190 template_reg 0.000 similarity_constraint 0.000
====================================================================================================
====================================================================================================
EPOCH 51 DONE | steps 1964 | mean total loss 35.509243 | sum total loss 69740.154 | epoch time 129.3s
EPOCH 51 MEAN COMPONENTS | sdf_constraint_stage1 7.450 sdf_constraint_stage2 7.604 reconstructed_loss 0.705 inter 0.670 normal_constraint 7.862 grad_constraint 9.028 embeddings_constraint 2.189 template_reg 0.000 similarity_constraint 0.000
VALIDATION EPOCH 51 | steps 104 | mean total loss 35.457322
VALIDATION EPOCH 51 MEAN COMPONENTS | sdf_constraint_stage1 7.478 sdf_constraint_stage2 7.596 reconstructed_loss 0.679 inter 0.617 normal_constraint 7.903 grad_constraint 9.003 embeddings_constraint 2.182 template_reg 0.000 similarity_constraint 0.000
====================================================================================================
====================================================================================================
EPOCH 52 DONE | steps 1964 | mean total loss 35.619244 | sum total loss 69956.194 | epoch time 129.3s
EPOCH 52 MEAN COMPONENTS | sdf_constraint_stage1 7.512 sdf_constraint_stage2 7.657 reconstructed_loss 0.715 inter 0.669 normal_constraint 7.856 grad_constraint 9.014 embeddings_constraint 2.196 template_reg 0.000 similarity_constraint 0.000
VALIDATION EPOCH 52 | steps 104 | mean total loss 35.090723
VALIDATION EPOCH 52 MEAN COMPONENTS | sdf_constraint_stage1 7.248 sdf_constraint_stage2 7.288 reconstructed_loss 0.701 inter 0.694 normal_constraint 7.923 grad_constraint 9.032 embeddings_constraint 2.204 template_reg 0.000 similarity_constraint 0.000
====================================================================================================
====================================================================================================
EPOCH 53 DONE | steps 1964 | mean total loss 35.313878 | sum total loss 69356.457 | epoch time 129.4s
EPOCH 53 MEAN COMPONENTS | sdf_constraint_stage1 7.399 sdf_constraint_stage2 7.565 reconstructed_loss 0.702 inter 0.668 normal_constraint 7.807 grad_constraint 8.980 embeddings_constraint 2.192 template_reg 0.000 similarity_constraint 0.000
VALIDATION EPOCH 53 | steps 104 | mean total loss 35.212169
VALIDATION EPOCH 53 MEAN COMPONENTS | sdf_constraint_stage1 7.458 sdf_constraint_stage2 7.426 reconstructed_loss 0.627 inter 0.697 normal_constraint 7.865 grad_constraint 8.987 embeddings_constraint 2.151 template_reg 0.000 similarity_constraint 0.000
====================================================================================================
====================================================================================================
EPOCH 54 DONE | steps 1964 | mean total loss 35.158743 | sum total loss 69051.771 | epoch time 129.5s
EPOCH 54 MEAN COMPONENTS | sdf_constraint_stage1 7.368 sdf_constraint_stage2 7.543 reconstructed_loss 0.698 inter 0.667 normal_constraint 7.771 grad_constraint 8.952 embeddings_constraint 2.159 template_reg 0.000 similarity_constraint 0.000
VALIDATION EPOCH 54 | steps 104 | mean total loss 35.897683
VALIDATION EPOCH 54 MEAN COMPONENTS | sdf_constraint_stage1 7.423 sdf_constraint_stage2 7.792 reconstructed_loss 0.942 inter 0.713 normal_constraint 7.870 grad_constraint 8.989 embeddings_constraint 2.169 template_reg 0.000 similarity_constraint 0.000
====================================================================================================
====================================================================================================
EPOCH 55 DONE | steps 1964 | mean total loss 35.140664 | sum total loss 69016.264 | epoch time 129.3s
EPOCH 55 MEAN COMPONENTS | sdf_constraint_stage1 7.396 sdf_constraint_stage2 7.540 reconstructed_loss 0.694 inter 0.665 normal_constraint 7.748 grad_constraint 8.929 embeddings_constraint 2.169 template_reg 0.000 similarity_constraint 0.000
VALIDATION EPOCH 55 | steps 104 | mean total loss 34.763779
VALIDATION EPOCH 55 MEAN COMPONENTS | sdf_constraint_stage1 7.334 sdf_constraint_stage2 7.222 reconstructed_loss 0.686 inter 0.727 normal_constraint 7.748 grad_constraint 8.923 embeddings_constraint 2.124 template_reg 0.000 similarity_constraint 0.000
====================================================================================================
====================================================================================================
EPOCH 56 DONE | steps 1964 | mean total loss 34.936277 | sum total loss 68614.848 | epoch time 129.3s
EPOCH 56 MEAN COMPONENTS | sdf_constraint_stage1 7.312 sdf_constraint_stage2 7.495 reconstructed_loss 0.696 inter 0.665 normal_constraint 7.713 grad_constraint 8.905 embeddings_constraint 2.150 template_reg 0.000 similarity_constraint 0.000
VALIDATION EPOCH 56 | steps 104 | mean total loss 34.041827
VALIDATION EPOCH 56 MEAN COMPONENTS | sdf_constraint_stage1 6.915 sdf_constraint_stage2 6.986 reconstructed_loss 0.715 inter 0.694 normal_constraint 7.723 grad_constraint 8.892 embeddings_constraint 2.117 template_reg 0.000 similarity_constraint 0.000
====================================================================================================
====================================================================================================
EPOCH 57 DONE | steps 1964 | mean total loss 34.818102 | sum total loss 68382.753 | epoch time 129.5s
EPOCH 57 MEAN COMPONENTS | sdf_constraint_stage1 7.297 sdf_constraint_stage2 7.479 reconstructed_loss 0.689 inter 0.663 normal_constraint 7.679 grad_constraint 8.880 embeddings_constraint 2.131 template_reg 0.000 similarity_constraint 0.000
VALIDATION EPOCH 57 | steps 104 | mean total loss 33.938617
VALIDATION EPOCH 57 MEAN COMPONENTS | sdf_constraint_stage1 6.909 sdf_constraint_stage2 7.096 reconstructed_loss 0.616 inter 0.656 normal_constraint 7.755 grad_constraint 8.860 embeddings_constraint 2.047 template_reg 0.000 similarity_constraint 0.000
====================================================================================================
====================================================================================================
EPOCH 58 DONE | steps 1964 | mean total loss 34.738241 | sum total loss 68225.905 | epoch time 129.3s
EPOCH 58 MEAN COMPONENTS | sdf_constraint_stage1 7.274 sdf_constraint_stage2 7.459 reconstructed_loss 0.692 inter 0.662 normal_constraint 7.662 grad_constraint 8.863 embeddings_constraint 2.126 template_reg 0.000 similarity_constraint 0.000
VALIDATION EPOCH 58 | steps 104 | mean total loss 34.511912
VALIDATION EPOCH 58 MEAN COMPONENTS | sdf_constraint_stage1 7.298 sdf_constraint_stage2 7.056 reconstructed_loss 0.571 inter 0.684 normal_constraint 7.817 grad_constraint 8.905 embeddings_constraint 2.181 template_reg 0.000 similarity_constraint 0.000
====================================================================================================
====================================================================================================
EPOCH 59 DONE | steps 1964 | mean total loss 34.608661 | sum total loss 67971.410 | epoch time 129.4s
EPOCH 59 MEAN COMPONENTS | sdf_constraint_stage1 7.257 sdf_constraint_stage2 7.429 reconstructed_loss 0.683 inter 0.662 normal_constraint 7.626 grad_constraint 8.834 embeddings_constraint 2.117 template_reg 0.000 similarity_constraint 0.000
VALIDATION EPOCH 59 | steps 104 | mean total loss 34.327567
VALIDATION EPOCH 59 MEAN COMPONENTS | sdf_constraint_stage1 7.080 sdf_constraint_stage2 7.234 reconstructed_loss 0.641 inter 0.652 normal_constraint 7.737 grad_constraint 8.886 embeddings_constraint 2.097 template_reg 0.000 similarity_constraint 0.000
====================================================================================================
====================================================================================================
EPOCH 60 DONE | steps 1964 | mean total loss 34.451329 | sum total loss 67662.409 | epoch time 129.4s
EPOCH 60 MEAN COMPONENTS | sdf_constraint_stage1 7.214 sdf_constraint_stage2 7.387 reconstructed_loss 0.674 inter 0.660 normal_constraint 7.600 grad_constraint 8.813 embeddings_constraint 2.103 template_reg 0.000 similarity_constraint 0.000
VALIDATION EPOCH 60 | steps 104 | mean total loss 37.213742
VALIDATION EPOCH 60 MEAN COMPONENTS | sdf_constraint_stage1 8.800 sdf_constraint_stage2 8.066 reconstructed_loss 0.698 inter 0.781 normal_constraint 7.795 grad_constraint 8.907 embeddings_constraint 2.165 template_reg 0.000 similarity_constraint 0.000
====================================================================================================
====================================================================================================
EPOCH 61 DONE | steps 1964 | mean total loss 34.266367 | sum total loss 67299.145 | epoch time 129.4s
EPOCH 61 MEAN COMPONENTS | sdf_constraint_stage1 7.154 sdf_constraint_stage2 7.328 reconstructed_loss 0.670 inter 0.659 normal_constraint 7.568 grad_constraint 8.788 embeddings_constraint 2.099 template_reg 0.000 similarity_constraint 0.000
VALIDATION EPOCH 61 | steps 104 | mean total loss 34.582507
VALIDATION EPOCH 61 MEAN COMPONENTS | sdf_constraint_stage1 7.244 sdf_constraint_stage2 7.272 reconstructed_loss 0.758 inter 0.697 normal_constraint 7.684 grad_constraint 8.822 embeddings_constraint 2.105 template_reg 0.000 similarity_constraint 0.000
====================================================================================================
====================================================================================================
EPOCH 62 DONE | steps 1964 | mean total loss 34.204354 | sum total loss 67177.352 | epoch time 129.3s
EPOCH 62 MEAN COMPONENTS | sdf_constraint_stage1 7.150 sdf_constraint_stage2 7.313 reconstructed_loss 0.663 inter 0.660 normal_constraint 7.551 grad_constraint 8.769 embeddings_constraint 2.097 template_reg 0.000 similarity_constraint 0.000
VALIDATION EPOCH 62 | steps 104 | mean total loss 34.012155
VALIDATION EPOCH 62 MEAN COMPONENTS | sdf_constraint_stage1 6.929 sdf_constraint_stage2 7.344 reconstructed_loss 0.644 inter 0.623 normal_constraint 7.614 grad_constraint 8.771 embeddings_constraint 2.086 template_reg 0.000 similarity_constraint 0.000
====================================================================================================
====================================================================================================
EPOCH 63 DONE | steps 1964 | mean total loss 34.132865 | sum total loss 67036.948 | epoch time 129.5s
EPOCH 63 MEAN COMPONENTS | sdf_constraint_stage1 7.138 sdf_constraint_stage2 7.330 reconstructed_loss 0.675 inter 0.657 normal_constraint 7.515 grad_constraint 8.744 embeddings_constraint 2.074 template_reg 0.000 similarity_constraint 0.000
VALIDATION EPOCH 63 | steps 104 | mean total loss 33.524772
VALIDATION EPOCH 63 MEAN COMPONENTS | sdf_constraint_stage1 6.920 sdf_constraint_stage2 6.871 reconstructed_loss 0.602 inter 0.655 normal_constraint 7.646 grad_constraint 8.765 embeddings_constraint 2.065 template_reg 0.000 similarity_constraint 0.000
====================================================================================================
====================================================================================================
EPOCH 64 DONE | steps 1964 | mean total loss 33.981029 | sum total loss 66738.740 | epoch time 129.3s
EPOCH 64 MEAN COMPONENTS | sdf_constraint_stage1 7.094 sdf_constraint_stage2 7.288 reconstructed_loss 0.668 inter 0.657 normal_constraint 7.488 grad_constraint 8.722 embeddings_constraint 2.065 template_reg 0.000 similarity_constraint 0.000
VALIDATION EPOCH 64 | steps 104 | mean total loss 33.936673
VALIDATION EPOCH 64 MEAN COMPONENTS | sdf_constraint_stage1 6.886 sdf_constraint_stage2 7.331 reconstructed_loss 0.750 inter 0.645 normal_constraint 7.565 grad_constraint 8.737 embeddings_constraint 2.022 template_reg 0.000 similarity_constraint 0.000
====================================================================================================
====================================================================================================
EPOCH 65 DONE | steps 1964 | mean total loss 33.992430 | sum total loss 66761.132 | epoch time 129.3s
EPOCH 65 MEAN COMPONENTS | sdf_constraint_stage1 7.126 sdf_constraint_stage2 7.307 reconstructed_loss 0.667 inter 0.656 normal_constraint 7.472 grad_constraint 8.706 embeddings_constraint 2.057 template_reg 0.000 similarity_constraint 0.000
VALIDATION EPOCH 65 | steps 104 | mean total loss 34.987857
VALIDATION EPOCH 65 MEAN COMPONENTS | sdf_constraint_stage1 7.638 sdf_constraint_stage2 7.327 reconstructed_loss 0.691 inter 0.722 normal_constraint 7.720 grad_constraint 8.831 embeddings_constraint 2.059 template_reg 0.000 similarity_constraint 0.000
====================================================================================================
====================================================================================================
EPOCH 66 DONE | steps 1964 | mean total loss 33.818167 | sum total loss 66418.880 | epoch time 129.1s
EPOCH 66 MEAN COMPONENTS | sdf_constraint_stage1 7.058 sdf_constraint_stage2 7.239 reconstructed_loss 0.658 inter 0.655 normal_constraint 7.456 grad_constraint 8.687 embeddings_constraint 2.065 template_reg 0.000 similarity_constraint 0.000
VALIDATION EPOCH 66 | steps 104 | mean total loss 35.701188
VALIDATION EPOCH 66 MEAN COMPONENTS | sdf_constraint_stage1 7.854 sdf_constraint_stage2 8.313 reconstructed_loss 0.735 inter 0.579 normal_constraint 7.534 grad_constraint 8.695 embeddings_constraint 1.991 template_reg 0.000 similarity_constraint 0.000
====================================================================================================
====================================================================================================
EPOCH 67 DONE | steps 1964 | mean total loss 33.788043 | sum total loss 66359.717 | epoch time 129.7s
EPOCH 67 MEAN COMPONENTS | sdf_constraint_stage1 7.072 sdf_constraint_stage2 7.250 reconstructed_loss 0.662 inter 0.655 normal_constraint 7.434 grad_constraint 8.669 embeddings_constraint 2.047 template_reg 0.000 similarity_constraint 0.000
VALIDATION EPOCH 67 | steps 104 | mean total loss 34.138744
VALIDATION EPOCH 67 MEAN COMPONENTS | sdf_constraint_stage1 6.855 sdf_constraint_stage2 7.655 reconstructed_loss 0.771 inter 0.614 normal_constraint 7.457 grad_constraint 8.648 embeddings_constraint 2.138 template_reg 0.000 similarity_constraint 0.000
====================================================================================================
====================================================================================================
EPOCH 68 DONE | steps 1964 | mean total loss 33.519067 | sum total loss 65831.448 | epoch time 129.4s
EPOCH 68 MEAN COMPONENTS | sdf_constraint_stage1 6.975 sdf_constraint_stage2 7.183 reconstructed_loss 0.654 inter 0.653 normal_constraint 7.391 grad_constraint 8.632 embeddings_constraint 2.032 template_reg 0.000 similarity_constraint 0.000
VALIDATION EPOCH 68 | steps 104 | mean total loss 32.881076
VALIDATION EPOCH 68 MEAN COMPONENTS | sdf_constraint_stage1 6.538 sdf_constraint_stage2 7.062 reconstructed_loss 0.661 inter 0.641 normal_constraint 7.385 grad_constraint 8.582 embeddings_constraint 2.011 template_reg 0.000 similarity_constraint 0.000
====================================================================================================
====================================================================================================
EPOCH 69 DONE | steps 1964 | mean total loss 33.720694 | sum total loss 66227.443 | epoch time 129.3s
EPOCH 69 MEAN COMPONENTS | sdf_constraint_stage1 7.073 sdf_constraint_stage2 7.266 reconstructed_loss 0.667 inter 0.655 normal_constraint 7.392 grad_constraint 8.631 embeddings_constraint 2.036 template_reg 0.000 similarity_constraint 0.000
VALIDATION EPOCH 69 | steps 104 | mean total loss 33.983078
VALIDATION EPOCH 69 MEAN COMPONENTS | sdf_constraint_stage1 7.013 sdf_constraint_stage2 7.224 reconstructed_loss 0.645 inter 0.633 normal_constraint 7.653 grad_constraint 8.730 embeddings_constraint 2.084 template_reg 0.000 similarity_constraint 0.000
====================================================================================================
====================================================================================================
EPOCH 70 DONE | steps 1964 | mean total loss 33.315537 | sum total loss 65431.714 | epoch time 129.4s
EPOCH 70 MEAN COMPONENTS | sdf_constraint_stage1 6.925 sdf_constraint_stage2 7.133 reconstructed_loss 0.644 inter 0.651 normal_constraint 7.345 grad_constraint 8.596 embeddings_constraint 2.021 template_reg 0.000 similarity_constraint 0.000
VALIDATION EPOCH 70 | steps 104 | mean total loss 32.793005
VALIDATION EPOCH 70 MEAN COMPONENTS | sdf_constraint_stage1 6.718 sdf_constraint_stage2 6.898 reconstructed_loss 0.595 inter 0.674 normal_constraint 7.367 grad_constraint 8.560 embeddings_constraint 1.981 template_reg 0.000 similarity_constraint 0.000
====================================================================================================
====================================================================================================
EPOCH 71 DONE | steps 1964 | mean total loss 33.341309 | sum total loss 65482.331 | epoch time 129.4s
EPOCH 71 MEAN COMPONENTS | sdf_constraint_stage1 6.960 sdf_constraint_stage2 7.163 reconstructed_loss 0.651 inter 0.652 normal_constraint 7.333 grad_constraint 8.581 embeddings_constraint 2.000 template_reg 0.000 similarity_constraint 0.000
VALIDATION EPOCH 71 | steps 104 | mean total loss 33.635596
VALIDATION EPOCH 71 MEAN COMPONENTS | sdf_constraint_stage1 7.054 sdf_constraint_stage2 7.461 reconstructed_loss 0.628 inter 0.601 normal_constraint 7.370 grad_constraint 8.555 embeddings_constraint 1.966 template_reg 0.000 similarity_constraint 0.000
====================================================================================================
====================================================================================================
EPOCH 72 DONE | steps 1964 | mean total loss 33.114082 | sum total loss 65036.058 | epoch time 129.4s
EPOCH 72 MEAN COMPONENTS | sdf_constraint_stage1 6.877 sdf_constraint_stage2 7.091 reconstructed_loss 0.640 inter 0.651 normal_constraint 7.300 grad_constraint 8.557 embeddings_constraint 1.998 template_reg 0.000 similarity_constraint 0.000
VALIDATION EPOCH 72 | steps 104 | mean total loss 33.152221
VALIDATION EPOCH 72 MEAN COMPONENTS | sdf_constraint_stage1 7.090 sdf_constraint_stage2 6.883 reconstructed_loss 0.611 inter 0.688 normal_constraint 7.377 grad_constraint 8.555 embeddings_constraint 1.949 template_reg 0.000 similarity_constraint 0.000
====================================================================================================
====================================================================================================
EPOCH 73 DONE | steps 1964 | mean total loss 33.196856 | sum total loss 65198.624 | epoch time 129.5s
EPOCH 73 MEAN COMPONENTS | sdf_constraint_stage1 6.921 sdf_constraint_stage2 7.133 reconstructed_loss 0.649 inter 0.650 normal_constraint 7.295 grad_constraint 8.548 embeddings_constraint 2.001 template_reg 0.000 similarity_constraint 0.000
VALIDATION EPOCH 73 | steps 104 | mean total loss 33.429458
VALIDATION EPOCH 73 MEAN COMPONENTS | sdf_constraint_stage1 7.160 sdf_constraint_stage2 7.080 reconstructed_loss 0.646 inter 0.707 normal_constraint 7.349 grad_constraint 8.533 embeddings_constraint 1.953 template_reg 0.000 similarity_constraint 0.000
====================================================================================================
====================================================================================================
EPOCH 74 DONE | steps 1964 | mean total loss 33.025054 | sum total loss 64861.205 | epoch time 129.6s
EPOCH 74 MEAN COMPONENTS | sdf_constraint_stage1 6.873 sdf_constraint_stage2 7.086 reconstructed_loss 0.643 inter 0.649 normal_constraint 7.267 grad_constraint 8.522 embeddings_constraint 1.986 template_reg 0.000 similarity_constraint 0.000
VALIDATION EPOCH 74 | steps 104 | mean total loss 32.347151
VALIDATION EPOCH 74 MEAN COMPONENTS | sdf_constraint_stage1 6.712 sdf_constraint_stage2 6.655 reconstructed_loss 0.570 inter 0.681 normal_constraint 7.280 grad_constraint 8.489 embeddings_constraint 1.960 template_reg 0.000 similarity_constraint 0.000
====================================================================================================
====================================================================================================
EPOCH 75 DONE | steps 1964 | mean total loss 33.007484 | sum total loss 64826.698 | epoch time 129.4s
EPOCH 75 MEAN COMPONENTS | sdf_constraint_stage1 6.879 sdf_constraint_stage2 7.088 reconstructed_loss 0.641 inter 0.650 normal_constraint 7.258 grad_constraint 8.512 embeddings_constraint 1.980 template_reg 0.000 similarity_constraint 0.000
VALIDATION EPOCH 75 | steps 104 | mean total loss 32.890484
VALIDATION EPOCH 75 MEAN COMPONENTS | sdf_constraint_stage1 6.928 sdf_constraint_stage2 6.866 reconstructed_loss 0.590 inter 0.695 normal_constraint 7.302 grad_constraint 8.508 embeddings_constraint 1.999 template_reg 0.000 similarity_constraint 0.000
====================================================================================================
====================================================================================================
EPOCH 76 DONE | steps 1964 | mean total loss 32.878726 | sum total loss 64573.817 | epoch time 129.4s
EPOCH 76 MEAN COMPONENTS | sdf_constraint_stage1 6.848 sdf_constraint_stage2 7.059 reconstructed_loss 0.635 inter 0.647 normal_constraint 7.230 grad_constraint 8.487 embeddings_constraint 1.972 template_reg 0.000 similarity_constraint 0.000
VALIDATION EPOCH 76 | steps 104 | mean total loss 33.786035
VALIDATION EPOCH 76 MEAN COMPONENTS | sdf_constraint_stage1 7.240 sdf_constraint_stage2 7.118 reconstructed_loss 0.675 inter 0.692 normal_constraint 7.472 grad_constraint 8.620 embeddings_constraint 1.970 template_reg 0.000 similarity_constraint 0.000
====================================================================================================
====================================================================================================
EPOCH 77 DONE | steps 1964 | mean total loss 32.865611 | sum total loss 64548.060 | epoch time 129.3s
EPOCH 77 MEAN COMPONENTS | sdf_constraint_stage1 6.848 sdf_constraint_stage2 7.055 reconstructed_loss 0.637 inter 0.648 normal_constraint 7.223 grad_constraint 8.475 embeddings_constraint 1.980 template_reg 0.000 similarity_constraint 0.000
VALIDATION EPOCH 77 | steps 104 | mean total loss 33.941045
VALIDATION EPOCH 77 MEAN COMPONENTS | sdf_constraint_stage1 7.350 sdf_constraint_stage2 7.220 reconstructed_loss 0.661 inter 0.696 normal_constraint 7.407 grad_constraint 8.591 embeddings_constraint 2.016 template_reg 0.000 similarity_constraint 0.000
====================================================================================================
====================================================================================================
EPOCH 78 DONE | steps 1964 | mean total loss 32.644205 | sum total loss 64113.219 | epoch time 129.2s
EPOCH 78 MEAN COMPONENTS | sdf_constraint_stage1 6.787 sdf_constraint_stage2 7.004 reconstructed_loss 0.634 inter 0.646 normal_constraint 7.181 grad_constraint 8.444 embeddings_constraint 1.948 template_reg 0.000 similarity_constraint 0.000
VALIDATION EPOCH 78 | steps 104 | mean total loss 34.216605
VALIDATION EPOCH 78 MEAN COMPONENTS | sdf_constraint_stage1 7.601 sdf_constraint_stage2 7.566 reconstructed_loss 0.778 inter 0.737 normal_constraint 7.199 grad_constraint 8.441 embeddings_constraint 1.895 template_reg 0.000 similarity_constraint 0.000
====================================================================================================
====================================================================================================
EPOCH 79 DONE | steps 1964 | mean total loss 32.658033 | sum total loss 64140.376 | epoch time 129.5s
EPOCH 79 MEAN COMPONENTS | sdf_constraint_stage1 6.798 sdf_constraint_stage2 7.017 reconstructed_loss 0.632 inter 0.646 normal_constraint 7.175 grad_constraint 8.436 embeddings_constraint 1.955 template_reg 0.000 similarity_constraint 0.000
VALIDATION EPOCH 79 | steps 104 | mean total loss 32.026862
VALIDATION EPOCH 79 MEAN COMPONENTS | sdf_constraint_stage1 6.676 sdf_constraint_stage2 6.879 reconstructed_loss 0.531 inter 0.597 normal_constraint 7.114 grad_constraint 8.342 embeddings_constraint 1.888 template_reg 0.000 similarity_constraint 0.000
====================================================================================================
====================================================================================================
EPOCH 80 DONE | steps 1964 | mean total loss 32.584666 | sum total loss 63996.284 | epoch time 129.5s
EPOCH 80 MEAN COMPONENTS | sdf_constraint_stage1 6.787 sdf_constraint_stage2 7.013 reconstructed_loss 0.634 inter 0.645 normal_constraint 7.154 grad_constraint 8.418 embeddings_constraint 1.934 template_reg 0.000 similarity_constraint 0.000
VALIDATION EPOCH 80 | steps 104 | mean total loss 32.074870
VALIDATION EPOCH 80 MEAN COMPONENTS | sdf_constraint_stage1 6.513 sdf_constraint_stage2 6.754 reconstructed_loss 0.585 inter 0.624 normal_constraint 7.227 grad_constraint 8.427 embeddings_constraint 1.945 template_reg 0.000 similarity_constraint 0.000
====================================================================================================
====================================================================================================
EPOCH 81 DONE | steps 1964 | mean total loss 32.401130 | sum total loss 63635.819 | epoch time 129.5s
EPOCH 81 MEAN COMPONENTS | sdf_constraint_stage1 6.717 sdf_constraint_stage2 6.948 reconstructed_loss 0.620 inter 0.643 normal_constraint 7.134 grad_constraint 8.399 embeddings_constraint 1.938 template_reg 0.000 similarity_constraint 0.000
VALIDATION EPOCH 81 | steps 104 | mean total loss 33.982078
VALIDATION EPOCH 81 MEAN COMPONENTS | sdf_constraint_stage1 7.534 sdf_constraint_stage2 7.476 reconstructed_loss 0.650 inter 0.721 normal_constraint 7.250 grad_constraint 8.427 embeddings_constraint 1.923 template_reg 0.000 similarity_constraint 0.000
====================================================================================================
====================================================================================================
EPOCH 82 DONE | steps 1964 | mean total loss 32.385208 | sum total loss 63604.549 | epoch time 129.4s
EPOCH 82 MEAN COMPONENTS | sdf_constraint_stage1 6.726 sdf_constraint_stage2 6.959 reconstructed_loss 0.629 inter 0.645 normal_constraint 7.118 grad_constraint 8.381 embeddings_constraint 1.927 template_reg 0.000 similarity_constraint 0.000
VALIDATION EPOCH 82 | steps 104 | mean total loss 32.587472
VALIDATION EPOCH 82 MEAN COMPONENTS | sdf_constraint_stage1 6.653 sdf_constraint_stage2 7.034 reconstructed_loss 0.636 inter 0.661 normal_constraint 7.241 grad_constraint 8.418 embeddings_constraint 1.944 template_reg 0.000 similarity_constraint 0.000
====================================================================================================
====================================================================================================
EPOCH 83 DONE | steps 1964 | mean total loss 32.311739 | sum total loss 63460.256 | epoch time 129.6s
EPOCH 83 MEAN COMPONENTS | sdf_constraint_stage1 6.706 sdf_constraint_stage2 6.939 reconstructed_loss 0.626 inter 0.645 normal_constraint 7.098 grad_constraint 8.367 embeddings_constraint 1.930 template_reg 0.000 similarity_constraint 0.000
VALIDATION EPOCH 83 | steps 104 | mean total loss 31.863556
VALIDATION EPOCH 83 MEAN COMPONENTS | sdf_constraint_stage1 6.560 sdf_constraint_stage2 6.697 reconstructed_loss 0.646 inter 0.623 normal_constraint 7.154 grad_constraint 8.350 embeddings_constraint 1.833 template_reg 0.000 similarity_constraint 0.000
====================================================================================================
====================================================================================================
EPOCH 84 DONE | steps 1964 | mean total loss 32.265786 | sum total loss 63370.003 | epoch time 129.4s
EPOCH 84 MEAN COMPONENTS | sdf_constraint_stage1 6.709 sdf_constraint_stage2 6.932 reconstructed_loss 0.622 inter 0.644 normal_constraint 7.088 grad_constraint 8.353 embeddings_constraint 1.918 template_reg 0.000 similarity_constraint 0.000
VALIDATION EPOCH 84 | steps 104 | mean total loss 32.881556
VALIDATION EPOCH 84 MEAN COMPONENTS | sdf_constraint_stage1 6.962 sdf_constraint_stage2 7.277 reconstructed_loss 0.610 inter 0.583 normal_constraint 7.181 grad_constraint 8.376 embeddings_constraint 1.892 template_reg 0.000 similarity_constraint 0.000
====================================================================================================
====================================================================================================
EPOCH 85 DONE | steps 1964 | mean total loss 32.137876 | sum total loss 63118.789 | epoch time 129.6s
EPOCH 85 MEAN COMPONENTS | sdf_constraint_stage1 6.665 sdf_constraint_stage2 6.903 reconstructed_loss 0.621 inter 0.644 normal_constraint 7.064 grad_constraint 8.331 embeddings_constraint 1.910 template_reg 0.000 similarity_constraint 0.000
VALIDATION EPOCH 85 | steps 104 | mean total loss 32.056047
VALIDATION EPOCH 85 MEAN COMPONENTS | sdf_constraint_stage1 6.570 sdf_constraint_stage2 6.836 reconstructed_loss 0.613 inter 0.640 normal_constraint 7.149 grad_constraint 8.344 embeddings_constraint 1.903 template_reg 0.000 similarity_constraint 0.000
====================================================================================================
====================================================================================================
EPOCH 86 DONE | steps 1964 | mean total loss 32.324315 | sum total loss 63484.954 | epoch time 129.4s
EPOCH 86 MEAN COMPONENTS | sdf_constraint_stage1 6.750 sdf_constraint_stage2 6.975 reconstructed_loss 0.629 inter 0.644 normal_constraint 7.074 grad_constraint 8.334 embeddings_constraint 1.916 template_reg 0.000 similarity_constraint 0.000
VALIDATION EPOCH 86 | steps 104 | mean total loss 32.841941
VALIDATION EPOCH 86 MEAN COMPONENTS | sdf_constraint_stage1 6.731 sdf_constraint_stage2 7.049 reconstructed_loss 0.702 inter 0.647 normal_constraint 7.285 grad_constraint 8.434 embeddings_constraint 1.993 template_reg 0.000 similarity_constraint 0.000
====================================================================================================
====================================================================================================
EPOCH 87 DONE | steps 1964 | mean total loss 31.953138 | sum total loss 62755.963 | epoch time 130.2s
EPOCH 87 MEAN COMPONENTS | sdf_constraint_stage1 6.617 sdf_constraint_stage2 6.845 reconstructed_loss 0.609 inter 0.642 normal_constraint 7.031 grad_constraint 8.298 embeddings_constraint 1.911 template_reg 0.000 similarity_constraint 0.000
VALIDATION EPOCH 87 | steps 104 | mean total loss 31.774641
VALIDATION EPOCH 87 MEAN COMPONENTS | sdf_constraint_stage1 6.495 sdf_constraint_stage2 6.739 reconstructed_loss 0.619 inter 0.611 normal_constraint 7.142 grad_constraint 8.312 embeddings_constraint 1.856 template_reg 0.000 similarity_constraint 0.000
====================================================================================================
====================================================================================================
EPOCH 88 DONE | steps 1964 | mean total loss 31.912420 | sum total loss 62675.994 | epoch time 129.5s
EPOCH 88 MEAN COMPONENTS | sdf_constraint_stage1 6.610 sdf_constraint_stage2 6.848 reconstructed_loss 0.613 inter 0.641 normal_constraint 7.017 grad_constraint 8.287 embeddings_constraint 1.895 template_reg 0.000 similarity_constraint 0.000
VALIDATION EPOCH 88 | steps 104 | mean total loss 31.618497
VALIDATION EPOCH 88 MEAN COMPONENTS | sdf_constraint_stage1 6.338 sdf_constraint_stage2 6.702 reconstructed_loss 0.532 inter 0.652 normal_constraint 7.144 grad_constraint 8.350 embeddings_constraint 1.900 template_reg 0.000 similarity_constraint 0.000
====================================================================================================
====================================================================================================
EPOCH 89 DONE | steps 1964 | mean total loss 32.029430 | sum total loss 62905.800 | epoch time 129.4s
EPOCH 89 MEAN COMPONENTS | sdf_constraint_stage1 6.673 sdf_constraint_stage2 6.893 reconstructed_loss 0.616 inter 0.641 normal_constraint 7.022 grad_constraint 8.282 embeddings_constraint 1.902 template_reg 0.000 similarity_constraint 0.000
VALIDATION EPOCH 89 | steps 104 | mean total loss 32.751751
VALIDATION EPOCH 89 MEAN COMPONENTS | sdf_constraint_stage1 7.005 sdf_constraint_stage2 7.128 reconstructed_loss 0.602 inter 0.592 normal_constraint 7.150 grad_constraint 8.349 embeddings_constraint 1.925 template_reg 0.000 similarity_constraint 0.000
====================================================================================================
====================================================================================================
EPOCH 90 DONE | steps 1964 | mean total loss 31.743514 | sum total loss 62344.262 | epoch time 129.3s
EPOCH 90 MEAN COMPONENTS | sdf_constraint_stage1 6.569 sdf_constraint_stage2 6.815 reconstructed_loss 0.612 inter 0.640 normal_constraint 6.979 grad_constraint 8.251 embeddings_constraint 1.877 template_reg 0.000 similarity_constraint 0.000
VALIDATION EPOCH 90 | steps 104 | mean total loss 32.155122
VALIDATION EPOCH 90 MEAN COMPONENTS | sdf_constraint_stage1 6.840 sdf_constraint_stage2 6.809 reconstructed_loss 0.611 inter 0.681 normal_constraint 7.062 grad_constraint 8.255 embeddings_constraint 1.896 template_reg 0.000 similarity_constraint 0.000
====================================================================================================
====================================================================================================
EPOCH 91 DONE | steps 1964 | mean total loss 31.746776 | sum total loss 62350.669 | epoch time 129.1s
EPOCH 91 MEAN COMPONENTS | sdf_constraint_stage1 6.572 sdf_constraint_stage2 6.818 reconstructed_loss 0.610 inter 0.640 normal_constraint 6.978 grad_constraint 8.245 embeddings_constraint 1.884 template_reg 0.000 similarity_constraint 0.000
VALIDATION EPOCH 91 | steps 104 | mean total loss 30.788808
VALIDATION EPOCH 91 MEAN COMPONENTS | sdf_constraint_stage1 6.123 sdf_constraint_stage2 6.476 reconstructed_loss 0.602 inter 0.654 normal_constraint 6.921 grad_constraint 8.180 embeddings_constraint 1.833 template_reg 0.001 similarity_constraint 0.000
====================================================================================================
====================================================================================================
EPOCH 92 DONE | steps 1964 | mean total loss 31.590369 | sum total loss 62043.485 | epoch time 129.3s
EPOCH 92 MEAN COMPONENTS | sdf_constraint_stage1 6.531 sdf_constraint_stage2 6.780 reconstructed_loss 0.603 inter 0.638 normal_constraint 6.951 grad_constraint 8.224 embeddings_constraint 1.862 template_reg 0.000 similarity_constraint 0.000
VALIDATION EPOCH 92 | steps 104 | mean total loss 32.105997
VALIDATION EPOCH 92 MEAN COMPONENTS | sdf_constraint_stage1 6.726 sdf_constraint_stage2 6.828 reconstructed_loss 0.589 inter 0.679 normal_constraint 7.103 grad_constraint 8.302 embeddings_constraint 1.878 template_reg 0.000 similarity_constraint 0.000
====================================================================================================
====================================================================================================
EPOCH 93 DONE | steps 1964 | mean total loss 31.496253 | sum total loss 61858.640 | epoch time 129.3s
EPOCH 93 MEAN COMPONENTS | sdf_constraint_stage1 6.503 sdf_constraint_stage2 6.752 reconstructed_loss 0.600 inter 0.639 normal_constraint 6.935 grad_constraint 8.203 embeddings_constraint 1.864 template_reg 0.000 similarity_constraint 0.000
VALIDATION EPOCH 93 | steps 104 | mean total loss 32.769409
VALIDATION EPOCH 93 MEAN COMPONENTS | sdf_constraint_stage1 7.059 sdf_constraint_stage2 7.519 reconstructed_loss 0.571 inter 0.568 normal_constraint 7.029 grad_constraint 8.224 embeddings_constraint 1.798 template_reg 0.001 similarity_constraint 0.000
====================================================================================================
====================================================================================================
EPOCH 94 DONE | steps 1964 | mean total loss 31.501225 | sum total loss 61868.406 | epoch time 129.3s
EPOCH 94 MEAN COMPONENTS | sdf_constraint_stage1 6.516 sdf_constraint_stage2 6.761 reconstructed_loss 0.600 inter 0.638 normal_constraint 6.931 grad_constraint 8.199 embeddings_constraint 1.856 template_reg 0.000 similarity_constraint 0.000
VALIDATION EPOCH 94 | steps 104 | mean total loss 31.817551
VALIDATION EPOCH 94 MEAN COMPONENTS | sdf_constraint_stage1 6.627 sdf_constraint_stage2 6.714 reconstructed_loss 0.640 inter 0.673 normal_constraint 7.036 grad_constraint 8.251 embeddings_constraint 1.877 template_reg 0.000 similarity_constraint 0.000
====================================================================================================
====================================================================================================
EPOCH 95 DONE | steps 1964 | mean total loss 31.592212 | sum total loss 62047.104 | epoch time 129.4s
EPOCH 95 MEAN COMPONENTS | sdf_constraint_stage1 6.569 sdf_constraint_stage2 6.804 reconstructed_loss 0.608 inter 0.638 normal_constraint 6.921 grad_constraint 8.186 embeddings_constraint 1.866 template_reg 0.000 similarity_constraint 0.000
VALIDATION EPOCH 95 | steps 104 | mean total loss 31.176363
VALIDATION EPOCH 95 MEAN COMPONENTS | sdf_constraint_stage1 6.334 sdf_constraint_stage2 6.632 reconstructed_loss 0.593 inter 0.605 normal_constraint 6.975 grad_constraint 8.170 embeddings_constraint 1.867 template_reg 0.000 similarity_constraint 0.000
====================================================================================================
====================================================================================================
EPOCH 96 DONE | steps 1964 | mean total loss 31.172566 | sum total loss 61222.919 | epoch time 129.3s
EPOCH 96 MEAN COMPONENTS | sdf_constraint_stage1 6.409 sdf_constraint_stage2 6.671 reconstructed_loss 0.590 inter 0.636 normal_constraint 6.878 grad_constraint 8.151 embeddings_constraint 1.837 template_reg 0.000 similarity_constraint 0.000
VALIDATION EPOCH 96 | steps 104 | mean total loss 31.066944
VALIDATION EPOCH 96 MEAN COMPONENTS | sdf_constraint_stage1 6.284 sdf_constraint_stage2 6.703 reconstructed_loss 0.600 inter 0.606 normal_constraint 6.931 grad_constraint 8.139 embeddings_constraint 1.803 template_reg 0.000 similarity_constraint 0.000
====================================================================================================
====================================================================================================
EPOCH 97 DONE | steps 1964 | mean total loss 31.557691 | sum total loss 61979.306 | epoch time 129.4s
EPOCH 97 MEAN COMPONENTS | sdf_constraint_stage1 6.564 sdf_constraint_stage2 6.817 reconstructed_loss 0.612 inter 0.638 normal_constraint 6.903 grad_constraint 8.164 embeddings_constraint 1.859 template_reg 0.000 similarity_constraint 0.000
VALIDATION EPOCH 97 | steps 104 | mean total loss 31.864377
VALIDATION EPOCH 97 MEAN COMPONENTS | sdf_constraint_stage1 6.521 sdf_constraint_stage2 6.800 reconstructed_loss 0.677 inter 0.660 normal_constraint 7.075 grad_constraint 8.259 embeddings_constraint 1.872 template_reg 0.000 similarity_constraint 0.000
====================================================================================================
====================================================================================================
EPOCH 98 DONE | steps 1964 | mean total loss 31.341739 | sum total loss 61555.175 | epoch time 129.4s
EPOCH 98 MEAN COMPONENTS | sdf_constraint_stage1 6.503 sdf_constraint_stage2 6.748 reconstructed_loss 0.600 inter 0.636 normal_constraint 6.873 grad_constraint 8.137 embeddings_constraint 1.845 template_reg 0.000 similarity_constraint 0.000
VALIDATION EPOCH 98 | steps 104 | mean total loss 31.178303
VALIDATION EPOCH 98 MEAN COMPONENTS | sdf_constraint_stage1 6.380 sdf_constraint_stage2 6.714 reconstructed_loss 0.570 inter 0.597 normal_constraint 6.962 grad_constraint 8.154 embeddings_constraint 1.801 template_reg 0.000 similarity_constraint 0.000
====================================================================================================
====================================================================================================
EPOCH 99 DONE | steps 1964 | mean total loss 31.056700 | sum total loss 60995.358 | epoch time 129.4s
EPOCH 99 MEAN COMPONENTS | sdf_constraint_stage1 6.382 sdf_constraint_stage2 6.659 reconstructed_loss 0.594 inter 0.636 normal_constraint 6.842 grad_constraint 8.113 embeddings_constraint 1.831 template_reg 0.000 similarity_constraint 0.000
VALIDATION EPOCH 99 | steps 104 | mean total loss 30.904722
VALIDATION EPOCH 99 MEAN COMPONENTS | sdf_constraint_stage1 6.351 sdf_constraint_stage2 6.365 reconstructed_loss 0.561 inter 0.637 normal_constraint 6.978 grad_constraint 8.179 embeddings_constraint 1.833 template_reg 0.000 similarity_constraint 0.000
====================================================================================================
====================================================================================================
EPOCH 100 DONE | steps 1964 | mean total loss 31.219987 | sum total loss 61316.055 | epoch time 129.3s
EPOCH 100 MEAN COMPONENTS | sdf_constraint_stage1 6.470 sdf_constraint_stage2 6.721 reconstructed_loss 0.598 inter 0.636 normal_constraint 6.851 grad_constraint 8.112 embeddings_constraint 1.832 template_reg 0.000 similarity_constraint 0.000
VALIDATION EPOCH 100 | steps 104 | mean total loss 31.557189
VALIDATION EPOCH 100 MEAN COMPONENTS | sdf_constraint_stage1 6.415 sdf_constraint_stage2 6.977 reconstructed_loss 0.661 inter 0.595 normal_constraint 6.939 grad_constraint 8.130 embeddings_constraint 1.838 template_reg 0.000 similarity_constraint 0.000
====================================================================================================
====================================================================================================
EPOCH 101 DONE | steps 1964 | mean total loss 31.144135 | sum total loss 61167.080 | epoch time 129.4s
EPOCH 101 MEAN COMPONENTS | sdf_constraint_stage1 6.443 sdf_constraint_stage2 6.705 reconstructed_loss 0.596 inter 0.636 normal_constraint 6.832 grad_constraint 8.098 embeddings_constraint 1.834 template_reg 0.000 similarity_constraint 0.000
VALIDATION EPOCH 101 | steps 104 | mean total loss 31.435639
VALIDATION EPOCH 101 MEAN COMPONENTS | sdf_constraint_stage1 6.518 sdf_constraint_stage2 6.744 reconstructed_loss 0.662 inter 0.689 normal_constraint 6.892 grad_constraint 8.142 embeddings_constraint 1.789 template_reg 0.000 similarity_constraint 0.000
====================================================================================================
====================================================================================================
EPOCH 102 DONE | steps 1964 | mean total loss 31.012225 | sum total loss 60908.011 | epoch time 129.3s
EPOCH 102 MEAN COMPONENTS | sdf_constraint_stage1 6.407 sdf_constraint_stage2 6.671 reconstructed_loss 0.595 inter 0.634 normal_constraint 6.811 grad_constraint 8.079 embeddings_constraint 1.815 template_reg 0.000 similarity_constraint 0.000
VALIDATION EPOCH 102 | steps 104 | mean total loss 31.764583
VALIDATION EPOCH 102 MEAN COMPONENTS | sdf_constraint_stage1 6.714 sdf_constraint_stage2 6.968 reconstructed_loss 0.540 inter 0.581 normal_constraint 6.970 grad_constraint 8.142 embeddings_constraint 1.849 template_reg 0.000 similarity_constraint 0.000
====================================================================================================
====================================================================================================
EPOCH 103 DONE | steps 1964 | mean total loss 30.951222 | sum total loss 60788.200 | epoch time 129.5s
EPOCH 103 MEAN COMPONENTS | sdf_constraint_stage1 6.378 sdf_constraint_stage2 6.659 reconstructed_loss 0.591 inter 0.635 normal_constraint 6.801 grad_constraint 8.067 embeddings_constraint 1.819 template_reg 0.000 similarity_constraint 0.000
VALIDATION EPOCH 103 | steps 104 | mean total loss 30.909640
VALIDATION EPOCH 103 MEAN COMPONENTS | sdf_constraint_stage1 6.223 sdf_constraint_stage2 6.661 reconstructed_loss 0.564 inter 0.664 normal_constraint 6.892 grad_constraint 8.085 embeddings_constraint 1.820 template_reg 0.000 similarity_constraint 0.000
====================================================================================================
====================================================================================================
EPOCH 104 DONE | steps 1964 | mean total loss 30.853929 | sum total loss 60597.117 | epoch time 129.4s
EPOCH 104 MEAN COMPONENTS | sdf_constraint_stage1 6.351 sdf_constraint_stage2 6.623 reconstructed_loss 0.586 inter 0.635 normal_constraint 6.790 grad_constraint 8.051 embeddings_constraint 1.817 template_reg 0.000 similarity_constraint 0.000
VALIDATION EPOCH 104 | steps 104 | mean total loss 31.851187
VALIDATION EPOCH 104 MEAN COMPONENTS | sdf_constraint_stage1 6.703 sdf_constraint_stage2 7.127 reconstructed_loss 0.659 inter 0.682 normal_constraint 6.848 grad_constraint 8.041 embeddings_constraint 1.789 template_reg 0.000 similarity_constraint 0.000
====================================================================================================
====================================================================================================
EPOCH 105 DONE | steps 1964 | mean total loss 31.061356 | sum total loss 61004.503 | epoch time 129.4s
EPOCH 105 MEAN COMPONENTS | sdf_constraint_stage1 6.454 sdf_constraint_stage2 6.716 reconstructed_loss 0.601 inter 0.634 normal_constraint 6.792 grad_constraint 8.052 embeddings_constraint 1.813 template_reg 0.000 similarity_constraint 0.000
VALIDATION EPOCH 105 | steps 104 | mean total loss 31.589643
VALIDATION EPOCH 105 MEAN COMPONENTS | sdf_constraint_stage1 6.520 sdf_constraint_stage2 6.919 reconstructed_loss 0.613 inter 0.677 normal_constraint 6.902 grad_constraint 8.120 embeddings_constraint 1.837 template_reg 0.000 similarity_constraint 0.000
====================================================================================================
====================================================================================================
EPOCH 106 DONE | steps 1964 | mean total loss 30.766853 | sum total loss 60426.100 | epoch time 129.4s
EPOCH 106 MEAN COMPONENTS | sdf_constraint_stage1 6.349 sdf_constraint_stage2 6.615 reconstructed_loss 0.589 inter 0.634 normal_constraint 6.758 grad_constraint 8.019 embeddings_constraint 1.801 template_reg 0.000 similarity_constraint 0.000
VALIDATION EPOCH 106 | steps 104 | mean total loss 31.231733
VALIDATION EPOCH 106 MEAN COMPONENTS | sdf_constraint_stage1 6.434 sdf_constraint_stage2 6.724 reconstructed_loss 0.652 inter 0.678 normal_constraint 6.881 grad_constraint 8.074 embeddings_constraint 1.788 template_reg 0.000 similarity_constraint 0.000
====================================================================================================
====================================================================================================
EPOCH 107 DONE | steps 1964 | mean total loss 30.910917 | sum total loss 60709.040 | epoch time 129.3s
EPOCH 107 MEAN COMPONENTS | sdf_constraint_stage1 6.403 sdf_constraint_stage2 6.667 reconstructed_loss 0.592 inter 0.634 normal_constraint 6.769 grad_constraint 8.026 embeddings_constraint 1.820 template_reg 0.000 similarity_constraint 0.000
VALIDATION EPOCH 107 | steps 104 | mean total loss 31.446997
VALIDATION EPOCH 107 MEAN COMPONENTS | sdf_constraint_stage1 6.700 sdf_constraint_stage2 6.737 reconstructed_loss 0.701 inter 0.693 normal_constraint 6.827 grad_constraint 8.030 embeddings_constraint 1.759 template_reg 0.000 similarity_constraint 0.000
====================================================================================================
====================================================================================================
EPOCH 108 DONE | steps 1964 | mean total loss 30.704752 | sum total loss 60304.133 | epoch time 129.5s
EPOCH 108 MEAN COMPONENTS | sdf_constraint_stage1 6.345 sdf_constraint_stage2 6.618 reconstructed_loss 0.586 inter 0.632 normal_constraint 6.738 grad_constraint 7.997 embeddings_constraint 1.788 template_reg 0.000 similarity_constraint 0.000
VALIDATION EPOCH 108 | steps 104 | mean total loss 31.153158
VALIDATION EPOCH 108 MEAN COMPONENTS | sdf_constraint_stage1 6.331 sdf_constraint_stage2 6.785 reconstructed_loss 0.649 inter 0.661 normal_constraint 6.875 grad_constraint 8.051 embeddings_constraint 1.801 template_reg 0.000 similarity_constraint 0.000
====================================================================================================
====================================================================================================
EPOCH 109 DONE | steps 1964 | mean total loss 30.620477 | sum total loss 60138.616 | epoch time 129.3s
EPOCH 109 MEAN COMPONENTS | sdf_constraint_stage1 6.300 sdf_constraint_stage2 6.585 reconstructed_loss 0.585 inter 0.633 normal_constraint 6.730 grad_constraint 7.987 embeddings_constraint 1.799 template_reg 0.000 similarity_constraint 0.000
VALIDATION EPOCH 109 | steps 104 | mean total loss 30.655880
VALIDATION EPOCH 109 MEAN COMPONENTS | sdf_constraint_stage1 6.251 sdf_constraint_stage2 6.529 reconstructed_loss 0.534 inter 0.628 normal_constraint 6.863 grad_constraint 8.067 embeddings_constraint 1.784 template_reg 0.000 similarity_constraint 0.000
====================================================================================================
====================================================================================================
EPOCH 110 DONE | steps 1964 | mean total loss 30.699851 | sum total loss 60294.507 | epoch time 129.3s
EPOCH 110 MEAN COMPONENTS | sdf_constraint_stage1 6.345 sdf_constraint_stage2 6.620 reconstructed_loss 0.588 inter 0.632 normal_constraint 6.728 grad_constraint 7.983 embeddings_constraint 1.803 template_reg 0.000 similarity_constraint 0.000
VALIDATION EPOCH 110 | steps 104 | mean total loss 29.638134
VALIDATION EPOCH 110 MEAN COMPONENTS | sdf_constraint_stage1 5.841 sdf_constraint_stage2 6.322 reconstructed_loss 0.504 inter 0.616 normal_constraint 6.693 grad_constraint 7.906 embeddings_constraint 1.756 template_reg 0.000 similarity_constraint 0.000
====================================================================================================
====================================================================================================
EPOCH 111 DONE | steps 1964 | mean total loss 30.479194 | sum total loss 59861.137 | epoch time 129.5s
EPOCH 111 MEAN COMPONENTS | sdf_constraint_stage1 6.271 sdf_constraint_stage2 6.556 reconstructed_loss 0.579 inter 0.632 normal_constraint 6.702 grad_constraint 7.958 embeddings_constraint 1.781 template_reg 0.000 similarity_constraint 0.000
VALIDATION EPOCH 111 | steps 104 | mean total loss 29.748204
VALIDATION EPOCH 111 MEAN COMPONENTS | sdf_constraint_stage1 5.923 sdf_constraint_stage2 6.180 reconstructed_loss 0.520 inter 0.652 normal_constraint 6.748 grad_constraint 7.953 embeddings_constraint 1.773 template_reg 0.000 similarity_constraint 0.000
====================================================================================================
====================================================================================================
EPOCH 112 DONE | steps 1964 | mean total loss 30.499420 | sum total loss 59900.860 | epoch time 129.5s
EPOCH 112 MEAN COMPONENTS | sdf_constraint_stage1 6.284 sdf_constraint_stage2 6.565 reconstructed_loss 0.581 inter 0.632 normal_constraint 6.698 grad_constraint 7.953 embeddings_constraint 1.788 template_reg 0.000 similarity_constraint 0.000
VALIDATION EPOCH 112 | steps 104 | mean total loss 30.293691
VALIDATION EPOCH 112 MEAN COMPONENTS | sdf_constraint_stage1 6.162 sdf_constraint_stage2 6.435 reconstructed_loss 0.549 inter 0.594 normal_constraint 6.781 grad_constraint 7.982 embeddings_constraint 1.791 template_reg 0.000 similarity_constraint 0.000
====================================================================================================
====================================================================================================
EPOCH 113 DONE | steps 1964 | mean total loss 30.388844 | sum total loss 59683.689 | epoch time 129.4s
EPOCH 113 MEAN COMPONENTS | sdf_constraint_stage1 6.262 sdf_constraint_stage2 6.527 reconstructed_loss 0.574 inter 0.631 normal_constraint 6.682 grad_constraint 7.938 embeddings_constraint 1.775 template_reg 0.000 similarity_constraint 0.000
VALIDATION EPOCH 113 | steps 104 | mean total loss 29.542140
VALIDATION EPOCH 113 MEAN COMPONENTS | sdf_constraint_stage1 5.973 sdf_constraint_stage2 6.107 reconstructed_loss 0.502 inter 0.633 normal_constraint 6.702 grad_constraint 7.900 embeddings_constraint 1.725 template_reg 0.000 similarity_constraint 0.000
====================================================================================================
====================================================================================================
EPOCH 114 DONE | steps 1964 | mean total loss 30.474469 | sum total loss 59851.857 | epoch time 129.4s
EPOCH 114 MEAN COMPONENTS | sdf_constraint_stage1 6.290 sdf_constraint_stage2 6.571 reconstructed_loss 0.581 inter 0.631 normal_constraint 6.684 grad_constraint 7.933 embeddings_constraint 1.783 template_reg 0.000 similarity_constraint 0.000
VALIDATION EPOCH 114 | steps 104 | mean total loss 30.320586
VALIDATION EPOCH 114 MEAN COMPONENTS | sdf_constraint_stage1 6.102 sdf_constraint_stage2 6.532 reconstructed_loss 0.616 inter 0.635 normal_constraint 6.734 grad_constraint 7.948 embeddings_constraint 1.753 template_reg 0.000 similarity_constraint 0.000
====================================================================================================
====================================================================================================
EPOCH 115 DONE | steps 1964 | mean total loss 30.346026 | sum total loss 59599.594 | epoch time 129.3s
EPOCH 115 MEAN COMPONENTS | sdf_constraint_stage1 6.253 sdf_constraint_stage2 6.534 reconstructed_loss 0.578 inter 0.630 normal_constraint 6.661 grad_constraint 7.914 embeddings_constraint 1.775 template_reg 0.000 similarity_constraint 0.000
VALIDATION EPOCH 115 | steps 104 | mean total loss 31.804339
VALIDATION EPOCH 115 MEAN COMPONENTS | sdf_constraint_stage1 6.555 sdf_constraint_stage2 7.342 reconstructed_loss 0.771 inter 0.593 normal_constraint 6.816 grad_constraint 7.984 embeddings_constraint 1.743 template_reg 0.000 similarity_constraint 0.000
====================================================================================================
====================================================================================================
EPOCH 116 DONE | steps 1964 | mean total loss 30.311036 | sum total loss 59530.875 | epoch time 129.4s
EPOCH 116 MEAN COMPONENTS | sdf_constraint_stage1 6.254 sdf_constraint_stage2 6.530 reconstructed_loss 0.579 inter 0.630 normal_constraint 6.650 grad_constraint 7.901 embeddings_constraint 1.766 template_reg 0.000 similarity_constraint 0.000
VALIDATION EPOCH 116 | steps 104 | mean total loss 30.109893
VALIDATION EPOCH 116 MEAN COMPONENTS | sdf_constraint_stage1 6.073 sdf_constraint_stage2 6.360 reconstructed_loss 0.579 inter 0.619 normal_constraint 6.759 grad_constraint 7.926 embeddings_constraint 1.795 template_reg 0.000 similarity_constraint 0.000
====================================================================================================
====================================================================================================
EPOCH 117 DONE | steps 1964 | mean total loss 30.277614 | sum total loss 59465.235 | epoch time 129.4s
EPOCH 117 MEAN COMPONENTS | sdf_constraint_stage1 6.251 sdf_constraint_stage2 6.529 reconstructed_loss 0.579 inter 0.630 normal_constraint 6.637 grad_constraint 7.888 embeddings_constraint 1.764 template_reg 0.000 similarity_constraint 0.000
VALIDATION EPOCH 117 | steps 104 | mean total loss 29.926524
VALIDATION EPOCH 117 MEAN COMPONENTS | sdf_constraint_stage1 5.936 sdf_constraint_stage2 6.471 reconstructed_loss 0.543 inter 0.649 normal_constraint 6.695 grad_constraint 7.886 embeddings_constraint 1.747 template_reg 0.000 similarity_constraint 0.000
====================================================================================================
====================================================================================================
EPOCH 118 DONE | steps 1964 | mean total loss 30.197918 | sum total loss 59308.710 | epoch time 129.4s
EPOCH 118 MEAN COMPONENTS | sdf_constraint_stage1 6.209 sdf_constraint_stage2 6.504 reconstructed_loss 0.572 inter 0.630 normal_constraint 6.634 grad_constraint 7.881 embeddings_constraint 1.768 template_reg 0.000 similarity_constraint 0.000
VALIDATION EPOCH 118 | steps 104 | mean total loss 30.469429
VALIDATION EPOCH 118 MEAN COMPONENTS | sdf_constraint_stage1 6.262 sdf_constraint_stage2 6.588 reconstructed_loss 0.582 inter 0.678 normal_constraint 6.700 grad_constraint 7.863 embeddings_constraint 1.797 template_reg 0.000 similarity_constraint 0.000
====================================================================================================
====================================================================================================
EPOCH 119 DONE | steps 1964 | mean total loss 30.076659 | sum total loss 59070.558 | epoch time 129.1s
EPOCH 119 MEAN COMPONENTS | sdf_constraint_stage1 6.174 sdf_constraint_stage2 6.467 reconstructed_loss 0.571 inter 0.629 normal_constraint 6.610 grad_constraint 7.862 embeddings_constraint 1.764 template_reg 0.000 similarity_constraint 0.000
VALIDATION EPOCH 119 | steps 104 | mean total loss 28.898829
VALIDATION EPOCH 119 MEAN COMPONENTS | sdf_constraint_stage1 5.725 sdf_constraint_stage2 5.957 reconstructed_loss 0.491 inter 0.623 normal_constraint 6.602 grad_constraint 7.802 embeddings_constraint 1.699 template_reg 0.000 similarity_constraint 0.000
====================================================================================================
====================================================================================================
EPOCH 120 DONE | steps 1964 | mean total loss 30.217695 | sum total loss 59347.554 | epoch time 129.3s
EPOCH 120 MEAN COMPONENTS | sdf_constraint_stage1 6.243 sdf_constraint_stage2 6.526 reconstructed_loss 0.579 inter 0.630 normal_constraint 6.616 grad_constraint 7.864 embeddings_constraint 1.759 template_reg 0.000 similarity_constraint 0.000
VALIDATION EPOCH 120 | steps 104 | mean total loss 29.439633
VALIDATION EPOCH 120 MEAN COMPONENTS | sdf_constraint_stage1 5.870 sdf_constraint_stage2 6.228 reconstructed_loss 0.473 inter 0.601 normal_constraint 6.656 grad_constraint 7.836 embeddings_constraint 1.776 template_reg 0.000 similarity_constraint 0.000
====================================================================================================
====================================================================================================
EPOCH 121 DONE | steps 1964 | mean total loss 29.823864 | sum total loss 58574.070 | epoch time 129.4s
EPOCH 121 MEAN COMPONENTS | sdf_constraint_stage1 6.090 sdf_constraint_stage2 6.405 reconstructed_loss 0.563 inter 0.628 normal_constraint 6.577 grad_constraint 7.826 embeddings_constraint 1.734 template_reg 0.000 similarity_constraint 0.000
VALIDATION EPOCH 121 | steps 104 | mean total loss 32.180024
VALIDATION EPOCH 121 MEAN COMPONENTS | sdf_constraint_stage1 7.022 sdf_constraint_stage2 7.426 reconstructed_loss 0.663 inter 0.570 normal_constraint 6.798 grad_constraint 7.986 embeddings_constraint 1.714 template_reg 0.000 similarity_constraint 0.000
====================================================================================================
====================================================================================================
EPOCH 122 DONE | steps 1964 | mean total loss 30.140360 | sum total loss 59195.667 | epoch time 129.4s
EPOCH 122 MEAN COMPONENTS | sdf_constraint_stage1 6.235 sdf_constraint_stage2 6.502 reconstructed_loss 0.574 inter 0.630 normal_constraint 6.601 grad_constraint 7.842 embeddings_constraint 1.758 template_reg 0.000 similarity_constraint 0.000
VALIDATION EPOCH 122 | steps 104 | mean total loss 29.356738
VALIDATION EPOCH 122 MEAN COMPONENTS | sdf_constraint_stage1 5.848 sdf_constraint_stage2 6.159 reconstructed_loss 0.484 inter 0.637 normal_constraint 6.639 grad_constraint 7.821 embeddings_constraint 1.768 template_reg 0.000 similarity_constraint 0.000
====================================================================================================
====================================================================================================
EPOCH 123 DONE | steps 1964 | mean total loss 30.011771 | sum total loss 58943.117 | epoch time 129.4s
EPOCH 123 MEAN COMPONENTS | sdf_constraint_stage1 6.181 sdf_constraint_stage2 6.469 reconstructed_loss 0.568 inter 0.629 normal_constraint 6.584 grad_constraint 7.825 embeddings_constraint 1.756 template_reg 0.000 similarity_constraint 0.000
VALIDATION EPOCH 123 | steps 104 | mean total loss 29.516368
VALIDATION EPOCH 123 MEAN COMPONENTS | sdf_constraint_stage1 5.808 sdf_constraint_stage2 6.211 reconstructed_loss 0.633 inter 0.629 normal_constraint 6.637 grad_constraint 7.825 embeddings_constraint 1.772 template_reg 0.000 similarity_constraint 0.000
====================================================================================================
====================================================================================================
EPOCH 124 DONE | steps 1964 | mean total loss 29.802046 | sum total loss 58531.219 | epoch time 129.4s
EPOCH 124 MEAN COMPONENTS | sdf_constraint_stage1 6.113 sdf_constraint_stage2 6.420 reconstructed_loss 0.568 inter 0.627 normal_constraint 6.553 grad_constraint 7.797 embeddings_constraint 1.725 template_reg 0.000 similarity_constraint 0.000
VALIDATION EPOCH 124 | steps 104 | mean total loss 29.363539
VALIDATION EPOCH 124 MEAN COMPONENTS | sdf_constraint_stage1 5.958 sdf_constraint_stage2 6.171 reconstructed_loss 0.471 inter 0.647 normal_constraint 6.597 grad_constraint 7.770 embeddings_constraint 1.749 template_reg 0.000 similarity_constraint 0.000
====================================================================================================
====================================================================================================
EPOCH 125 DONE | steps 1964 | mean total loss 29.833854 | sum total loss 58593.689 | epoch time 129.4s
EPOCH 125 MEAN COMPONENTS | sdf_constraint_stage1 6.134 sdf_constraint_stage2 6.428 reconstructed_loss 0.564 inter 0.628 normal_constraint 6.552 grad_constraint 7.794 embeddings_constraint 1.734 template_reg 0.000 similarity_constraint 0.000
VALIDATION EPOCH 125 | steps 104 | mean total loss 30.653759
VALIDATION EPOCH 125 MEAN COMPONENTS | sdf_constraint_stage1 6.448 sdf_constraint_stage2 6.853 reconstructed_loss 0.526 inter 0.571 normal_constraint 6.694 grad_constraint 7.869 embeddings_constraint 1.693 template_reg 0.000 similarity_constraint 0.000
====================================================================================================
====================================================================================================
EPOCH 126 DONE | steps 1964 | mean total loss 29.927399 | sum total loss 58777.411 | epoch time 129.2s
EPOCH 126 MEAN COMPONENTS | sdf_constraint_stage1 6.178 sdf_constraint_stage2 6.457 reconstructed_loss 0.569 inter 0.628 normal_constraint 6.560 grad_constraint 7.796 embeddings_constraint 1.739 template_reg 0.000 similarity_constraint 0.000
VALIDATION EPOCH 126 | steps 104 | mean total loss 29.664688
VALIDATION EPOCH 126 MEAN COMPONENTS | sdf_constraint_stage1 5.935 sdf_constraint_stage2 6.325 reconstructed_loss 0.521 inter 0.602 normal_constraint 6.639 grad_constraint 7.821 embeddings_constraint 1.821 template_reg 0.000 similarity_constraint 0.000
====================================================================================================
====================================================================================================
EPOCH 127 DONE | steps 1964 | mean total loss 29.799594 | sum total loss 58526.402 | epoch time 129.3s
EPOCH 127 MEAN COMPONENTS | sdf_constraint_stage1 6.122 sdf_constraint_stage2 6.422 reconstructed_loss 0.566 inter 0.627 normal_constraint 6.541 grad_constraint 7.779 embeddings_constraint 1.742 template_reg 0.000 similarity_constraint 0.000
VALIDATION EPOCH 127 | steps 104 | mean total loss 30.180157
VALIDATION EPOCH 127 MEAN COMPONENTS | sdf_constraint_stage1 6.283 sdf_constraint_stage2 6.650 reconstructed_loss 0.542 inter 0.574 normal_constraint 6.603 grad_constraint 7.816 embeddings_constraint 1.712 template_reg 0.000 similarity_constraint 0.000
====================================================================================================
====================================================================================================
EPOCH 128 DONE | steps 1964 | mean total loss 29.630239 | sum total loss 58193.789 | epoch time 129.4s
EPOCH 128 MEAN COMPONENTS | sdf_constraint_stage1 6.075 sdf_constraint_stage2 6.381 reconstructed_loss 0.559 inter 0.627 normal_constraint 6.517 grad_constraint 7.757 embeddings_constraint 1.714 template_reg 0.000 similarity_constraint 0.000
VALIDATION EPOCH 128 | steps 104 | mean total loss 29.236244
VALIDATION EPOCH 128 MEAN COMPONENTS | sdf_constraint_stage1 5.934 sdf_constraint_stage2 6.132 reconstructed_loss 0.519 inter 0.607 normal_constraint 6.604 grad_constraint 7.774 embeddings_constraint 1.667 template_reg 0.000 similarity_constraint 0.000
====================================================================================================
====================================================================================================
EPOCH 129 DONE | steps 1964 | mean total loss 29.596136 | sum total loss 58126.810 | epoch time 129.3s
EPOCH 129 MEAN COMPONENTS | sdf_constraint_stage1 6.052 sdf_constraint_stage2 6.366 reconstructed_loss 0.560 inter 0.626 normal_constraint 6.515 grad_constraint 7.753 embeddings_constraint 1.723 template_reg 0.000 similarity_constraint 0.000
VALIDATION EPOCH 129 | steps 104 | mean total loss 29.634625
VALIDATION EPOCH 129 MEAN COMPONENTS | sdf_constraint_stage1 5.952 sdf_constraint_stage2 6.343 reconstructed_loss 0.637 inter 0.651 normal_constraint 6.600 grad_constraint 7.757 embeddings_constraint 1.693 template_reg 0.000 similarity_constraint 0.000
====================================================================================================
====================================================================================================
EPOCH 130 DONE | steps 1964 | mean total loss 29.911644 | sum total loss 58746.468 | epoch time 129.4s
EPOCH 130 MEAN COMPONENTS | sdf_constraint_stage1 6.196 sdf_constraint_stage2 6.481 reconstructed_loss 0.573 inter 0.626 normal_constraint 6.536 grad_constraint 7.765 embeddings_constraint 1.733 template_reg 0.000 similarity_constraint 0.000
VALIDATION EPOCH 130 | steps 104 | mean total loss 28.823795
VALIDATION EPOCH 130 MEAN COMPONENTS | sdf_constraint_stage1 5.762 sdf_constraint_stage2 5.943 reconstructed_loss 0.434 inter 0.629 normal_constraint 6.586 grad_constraint 7.753 embeddings_constraint 1.717 template_reg 0.000 similarity_constraint 0.000
====================================================================================================
====================================================================================================
EPOCH 131 DONE | steps 1964 | mean total loss 29.548626 | sum total loss 58033.501 | epoch time 129.3s
EPOCH 131 MEAN COMPONENTS | sdf_constraint_stage1 6.060 sdf_constraint_stage2 6.370 reconstructed_loss 0.561 inter 0.626 normal_constraint 6.494 grad_constraint 7.728 embeddings_constraint 1.710 template_reg 0.000 similarity_constraint 0.000
VALIDATION EPOCH 131 | steps 104 | mean total loss 32.207798
VALIDATION EPOCH 131 MEAN COMPONENTS | sdf_constraint_stage1 7.345 sdf_constraint_stage2 7.137 reconstructed_loss 0.630 inter 0.704 normal_constraint 6.771 grad_constraint 7.863 embeddings_constraint 1.756 template_reg 0.000 similarity_constraint 0.000
====================================================================================================
====================================================================================================
EPOCH 132 DONE | steps 1964 | mean total loss 29.696839 | sum total loss 58324.592 | epoch time 129.3s
EPOCH 132 MEAN COMPONENTS | sdf_constraint_stage1 6.124 sdf_constraint_stage2 6.428 reconstructed_loss 0.570 inter 0.627 normal_constraint 6.497 grad_constraint 7.726 embeddings_constraint 1.725 template_reg 0.000 similarity_constraint 0.000
VALIDATION EPOCH 132 | steps 104 | mean total loss 31.005209
VALIDATION EPOCH 132 MEAN COMPONENTS | sdf_constraint_stage1 6.432 sdf_constraint_stage2 7.034 reconstructed_loss 0.768 inter 0.607 normal_constraint 6.673 grad_constraint 7.838 embeddings_constraint 1.652 template_reg 0.000 similarity_constraint 0.000
====================================================================================================
====================================================================================================
EPOCH 133 DONE | steps 1964 | mean total loss 29.649223 | sum total loss 58231.074 | epoch time 129.4s
EPOCH 133 MEAN COMPONENTS | sdf_constraint_stage1 6.118 sdf_constraint_stage2 6.414 reconstructed_loss 0.566 inter 0.625 normal_constraint 6.492 grad_constraint 7.719 embeddings_constraint 1.715 template_reg 0.000 similarity_constraint 0.000
VALIDATION EPOCH 133 | steps 104 | mean total loss 30.325538
VALIDATION EPOCH 133 MEAN COMPONENTS | sdf_constraint_stage1 6.103 sdf_constraint_stage2 6.789 reconstructed_loss 0.558 inter 0.608 normal_constraint 6.667 grad_constraint 7.821 embeddings_constraint 1.779 template_reg 0.000 similarity_constraint 0.000
====================================================================================================
====================================================================================================
EPOCH 134 DONE | steps 1964 | mean total loss 29.526127 | sum total loss 57989.314 | epoch time 129.4s
EPOCH 134 MEAN COMPONENTS | sdf_constraint_stage1 6.071 sdf_constraint_stage2 6.377 reconstructed_loss 0.563 inter 0.624 normal_constraint 6.477 grad_constraint 7.701 embeddings_constraint 1.712 template_reg 0.000 similarity_constraint 0.000
VALIDATION EPOCH 134 | steps 104 | mean total loss 30.301261
VALIDATION EPOCH 134 MEAN COMPONENTS | sdf_constraint_stage1 6.280 sdf_constraint_stage2 6.776 reconstructed_loss 0.527 inter 0.575 normal_constraint 6.628 grad_constraint 7.776 embeddings_constraint 1.738 template_reg 0.000 similarity_constraint 0.000
====================================================================================================
====================================================================================================
EPOCH 135 DONE | steps 1964 | mean total loss 29.368539 | sum total loss 57679.811 | epoch time 129.4s
EPOCH 135 MEAN COMPONENTS | sdf_constraint_stage1 6.020 sdf_constraint_stage2 6.328 reconstructed_loss 0.553 inter 0.624 normal_constraint 6.457 grad_constraint 7.685 embeddings_constraint 1.701 template_reg 0.000 similarity_constraint 0.000
VALIDATION EPOCH 135 | steps 104 | mean total loss 29.891137
VALIDATION EPOCH 135 MEAN COMPONENTS | sdf_constraint_stage1 6.164 sdf_constraint_stage2 6.528 reconstructed_loss 0.550 inter 0.593 normal_constraint 6.585 grad_constraint 7.741 embeddings_constraint 1.731 template_reg 0.000 similarity_constraint 0.000
====================================================================================================
====================================================================================================
EPOCH 136 DONE | steps 1964 | mean total loss 29.335755 | sum total loss 57615.422 | epoch time 129.4s
EPOCH 136 MEAN COMPONENTS | sdf_constraint_stage1 6.008 sdf_constraint_stage2 6.315 reconstructed_loss 0.549 inter 0.624 normal_constraint 6.457 grad_constraint 7.680 embeddings_constraint 1.703 template_reg 0.000 similarity_constraint 0.000
VALIDATION EPOCH 136 | steps 104 | mean total loss 29.834694
VALIDATION EPOCH 136 MEAN COMPONENTS | sdf_constraint_stage1 6.192 sdf_constraint_stage2 6.366 reconstructed_loss 0.602 inter 0.679 normal_constraint 6.534 grad_constraint 7.742 embeddings_constraint 1.719 template_reg 0.000 similarity_constraint 0.000
====================================================================================================
====================================================================================================
EPOCH 137 DONE | steps 1964 | mean total loss 29.293243 | sum total loss 57531.929 | epoch time 129.2s
EPOCH 137 MEAN COMPONENTS | sdf_constraint_stage1 6.003 sdf_constraint_stage2 6.308 reconstructed_loss 0.550 inter 0.625 normal_constraint 6.444 grad_constraint 7.668 embeddings_constraint 1.695 template_reg 0.000 similarity_constraint 0.000
VALIDATION EPOCH 137 | steps 104 | mean total loss 29.938956
VALIDATION EPOCH 137 MEAN COMPONENTS | sdf_constraint_stage1 6.320 sdf_constraint_stage2 6.323 reconstructed_loss 0.567 inter 0.678 normal_constraint 6.607 grad_constraint 7.754 embeddings_constraint 1.689 template_reg 0.000 similarity_constraint 0.000
====================================================================================================
====================================================================================================
EPOCH 138 DONE | steps 1964 | mean total loss 29.363821 | sum total loss 57670.544 | epoch time 129.2s
EPOCH 138 MEAN COMPONENTS | sdf_constraint_stage1 6.033 sdf_constraint_stage2 6.340 reconstructed_loss 0.556 inter 0.625 normal_constraint 6.445 grad_constraint 7.667 embeddings_constraint 1.697 template_reg 0.000 similarity_constraint 0.000
VALIDATION EPOCH 138 | steps 104 | mean total loss 29.412738
VALIDATION EPOCH 138 MEAN COMPONENTS | sdf_constraint_stage1 5.845 sdf_constraint_stage2 6.346 reconstructed_loss 0.542 inter 0.628 normal_constraint 6.578 grad_constraint 7.733 embeddings_constraint 1.741 template_reg 0.000 similarity_constraint 0.000
====================================================================================================
====================================================================================================
EPOCH 139 DONE | steps 1964 | mean total loss 29.161359 | sum total loss 57272.909 | epoch time 129.3s
EPOCH 139 MEAN COMPONENTS | sdf_constraint_stage1 5.960 sdf_constraint_stage2 6.277 reconstructed_loss 0.549 inter 0.625 normal_constraint 6.420 grad_constraint 7.642 embeddings_constraint 1.689 template_reg 0.000 similarity_constraint 0.000
VALIDATION EPOCH 139 | steps 104 | mean total loss 29.314776
VALIDATION EPOCH 139 MEAN COMPONENTS | sdf_constraint_stage1 5.984 sdf_constraint_stage2 6.223 reconstructed_loss 0.550 inter 0.652 normal_constraint 6.531 grad_constraint 7.686 embeddings_constraint 1.689 template_reg 0.000 similarity_constraint 0.000
====================================================================================================
====================================================================================================
EPOCH 140 DONE | steps 1964 | mean total loss 29.388927 | sum total loss 57719.854 | epoch time 129.3s
EPOCH 140 MEAN COMPONENTS | sdf_constraint_stage1 6.064 sdf_constraint_stage2 6.363 reconstructed_loss 0.561 inter 0.624 normal_constraint 6.430 grad_constraint 7.646 embeddings_constraint 1.701 template_reg 0.000 similarity_constraint 0.000
VALIDATION EPOCH 140 | steps 104 | mean total loss 28.647142
VALIDATION EPOCH 140 MEAN COMPONENTS | sdf_constraint_stage1 5.526 sdf_constraint_stage2 6.271 reconstructed_loss 0.606 inter 0.628 normal_constraint 6.415 grad_constraint 7.590 embeddings_constraint 1.611 template_reg 0.000 similarity_constraint 0.000
====================================================================================================
====================================================================================================
EPOCH 141 DONE | steps 1964 | mean total loss 29.104862 | sum total loss 57161.948 | epoch time 129.4s
EPOCH 141 MEAN COMPONENTS | sdf_constraint_stage1 5.958 sdf_constraint_stage2 6.257 reconstructed_loss 0.540 inter 0.624 normal_constraint 6.411 grad_constraint 7.630 embeddings_constraint 1.684 template_reg 0.000 similarity_constraint 0.000
VALIDATION EPOCH 141 | steps 104 | mean total loss 28.912754
VALIDATION EPOCH 141 MEAN COMPONENTS | sdf_constraint_stage1 5.800 sdf_constraint_stage2 6.176 reconstructed_loss 0.501 inter 0.634 normal_constraint 6.486 grad_constraint 7.636 embeddings_constraint 1.680 template_reg 0.000 similarity_constraint 0.000
====================================================================================================
====================================================================================================
EPOCH 142 DONE | steps 1964 | mean total loss 29.130731 | sum total loss 57212.755 | epoch time 129.3s
EPOCH 142 MEAN COMPONENTS | sdf_constraint_stage1 5.968 sdf_constraint_stage2 6.286 reconstructed_loss 0.548 inter 0.624 normal_constraint 6.402 grad_constraint 7.619 embeddings_constraint 1.684 template_reg 0.000 similarity_constraint 0.000
VALIDATION EPOCH 142 | steps 104 | mean total loss 29.931643
VALIDATION EPOCH 142 MEAN COMPONENTS | sdf_constraint_stage1 6.221 sdf_constraint_stage2 6.548 reconstructed_loss 0.630 inter 0.579 normal_constraint 6.558 grad_constraint 7.705 embeddings_constraint 1.690 template_reg 0.000 similarity_constraint 0.000
====================================================================================================
====================================================================================================
EPOCH 143 DONE | steps 1964 | mean total loss 29.138338 | sum total loss 57227.695 | epoch time 129.2s
EPOCH 143 MEAN COMPONENTS | sdf_constraint_stage1 5.974 sdf_constraint_stage2 6.290 reconstructed_loss 0.549 inter 0.623 normal_constraint 6.402 grad_constraint 7.617 embeddings_constraint 1.684 template_reg 0.000 similarity_constraint 0.000
VALIDATION EPOCH 143 | steps 104 | mean total loss 29.982350
VALIDATION EPOCH 143 MEAN COMPONENTS | sdf_constraint_stage1 6.340 sdf_constraint_stage2 6.496 reconstructed_loss 0.594 inter 0.676 normal_constraint 6.511 grad_constraint 7.658 embeddings_constraint 1.708 template_reg 0.000 similarity_constraint 0.000
====================================================================================================
====================================================================================================
EPOCH 144 DONE | steps 1964 | mean total loss 29.060695 | sum total loss 57075.204 | epoch time 129.2s
EPOCH 144 MEAN COMPONENTS | sdf_constraint_stage1 5.953 sdf_constraint_stage2 6.276 reconstructed_loss 0.551 inter 0.623 normal_constraint 6.381 grad_constraint 7.598 embeddings_constraint 1.679 template_reg 0.000 similarity_constraint 0.000
VALIDATION EPOCH 144 | steps 104 | mean total loss 30.925407
VALIDATION EPOCH 144 MEAN COMPONENTS | sdf_constraint_stage1 6.902 sdf_constraint_stage2 6.823 reconstructed_loss 0.595 inter 0.704 normal_constraint 6.540 grad_constraint 7.718 embeddings_constraint 1.642 template_reg 0.000 similarity_constraint 0.000
====================================================================================================
====================================================================================================
EPOCH 145 DONE | steps 1964 | mean total loss 29.116728 | sum total loss 57185.254 | epoch time 129.4s
EPOCH 145 MEAN COMPONENTS | sdf_constraint_stage1 5.977 sdf_constraint_stage2 6.284 reconstructed_loss 0.547 inter 0.625 normal_constraint 6.391 grad_constraint 7.600 embeddings_constraint 1.692 template_reg 0.000 similarity_constraint 0.000
VALIDATION EPOCH 145 | steps 104 | mean total loss 28.803310
VALIDATION EPOCH 145 MEAN COMPONENTS | sdf_constraint_stage1 5.850 sdf_constraint_stage2 6.280 reconstructed_loss 0.498 inter 0.577 normal_constraint 6.404 grad_constraint 7.556 embeddings_constraint 1.640 template_reg 0.000 similarity_constraint 0.000
====================================================================================================
====================================================================================================
EPOCH 146 DONE | steps 1964 | mean total loss 28.921861 | sum total loss 56802.535 | epoch time 129.2s
EPOCH 146 MEAN COMPONENTS | sdf_constraint_stage1 5.918 sdf_constraint_stage2 6.244 reconstructed_loss 0.547 inter 0.622 normal_constraint 6.361 grad_constraint 7.575 embeddings_constraint 1.655 template_reg 0.000 similarity_constraint 0.000
VALIDATION EPOCH 146 | steps 104 | mean total loss 28.332684
VALIDATION EPOCH 146 MEAN COMPONENTS | sdf_constraint_stage1 5.552 sdf_constraint_stage2 6.032 reconstructed_loss 0.493 inter 0.603 normal_constraint 6.417 grad_constraint 7.585 embeddings_constraint 1.651 template_reg 0.000 similarity_constraint 0.000
====================================================================================================
====================================================================================================
EPOCH 147 DONE | steps 1964 | mean total loss 29.009785 | sum total loss 56975.218 | epoch time 129.3s
EPOCH 147 MEAN COMPONENTS | sdf_constraint_stage1 5.947 sdf_constraint_stage2 6.259 reconstructed_loss 0.547 inter 0.622 normal_constraint 6.373 grad_constraint 7.581 embeddings_constraint 1.679 template_reg 0.000 similarity_constraint 0.000
VALIDATION EPOCH 147 | steps 104 | mean total loss 28.635815
VALIDATION EPOCH 147 MEAN COMPONENTS | sdf_constraint_stage1 5.793 sdf_constraint_stage2 6.007 reconstructed_loss 0.493 inter 0.640 normal_constraint 6.432 grad_constraint 7.600 embeddings_constraint 1.670 template_reg 0.000 similarity_constraint 0.000
====================================================================================================
====================================================================================================
EPOCH 148 DONE | steps 1964 | mean total loss 28.957366 | sum total loss 56872.266 | epoch time 129.4s
EPOCH 148 MEAN COMPONENTS | sdf_constraint_stage1 5.933 sdf_constraint_stage2 6.255 reconstructed_loss 0.546 inter 0.622 normal_constraint 6.359 grad_constraint 7.566 embeddings_constraint 1.675 template_reg 0.000 similarity_constraint 0.000
VALIDATION EPOCH 148 | steps 104 | mean total loss 30.818316
VALIDATION EPOCH 148 MEAN COMPONENTS | sdf_constraint_stage1 6.732 sdf_constraint_stage2 7.009 reconstructed_loss 0.598 inter 0.688 normal_constraint 6.493 grad_constraint 7.610 embeddings_constraint 1.688 template_reg 0.000 similarity_constraint 0.000
====================================================================================================
====================================================================================================
EPOCH 149 DONE | steps 1964 | mean total loss 28.881898 | sum total loss 56724.048 | epoch time 129.4s
EPOCH 149 MEAN COMPONENTS | sdf_constraint_stage1 5.903 sdf_constraint_stage2 6.232 reconstructed_loss 0.546 inter 0.622 normal_constraint 6.347 grad_constraint 7.556 embeddings_constraint 1.675 template_reg 0.000 similarity_constraint 0.000
VALIDATION EPOCH 149 | steps 104 | mean total loss 28.436258
VALIDATION EPOCH 149 MEAN COMPONENTS | sdf_constraint_stage1 5.712 sdf_constraint_stage2 5.887 reconstructed_loss 0.483 inter 0.622 normal_constraint 6.456 grad_constraint 7.562 embeddings_constraint 1.714 template_reg 0.000 similarity_constraint 0.000
====================================================================================================
====================================================================================================
EPOCH 150 DONE | steps 1964 | mean total loss 28.868552 | sum total loss 56697.836 | epoch time 129.3s
EPOCH 150 MEAN COMPONENTS | sdf_constraint_stage1 5.918 sdf_constraint_stage2 6.242 reconstructed_loss 0.545 inter 0.622 normal_constraint 6.339 grad_constraint 7.545 embeddings_constraint 1.657 template_reg 0.000 similarity_constraint 0.000
VALIDATION EPOCH 150 | steps 104 | mean total loss 29.206238
VALIDATION EPOCH 150 MEAN COMPONENTS | sdf_constraint_stage1 5.950 sdf_constraint_stage2 6.237 reconstructed_loss 0.549 inter 0.631 normal_constraint 6.513 grad_constraint 7.669 embeddings_constraint 1.656 template_reg 0.000 similarity_constraint 0.000
====================================================================================================
====================================================================================================
EPOCH 151 DONE | steps 1964 | mean total loss 28.819203 | sum total loss 56600.914 | epoch time 129.3s
EPOCH 151 MEAN COMPONENTS | sdf_constraint_stage1 5.902 sdf_constraint_stage2 6.223 reconstructed_loss 0.544 inter 0.621 normal_constraint 6.333 grad_constraint 7.537 embeddings_constraint 1.659 template_reg 0.000 similarity_constraint 0.000
VALIDATION EPOCH 151 | steps 104 | mean total loss 28.895960
VALIDATION EPOCH 151 MEAN COMPONENTS | sdf_constraint_stage1 5.876 sdf_constraint_stage2 6.301 reconstructed_loss 0.500 inter 0.585 normal_constraint 6.425 grad_constraint 7.566 embeddings_constraint 1.643 template_reg 0.000 similarity_constraint 0.000
====================================================================================================
====================================================================================================
EPOCH 152 DONE | steps 1964 | mean total loss 28.821008 | sum total loss 56604.459 | epoch time 129.2s
EPOCH 152 MEAN COMPONENTS | sdf_constraint_stage1 5.905 sdf_constraint_stage2 6.226 reconstructed_loss 0.543 inter 0.623 normal_constraint 6.333 grad_constraint 7.532 embeddings_constraint 1.658 template_reg 0.000 similarity_constraint 0.000
VALIDATION EPOCH 152 | steps 104 | mean total loss 29.570836
VALIDATION EPOCH 152 MEAN COMPONENTS | sdf_constraint_stage1 6.168 sdf_constraint_stage2 6.658 reconstructed_loss 0.590 inter 0.577 normal_constraint 6.423 grad_constraint 7.546 embeddings_constraint 1.609 template_reg 0.000 similarity_constraint 0.000
====================================================================================================
====================================================================================================
EPOCH 153 DONE | steps 1964 | mean total loss 28.817645 | sum total loss 56597.855 | epoch time 129.4s
EPOCH 153 MEAN COMPONENTS | sdf_constraint_stage1 5.902 sdf_constraint_stage2 6.228 reconstructed_loss 0.545 inter 0.622 normal_constraint 6.324 grad_constraint 7.526 embeddings_constraint 1.669 template_reg 0.000 similarity_constraint 0.000
VALIDATION EPOCH 153 | steps 104 | mean total loss 28.847907
VALIDATION EPOCH 153 MEAN COMPONENTS | sdf_constraint_stage1 5.877 sdf_constraint_stage2 6.141 reconstructed_loss 0.552 inter 0.638 normal_constraint 6.421 grad_constraint 7.572 embeddings_constraint 1.648 template_reg 0.000 similarity_constraint 0.000
====================================================================================================
====================================================================================================
EPOCH 154 DONE | steps 1964 | mean total loss 28.772352 | sum total loss 56508.900 | epoch time 129.3s
EPOCH 154 MEAN COMPONENTS | sdf_constraint_stage1 5.901 sdf_constraint_stage2 6.218 reconstructed_loss 0.541 inter 0.621 normal_constraint 6.316 grad_constraint 7.515 embeddings_constraint 1.661 template_reg 0.000 similarity_constraint 0.000
VALIDATION EPOCH 154 | steps 104 | mean total loss 28.596737
VALIDATION EPOCH 154 MEAN COMPONENTS | sdf_constraint_stage1 5.721 sdf_constraint_stage2 5.988 reconstructed_loss 0.508 inter 0.630 normal_constraint 6.481 grad_constraint 7.594 embeddings_constraint 1.674 template_reg 0.000 similarity_constraint 0.000
====================================================================================================
====================================================================================================
EPOCH 155 DONE | steps 1964 | mean total loss 28.663617 | sum total loss 56295.344 | epoch time 129.5s
EPOCH 155 MEAN COMPONENTS | sdf_constraint_stage1 5.858 sdf_constraint_stage2 6.192 reconstructed_loss 0.544 inter 0.620 normal_constraint 6.301 grad_constraint 7.499 embeddings_constraint 1.649 template_reg 0.000 similarity_constraint 0.000
VALIDATION EPOCH 155 | steps 104 | mean total loss 28.883213
VALIDATION EPOCH 155 MEAN COMPONENTS | sdf_constraint_stage1 6.045 sdf_constraint_stage2 6.185 reconstructed_loss 0.493 inter 0.658 normal_constraint 6.363 grad_constraint 7.518 embeddings_constraint 1.620 template_reg 0.000 similarity_constraint 0.000
====================================================================================================
====================================================================================================
EPOCH 156 DONE | steps 1964 | mean total loss 28.724330 | sum total loss 56414.585 | epoch time 129.4s
EPOCH 156 MEAN COMPONENTS | sdf_constraint_stage1 5.891 sdf_constraint_stage2 6.222 reconstructed_loss 0.547 inter 0.620 normal_constraint 6.299 grad_constraint 7.495 embeddings_constraint 1.649 template_reg 0.000 similarity_constraint 0.000
VALIDATION EPOCH 156 | steps 104 | mean total loss 28.285690
VALIDATION EPOCH 156 MEAN COMPONENTS | sdf_constraint_stage1 5.684 sdf_constraint_stage2 5.967 reconstructed_loss 0.516 inter 0.638 normal_constraint 6.377 grad_constraint 7.511 embeddings_constraint 1.593 template_reg 0.000 similarity_constraint 0.000
====================================================================================================
====================================================================================================
EPOCH 157 DONE | steps 1964 | mean total loss 28.537091 | sum total loss 56046.847 | epoch time 129.3s
EPOCH 157 MEAN COMPONENTS | sdf_constraint_stage1 5.822 sdf_constraint_stage2 6.143 reconstructed_loss 0.529 inter 0.620 normal_constraint 6.290 grad_constraint 7.483 embeddings_constraint 1.649 template_reg 0.000 similarity_constraint 0.000
VALIDATION EPOCH 157 | steps 104 | mean total loss 28.091695
VALIDATION EPOCH 157 MEAN COMPONENTS | sdf_constraint_stage1 5.564 sdf_constraint_stage2 5.856 reconstructed_loss 0.476 inter 0.604 normal_constraint 6.386 grad_constraint 7.526 embeddings_constraint 1.680 template_reg 0.000 similarity_constraint 0.000
====================================================================================================
====================================================================================================
EPOCH 158 DONE | steps 1964 | mean total loss 28.650105 | sum total loss 56268.806 | epoch time 129.4s
EPOCH 158 MEAN COMPONENTS | sdf_constraint_stage1 5.874 sdf_constraint_stage2 6.209 reconstructed_loss 0.546 inter 0.621 normal_constraint 6.284 grad_constraint 7.476 embeddings_constraint 1.641 template_reg 0.000 similarity_constraint 0.000
VALIDATION EPOCH 158 | steps 104 | mean total loss 29.442442
VALIDATION EPOCH 158 MEAN COMPONENTS | sdf_constraint_stage1 6.300 sdf_constraint_stage2 6.483 reconstructed_loss 0.494 inter 0.564 normal_constraint 6.444 grad_constraint 7.572 embeddings_constraint 1.586 template_reg 0.000 similarity_constraint 0.000
====================================================================================================
====================================================================================================
EPOCH 159 DONE | steps 1964 | mean total loss 28.652817 | sum total loss 56274.133 | epoch time 129.5s
EPOCH 159 MEAN COMPONENTS | sdf_constraint_stage1 5.884 sdf_constraint_stage2 6.212 reconstructed_loss 0.543 inter 0.619 normal_constraint 6.279 grad_constraint 7.470 embeddings_constraint 1.645 template_reg 0.000 similarity_constraint 0.000
VALIDATION EPOCH 159 | steps 104 | mean total loss 27.767872
VALIDATION EPOCH 159 MEAN COMPONENTS | sdf_constraint_stage1 5.436 sdf_constraint_stage2 5.839 reconstructed_loss 0.522 inter 0.621 normal_constraint 6.302 grad_constraint 7.454 embeddings_constraint 1.593 template_reg 0.000 similarity_constraint 0.000
====================================================================================================
====================================================================================================
EPOCH 160 DONE | steps 1964 | mean total loss 28.455464 | sum total loss 55886.532 | epoch time 129.5s
EPOCH 160 MEAN COMPONENTS | sdf_constraint_stage1 5.805 sdf_constraint_stage2 6.137 reconstructed_loss 0.535 inter 0.619 normal_constraint 6.265 grad_constraint 7.454 embeddings_constraint 1.639 template_reg 0.000 similarity_constraint 0.000
VALIDATION EPOCH 160 | steps 104 | mean total loss 29.754604
VALIDATION EPOCH 160 MEAN COMPONENTS | sdf_constraint_stage1 6.262 sdf_constraint_stage2 6.503 reconstructed_loss 0.623 inter 0.668 normal_constraint 6.470 grad_constraint 7.591 embeddings_constraint 1.638 template_reg 0.000 similarity_constraint 0.000
====================================================================================================
====================================================================================================
EPOCH 161 DONE | steps 1964 | mean total loss 28.668904 | sum total loss 56305.728 | epoch time 129.3s
EPOCH 161 MEAN COMPONENTS | sdf_constraint_stage1 5.894 sdf_constraint_stage2 6.226 reconstructed_loss 0.547 inter 0.621 normal_constraint 6.271 grad_constraint 7.461 embeddings_constraint 1.649 template_reg 0.000 similarity_constraint 0.000
VALIDATION EPOCH 161 | steps 104 | mean total loss 28.499291
VALIDATION EPOCH 161 MEAN COMPONENTS | sdf_constraint_stage1 5.813 sdf_constraint_stage2 6.215 reconstructed_loss 0.448 inter 0.647 normal_constraint 6.319 grad_constraint 7.469 embeddings_constraint 1.588 template_reg 0.000 similarity_constraint 0.000
====================================================================================================
====================================================================================================
EPOCH 162 DONE | steps 1964 | mean total loss 28.461059 | sum total loss 55897.520 | epoch time 129.4s
EPOCH 162 MEAN COMPONENTS | sdf_constraint_stage1 5.810 sdf_constraint_stage2 6.145 reconstructed_loss 0.534 inter 0.620 normal_constraint 6.261 grad_constraint 7.447 embeddings_constraint 1.645 template_reg 0.000 similarity_constraint 0.000
VALIDATION EPOCH 162 | steps 104 | mean total loss 27.832074
VALIDATION EPOCH 162 MEAN COMPONENTS | sdf_constraint_stage1 5.396 sdf_constraint_stage2 5.907 reconstructed_loss 0.532 inter 0.617 normal_constraint 6.299 grad_constraint 7.456 embeddings_constraint 1.625 template_reg 0.000 similarity_constraint 0.000
====================================================================================================
====================================================================================================
EPOCH 163 DONE | steps 1964 | mean total loss 28.364629 | sum total loss 55708.131 | epoch time 129.4s
EPOCH 163 MEAN COMPONENTS | sdf_constraint_stage1 5.786 sdf_constraint_stage2 6.120 reconstructed_loss 0.531 inter 0.620 normal_constraint 6.244 grad_constraint 7.429 embeddings_constraint 1.635 template_reg 0.000 similarity_constraint 0.000
VALIDATION EPOCH 163 | steps 104 | mean total loss 27.639273
VALIDATION EPOCH 163 MEAN COMPONENTS | sdf_constraint_stage1 5.470 sdf_constraint_stage2 5.860 reconstructed_loss 0.506 inter 0.591 normal_constraint 6.264 grad_constraint 7.405 embeddings_constraint 1.543 template_reg 0.000 similarity_constraint 0.000
====================================================================================================
====================================================================================================
EPOCH 164 DONE | steps 1964 | mean total loss 28.406696 | sum total loss 55790.752 | epoch time 129.3s
EPOCH 164 MEAN COMPONENTS | sdf_constraint_stage1 5.801 sdf_constraint_stage2 6.132 reconstructed_loss 0.532 inter 0.620 normal_constraint 6.250 grad_constraint 7.434 embeddings_constraint 1.637 template_reg 0.000 similarity_constraint 0.000
VALIDATION EPOCH 164 | steps 104 | mean total loss 29.532364
VALIDATION EPOCH 164 MEAN COMPONENTS | sdf_constraint_stage1 6.279 sdf_constraint_stage2 6.654 reconstructed_loss 0.550 inter 0.555 normal_constraint 6.360 grad_constraint 7.466 embeddings_constraint 1.668 template_reg 0.000 similarity_constraint 0.000
====================================================================================================
====================================================================================================
EPOCH 165 DONE | steps 1964 | mean total loss 28.349558 | sum total loss 55678.531 | epoch time 129.3s
EPOCH 165 MEAN COMPONENTS | sdf_constraint_stage1 5.786 sdf_constraint_stage2 6.137 reconstructed_loss 0.532 inter 0.619 normal_constraint 6.232 grad_constraint 7.416 embeddings_constraint 1.627 template_reg 0.000 similarity_constraint 0.000
VALIDATION EPOCH 165 | steps 104 | mean total loss 27.625848
VALIDATION EPOCH 165 MEAN COMPONENTS | sdf_constraint_stage1 5.431 sdf_constraint_stage2 5.746 reconstructed_loss 0.538 inter 0.619 normal_constraint 6.269 grad_constraint 7.391 embeddings_constraint 1.631 template_reg 0.000 similarity_constraint 0.000
====================================================================================================
====================================================================================================
EPOCH 166 DONE | steps 1964 | mean total loss 28.405756 | sum total loss 55788.904 | epoch time 129.4s
EPOCH 166 MEAN COMPONENTS | sdf_constraint_stage1 5.811 sdf_constraint_stage2 6.151 reconstructed_loss 0.538 inter 0.618 normal_constraint 6.234 grad_constraint 7.414 embeddings_constraint 1.640 template_reg 0.000 similarity_constraint 0.000
VALIDATION EPOCH 166 | steps 104 | mean total loss 29.497077
VALIDATION EPOCH 166 MEAN COMPONENTS | sdf_constraint_stage1 6.321 sdf_constraint_stage2 6.417 reconstructed_loss 0.561 inter 0.675 normal_constraint 6.393 grad_constraint 7.512 embeddings_constraint 1.618 template_reg 0.000 similarity_constraint 0.000
====================================================================================================
====================================================================================================
EPOCH 167 DONE | steps 1964 | mean total loss 28.253724 | sum total loss 55490.313 | epoch time 129.3s
EPOCH 167 MEAN COMPONENTS | sdf_constraint_stage1 5.760 sdf_constraint_stage2 6.105 reconstructed_loss 0.531 inter 0.620 normal_constraint 6.218 grad_constraint 7.397 embeddings_constraint 1.624 template_reg 0.000 similarity_constraint 0.000
VALIDATION EPOCH 167 | steps 104 | mean total loss 29.019809
VALIDATION EPOCH 167 MEAN COMPONENTS | sdf_constraint_stage1 6.047 sdf_constraint_stage2 6.438 reconstructed_loss 0.528 inter 0.578 normal_constraint 6.330 grad_constraint 7.434 embeddings_constraint 1.664 template_reg 0.000 similarity_constraint 0.000
====================================================================================================
====================================================================================================
EPOCH 168 DONE | steps 1964 | mean total loss 28.311019 | sum total loss 55602.842 | epoch time 129.3s
EPOCH 168 MEAN COMPONENTS | sdf_constraint_stage1 5.789 sdf_constraint_stage2 6.130 reconstructed_loss 0.534 inter 0.618 normal_constraint 6.218 grad_constraint 7.395 embeddings_constraint 1.628 template_reg 0.000 similarity_constraint 0.000
VALIDATION EPOCH 168 | steps 104 | mean total loss 29.153358
VALIDATION EPOCH 168 MEAN COMPONENTS | sdf_constraint_stage1 6.020 sdf_constraint_stage2 6.489 reconstructed_loss 0.595 inter 0.588 normal_constraint 6.378 grad_constraint 7.480 embeddings_constraint 1.604 template_reg 0.000 similarity_constraint 0.000
====================================================================================================
====================================================================================================
EPOCH 169 DONE | steps 1964 | mean total loss 28.359827 | sum total loss 55698.701 | epoch time 129.3s
EPOCH 169 MEAN COMPONENTS | sdf_constraint_stage1 5.810 sdf_constraint_stage2 6.150 reconstructed_loss 0.537 inter 0.619 normal_constraint 6.217 grad_constraint 7.392 embeddings_constraint 1.634 template_reg 0.000 similarity_constraint 0.000
VALIDATION EPOCH 169 | steps 104 | mean total loss 27.811649
VALIDATION EPOCH 169 MEAN COMPONENTS | sdf_constraint_stage1 5.563 sdf_constraint_stage2 5.856 reconstructed_loss 0.459 inter 0.603 normal_constraint 6.303 grad_constraint 7.405 embeddings_constraint 1.623 template_reg 0.000 similarity_constraint 0.000
====================================================================================================
====================================================================================================
EPOCH 170 DONE | steps 1964 | mean total loss 28.170461 | sum total loss 55326.786 | epoch time 129.1s
EPOCH 170 MEAN COMPONENTS | sdf_constraint_stage1 5.739 sdf_constraint_stage2 6.098 reconstructed_loss 0.534 inter 0.619 normal_constraint 6.197 grad_constraint 7.371 embeddings_constraint 1.612 template_reg 0.000 similarity_constraint 0.000
VALIDATION EPOCH 170 | steps 104 | mean total loss 29.377178
VALIDATION EPOCH 170 MEAN COMPONENTS | sdf_constraint_stage1 6.012 sdf_constraint_stage2 6.565 reconstructed_loss 0.635 inter 0.648 normal_constraint 6.409 grad_constraint 7.501 embeddings_constraint 1.606 template_reg 0.000 similarity_constraint 0.000
====================================================================================================
====================================================================================================
EPOCH 171 DONE | steps 1964 | mean total loss 28.212592 | sum total loss 55409.531 | epoch time 129.4s
EPOCH 171 MEAN COMPONENTS | sdf_constraint_stage1 5.764 sdf_constraint_stage2 6.098 reconstructed_loss 0.529 inter 0.618 normal_constraint 6.201 grad_constraint 7.373 embeddings_constraint 1.629 template_reg 0.000 similarity_constraint 0.000
VALIDATION EPOCH 171 | steps 104 | mean total loss 28.556144
VALIDATION EPOCH 171 MEAN COMPONENTS | sdf_constraint_stage1 5.870 sdf_constraint_stage2 6.099 reconstructed_loss 0.494 inter 0.614 normal_constraint 6.375 grad_constraint 7.483 embeddings_constraint 1.621 template_reg 0.000 similarity_constraint 0.000
====================================================================================================
====================================================================================================
EPOCH 172 DONE | steps 1964 | mean total loss 28.155815 | sum total loss 55298.022 | epoch time 129.3s
EPOCH 172 MEAN COMPONENTS | sdf_constraint_stage1 5.747 sdf_constraint_stage2 6.080 reconstructed_loss 0.525 inter 0.617 normal_constraint 6.196 grad_constraint 7.365 embeddings_constraint 1.626 template_reg 0.000 similarity_constraint 0.000
VALIDATION EPOCH 172 | steps 104 | mean total loss 27.779091
VALIDATION EPOCH 172 MEAN COMPONENTS | sdf_constraint_stage1 5.552 sdf_constraint_stage2 5.862 reconstructed_loss 0.451 inter 0.593 normal_constraint 6.291 grad_constraint 7.417 embeddings_constraint 1.613 template_reg 0.000 similarity_constraint 0.000
====================================================================================================
====================================================================================================
EPOCH 173 DONE | steps 1964 | mean total loss 28.174206 | sum total loss 55334.140 | epoch time 129.3s
EPOCH 173 MEAN COMPONENTS | sdf_constraint_stage1 5.753 sdf_constraint_stage2 6.104 reconstructed_loss 0.532 inter 0.618 normal_constraint 6.188 grad_constraint 7.357 embeddings_constraint 1.623 template_reg 0.000 similarity_constraint 0.000
VALIDATION EPOCH 173 | steps 104 | mean total loss 28.544058
VALIDATION EPOCH 173 MEAN COMPONENTS | sdf_constraint_stage1 5.908 sdf_constraint_stage2 6.004 reconstructed_loss 0.515 inter 0.614 normal_constraint 6.359 grad_constraint 7.464 embeddings_constraint 1.679 template_reg 0.000 similarity_constraint 0.000
====================================================================================================
====================================================================================================
EPOCH 174 DONE | steps 1964 | mean total loss 27.991189 | sum total loss 54974.696 | epoch time 129.4s
EPOCH 174 MEAN COMPONENTS | sdf_constraint_stage1 5.687 sdf_constraint_stage2 6.036 reconstructed_loss 0.521 inter 0.617 normal_constraint 6.172 grad_constraint 7.342 embeddings_constraint 1.616 template_reg 0.000 similarity_constraint 0.000
VALIDATION EPOCH 174 | steps 104 | mean total loss 27.877539
VALIDATION EPOCH 174 MEAN COMPONENTS | sdf_constraint_stage1 5.496 sdf_constraint_stage2 6.001 reconstructed_loss 0.489 inter 0.613 normal_constraint 6.287 grad_constraint 7.390 embeddings_constraint 1.601 template_reg 0.000 similarity_constraint 0.000
====================================================================================================
====================================================================================================
EPOCH 175 DONE | steps 1964 | mean total loss 28.242153 | sum total loss 55467.589 | epoch time 129.3s
EPOCH 175 MEAN COMPONENTS | sdf_constraint_stage1 5.794 sdf_constraint_stage2 6.135 reconstructed_loss 0.537 inter 0.618 normal_constraint 6.185 grad_constraint 7.351 embeddings_constraint 1.622 template_reg 0.000 similarity_constraint 0.000
VALIDATION EPOCH 175 | steps 104 | mean total loss 28.820002
VALIDATION EPOCH 175 MEAN COMPONENTS | sdf_constraint_stage1 5.957 sdf_constraint_stage2 6.221 reconstructed_loss 0.553 inter 0.633 normal_constraint 6.352 grad_constraint 7.460 embeddings_constraint 1.644 template_reg 0.000 similarity_constraint 0.000
====================================================================================================
====================================================================================================
EPOCH 176 DONE | steps 1964 | mean total loss 28.032355 | sum total loss 55055.546 | epoch time 129.3s
EPOCH 176 MEAN COMPONENTS | sdf_constraint_stage1 5.709 sdf_constraint_stage2 6.065 reconstructed_loss 0.533 inter 0.618 normal_constraint 6.161 grad_constraint 7.328 embeddings_constraint 1.620 template_reg 0.000 similarity_constraint 0.000
VALIDATION EPOCH 176 | steps 104 | mean total loss 27.600973
VALIDATION EPOCH 176 MEAN COMPONENTS | sdf_constraint_stage1 5.452 sdf_constraint_stage2 5.784 reconstructed_loss 0.473 inter 0.619 normal_constraint 6.281 grad_constraint 7.388 embeddings_constraint 1.603 template_reg 0.000 similarity_constraint 0.000
====================================================================================================
====================================================================================================
EPOCH 177 DONE | steps 1964 | mean total loss 27.951993 | sum total loss 54897.713 | epoch time 129.4s
EPOCH 177 MEAN COMPONENTS | sdf_constraint_stage1 5.689 sdf_constraint_stage2 6.041 reconstructed_loss 0.520 inter 0.617 normal_constraint 6.158 grad_constraint 7.322 embeddings_constraint 1.605 template_reg 0.000 similarity_constraint 0.000
VALIDATION EPOCH 177 | steps 104 | mean total loss 27.341240
VALIDATION EPOCH 177 MEAN COMPONENTS | sdf_constraint_stage1 5.325 sdf_constraint_stage2 5.821 reconstructed_loss 0.458 inter 0.625 normal_constraint 6.221 grad_constraint 7.344 embeddings_constraint 1.546 template_reg 0.000 similarity_constraint 0.000
====================================================================================================
====================================================================================================
EPOCH 178 DONE | steps 1964 | mean total loss 28.156630 | sum total loss 55299.622 | epoch time 129.4s
EPOCH 178 MEAN COMPONENTS | sdf_constraint_stage1 5.767 sdf_constraint_stage2 6.124 reconstructed_loss 0.538 inter 0.617 normal_constraint 6.167 grad_constraint 7.328 embeddings_constraint 1.614 template_reg 0.000 similarity_constraint 0.000
VALIDATION EPOCH 178 | steps 104 | mean total loss 27.417501
VALIDATION EPOCH 178 MEAN COMPONENTS | sdf_constraint_stage1 5.435 sdf_constraint_stage2 5.650 reconstructed_loss 0.550 inter 0.626 normal_constraint 6.215 grad_constraint 7.316 embeddings_constraint 1.625 template_reg 0.000 similarity_constraint 0.000
====================================================================================================
====================================================================================================
EPOCH 179 DONE | steps 1964 | mean total loss 27.755500 | sum total loss 54511.801 | epoch time 129.3s
EPOCH 179 MEAN COMPONENTS | sdf_constraint_stage1 5.623 sdf_constraint_stage2 5.983 reconstructed_loss 0.514 inter 0.616 normal_constraint 6.134 grad_constraint 7.293 embeddings_constraint 1.592 template_reg 0.000 similarity_constraint 0.000
VALIDATION EPOCH 179 | steps 104 | mean total loss 27.598723
VALIDATION EPOCH 179 MEAN COMPONENTS | sdf_constraint_stage1 5.468 sdf_constraint_stage2 5.883 reconstructed_loss 0.530 inter 0.590 normal_constraint 6.228 grad_constraint 7.321 embeddings_constraint 1.578 template_reg 0.000 similarity_constraint 0.000
====================================================================================================
====================================================================================================
EPOCH 180 DONE | steps 1964 | mean total loss 28.014168 | sum total loss 55019.826 | epoch time 129.3s
EPOCH 180 MEAN COMPONENTS | sdf_constraint_stage1 5.727 sdf_constraint_stage2 6.077 reconstructed_loss 0.532 inter 0.616 normal_constraint 6.150 grad_constraint 7.309 embeddings_constraint 1.602 template_reg 0.000 similarity_constraint 0.000
VALIDATION EPOCH 180 | steps 104 | mean total loss 28.507315
VALIDATION EPOCH 180 MEAN COMPONENTS | sdf_constraint_stage1 6.141 sdf_constraint_stage2 6.131 reconstructed_loss 0.489 inter 0.676 normal_constraint 6.177 grad_constraint 7.280 embeddings_constraint 1.613 template_reg 0.000 similarity_constraint 0.000
====================================================================================================
====================================================================================================
EPOCH 181 DONE | steps 1964 | mean total loss 27.885609 | sum total loss 54767.336 | epoch time 129.4s
EPOCH 181 MEAN COMPONENTS | sdf_constraint_stage1 5.678 sdf_constraint_stage2 6.033 reconstructed_loss 0.522 inter 0.617 normal_constraint 6.138 grad_constraint 7.293 embeddings_constraint 1.604 template_reg 0.000 similarity_constraint 0.000
VALIDATION EPOCH 181 | steps 104 | mean total loss 32.245007
VALIDATION EPOCH 181 MEAN COMPONENTS | sdf_constraint_stage1 7.890 sdf_constraint_stage2 8.070 reconstructed_loss 0.629 inter 0.508 normal_constraint 6.253 grad_constraint 7.317 embeddings_constraint 1.577 template_reg 0.000 similarity_constraint 0.000
====================================================================================================
====================================================================================================
EPOCH 182 DONE | steps 1964 | mean total loss 27.864831 | sum total loss 54726.528 | epoch time 129.3s
EPOCH 182 MEAN COMPONENTS | sdf_constraint_stage1 5.681 sdf_constraint_stage2 6.035 reconstructed_loss 0.522 inter 0.617 normal_constraint 6.131 grad_constraint 7.288 embeddings_constraint 1.590 template_reg 0.000 similarity_constraint 0.000
VALIDATION EPOCH 182 | steps 104 | mean total loss 28.622767
VALIDATION EPOCH 182 MEAN COMPONENTS | sdf_constraint_stage1 6.074 sdf_constraint_stage2 6.281 reconstructed_loss 0.514 inter 0.569 normal_constraint 6.247 grad_constraint 7.341 embeddings_constraint 1.596 template_reg 0.000 similarity_constraint 0.000
====================================================================================================
====================================================================================================
EPOCH 183 DONE | steps 1964 | mean total loss 27.823594 | sum total loss 54645.539 | epoch time 129.3s
EPOCH 183 MEAN COMPONENTS | sdf_constraint_stage1 5.664 sdf_constraint_stage2 6.010 reconstructed_loss 0.517 inter 0.617 normal_constraint 6.128 grad_constraint 7.283 embeddings_constraint 1.604 template_reg 0.000 similarity_constraint 0.000
VALIDATION EPOCH 183 | steps 104 | mean total loss 27.332674
VALIDATION EPOCH 183 MEAN COMPONENTS | sdf_constraint_stage1 5.430 sdf_constraint_stage2 5.745 reconstructed_loss 0.447 inter 0.632 normal_constraint 6.200 grad_constraint 7.291 embeddings_constraint 1.588 template_reg 0.000 similarity_constraint 0.000
====================================================================================================
====================================================================================================
EPOCH 184 DONE | steps 1964 | mean total loss 27.851585 | sum total loss 54700.513 | epoch time 129.5s
EPOCH 184 MEAN COMPONENTS | sdf_constraint_stage1 5.681 sdf_constraint_stage2 6.035 reconstructed_loss 0.525 inter 0.616 normal_constraint 6.121 grad_constraint 7.274 embeddings_constraint 1.600 template_reg 0.000 similarity_constraint 0.000
VALIDATION EPOCH 184 | steps 104 | mean total loss 27.963081
VALIDATION EPOCH 184 MEAN COMPONENTS | sdf_constraint_stage1 5.577 sdf_constraint_stage2 6.077 reconstructed_loss 0.556 inter 0.612 normal_constraint 6.223 grad_constraint 7.313 embeddings_constraint 1.604 template_reg 0.000 similarity_constraint 0.000
====================================================================================================
====================================================================================================
EPOCH 185 DONE | steps 1964 | mean total loss 27.881263 | sum total loss 54758.801 | epoch time 129.4s
EPOCH 185 MEAN COMPONENTS | sdf_constraint_stage1 5.697 sdf_constraint_stage2 6.047 reconstructed_loss 0.524 inter 0.616 normal_constraint 6.125 grad_constraint 7.275 embeddings_constraint 1.597 template_reg 0.000 similarity_constraint 0.000
VALIDATION EPOCH 185 | steps 104 | mean total loss 28.250988
VALIDATION EPOCH 185 MEAN COMPONENTS | sdf_constraint_stage1 5.656 sdf_constraint_stage2 6.212 reconstructed_loss 0.493 inter 0.603 normal_constraint 6.261 grad_constraint 7.347 embeddings_constraint 1.678 template_reg 0.000 similarity_constraint 0.000
====================================================================================================
====================================================================================================
EPOCH 186 DONE | steps 1964 | mean total loss 27.779113 | sum total loss 54558.178 | epoch time 129.2s
EPOCH 186 MEAN COMPONENTS | sdf_constraint_stage1 5.663 sdf_constraint_stage2 6.010 reconstructed_loss 0.517 inter 0.617 normal_constraint 6.107 grad_constraint 7.259 embeddings_constraint 1.605 template_reg 0.000 similarity_constraint 0.000
VALIDATION EPOCH 186 | steps 104 | mean total loss 27.394126
VALIDATION EPOCH 186 MEAN COMPONENTS | sdf_constraint_stage1 5.457 sdf_constraint_stage2 5.706 reconstructed_loss 0.464 inter 0.623 normal_constraint 6.235 grad_constraint 7.341 embeddings_constraint 1.568 template_reg 0.000 similarity_constraint 0.000
====================================================================================================
====================================================================================================
EPOCH 187 DONE | steps 1964 | mean total loss 27.763419 | sum total loss 54527.355 | epoch time 129.3s
EPOCH 187 MEAN COMPONENTS | sdf_constraint_stage1 5.650 sdf_constraint_stage2 5.999 reconstructed_loss 0.519 inter 0.617 normal_constraint 6.113 grad_constraint 7.262 embeddings_constraint 1.604 template_reg 0.000 similarity_constraint 0.000
VALIDATION EPOCH 187 | steps 104 | mean total loss 27.738164
VALIDATION EPOCH 187 MEAN COMPONENTS | sdf_constraint_stage1 5.516 sdf_constraint_stage2 5.954 reconstructed_loss 0.476 inter 0.611 normal_constraint 6.233 grad_constraint 7.312 embeddings_constraint 1.638 template_reg 0.000 similarity_constraint 0.000
====================================================================================================
====================================================================================================
EPOCH 188 DONE | steps 1964 | mean total loss 27.757726 | sum total loss 54516.173 | epoch time 129.4s
EPOCH 188 MEAN COMPONENTS | sdf_constraint_stage1 5.668 sdf_constraint_stage2 6.031 reconstructed_loss 0.525 inter 0.615 normal_constraint 6.094 grad_constraint 7.241 embeddings_constraint 1.584 template_reg 0.000 similarity_constraint 0.000
VALIDATION EPOCH 188 | steps 104 | mean total loss 28.736976
VALIDATION EPOCH 188 MEAN COMPONENTS | sdf_constraint_stage1 6.077 sdf_constraint_stage2 6.502 reconstructed_loss 0.512 inter 0.563 normal_constraint 6.238 grad_constraint 7.309 embeddings_constraint 1.537 template_reg 0.000 similarity_constraint 0.000
====================================================================================================
====================================================================================================
EPOCH 189 DONE | steps 1964 | mean total loss 27.587781 | sum total loss 54182.402 | epoch time 129.4s
EPOCH 189 MEAN COMPONENTS | sdf_constraint_stage1 5.597 sdf_constraint_stage2 5.960 reconstructed_loss 0.513 inter 0.616 normal_constraint 6.087 grad_constraint 7.234 embeddings_constraint 1.580 template_reg 0.000 similarity_constraint 0.000
VALIDATION EPOCH 189 | steps 104 | mean total loss 28.410076
VALIDATION EPOCH 189 MEAN COMPONENTS | sdf_constraint_stage1 5.742 sdf_constraint_stage2 6.205 reconstructed_loss 0.642 inter 0.654 normal_constraint 6.234 grad_constraint 7.326 embeddings_constraint 1.606 template_reg 0.001 similarity_constraint 0.000
====================================================================================================
====================================================================================================
EPOCH 190 DONE | steps 1964 | mean total loss 27.710767 | sum total loss 54423.946 | epoch time 129.3s
EPOCH 190 MEAN COMPONENTS | sdf_constraint_stage1 5.643 sdf_constraint_stage2 6.010 reconstructed_loss 0.527 inter 0.614 normal_constraint 6.090 grad_constraint 7.233 embeddings_constraint 1.593 template_reg 0.000 similarity_constraint 0.000
VALIDATION EPOCH 190 | steps 104 | mean total loss 27.711961
VALIDATION EPOCH 190 MEAN COMPONENTS | sdf_constraint_stage1 5.506 sdf_constraint_stage2 5.992 reconstructed_loss 0.491 inter 0.603 normal_constraint 6.236 grad_constraint 7.315 embeddings_constraint 1.569 template_reg 0.001 similarity_constraint 0.000
====================================================================================================
====================================================================================================
EPOCH 191 DONE | steps 1964 | mean total loss 27.516715 | sum total loss 54042.827 | epoch time 129.4s
EPOCH 191 MEAN COMPONENTS | sdf_constraint_stage1 5.576 sdf_constraint_stage2 5.947 reconstructed_loss 0.512 inter 0.614 normal_constraint 6.074 grad_constraint 7.219 embeddings_constraint 1.575 template_reg 0.000 similarity_constraint 0.000
VALIDATION EPOCH 191 | steps 104 | mean total loss 27.755200
VALIDATION EPOCH 191 MEAN COMPONENTS | sdf_constraint_stage1 5.550 sdf_constraint_stage2 6.014 reconstructed_loss 0.518 inter 0.613 normal_constraint 6.199 grad_constraint 7.284 embeddings_constraint 1.577 template_reg 0.000 similarity_constraint 0.000
====================================================================================================
====================================================================================================
EPOCH 192 DONE | steps 1964 | mean total loss 27.597295 | sum total loss 54201.088 | epoch time 129.2s
EPOCH 192 MEAN COMPONENTS | sdf_constraint_stage1 5.617 sdf_constraint_stage2 5.968 reconstructed_loss 0.514 inter 0.614 normal_constraint 6.080 grad_constraint 7.221 embeddings_constraint 1.583 template_reg 0.000 similarity_constraint 0.000
VALIDATION EPOCH 192 | steps 104 | mean total loss 28.628832
VALIDATION EPOCH 192 MEAN COMPONENTS | sdf_constraint_stage1 5.957 sdf_constraint_stage2 6.507 reconstructed_loss 0.579 inter 0.570 normal_constraint 6.180 grad_constraint 7.249 embeddings_constraint 1.586 template_reg 0.000 similarity_constraint 0.000
====================================================================================================
====================================================================================================
EPOCH 193 DONE | steps 1964 | mean total loss 27.665932 | sum total loss 54335.891 | epoch time 129.4s
EPOCH 193 MEAN COMPONENTS | sdf_constraint_stage1 5.643 sdf_constraint_stage2 5.998 reconstructed_loss 0.519 inter 0.615 normal_constraint 6.079 grad_constraint 7.219 embeddings_constraint 1.592 template_reg 0.000 similarity_constraint 0.000
VALIDATION EPOCH 193 | steps 104 | mean total loss 28.011945
VALIDATION EPOCH 193 MEAN COMPONENTS | sdf_constraint_stage1 5.796 sdf_constraint_stage2 6.056 reconstructed_loss 0.484 inter 0.566 normal_constraint 6.199 grad_constraint 7.256 embeddings_constraint 1.655 template_reg 0.000 similarity_constraint 0.000
====================================================================================================
====================================================================================================
EPOCH 194 DONE | steps 1964 | mean total loss 27.692017 | sum total loss 54387.121 | epoch time 129.3s
EPOCH 194 MEAN COMPONENTS | sdf_constraint_stage1 5.671 sdf_constraint_stage2 6.014 reconstructed_loss 0.520 inter 0.615 normal_constraint 6.070 grad_constraint 7.208 embeddings_constraint 1.593 template_reg 0.000 similarity_constraint 0.000
VALIDATION EPOCH 194 | steps 104 | mean total loss 27.891162
VALIDATION EPOCH 194 MEAN COMPONENTS | sdf_constraint_stage1 5.564 sdf_constraint_stage2 6.299 reconstructed_loss 0.615 inter 0.602 normal_constraint 6.116 grad_constraint 7.190 embeddings_constraint 1.505 template_reg 0.000 similarity_constraint 0.000
====================================================================================================
====================================================================================================
EPOCH 195 DONE | steps 1964 | mean total loss 27.498358 | sum total loss 54006.775 | epoch time 129.4s
EPOCH 195 MEAN COMPONENTS | sdf_constraint_stage1 5.573 sdf_constraint_stage2 5.957 reconstructed_loss 0.519 inter 0.615 normal_constraint 6.061 grad_constraint 7.198 embeddings_constraint 1.574 template_reg 0.000 similarity_constraint 0.000
VALIDATION EPOCH 195 | steps 104 | mean total loss 29.090273
VALIDATION EPOCH 195 MEAN COMPONENTS | sdf_constraint_stage1 6.047 sdf_constraint_stage2 6.481 reconstructed_loss 0.739 inter 0.657 normal_constraint 6.238 grad_constraint 7.338 embeddings_constraint 1.590 template_reg 0.000 similarity_constraint 0.000
====================================================================================================
====================================================================================================
EPOCH 196 DONE | steps 1964 | mean total loss 27.513861 | sum total loss 54037.223 | epoch time 129.4s
EPOCH 196 MEAN COMPONENTS | sdf_constraint_stage1 5.585 sdf_constraint_stage2 5.955 reconstructed_loss 0.516 inter 0.615 normal_constraint 6.057 grad_constraint 7.193 embeddings_constraint 1.593 template_reg 0.000 similarity_constraint 0.000
VALIDATION EPOCH 196 | steps 104 | mean total loss 27.231124
VALIDATION EPOCH 196 MEAN COMPONENTS | sdf_constraint_stage1 5.381 sdf_constraint_stage2 5.683 reconstructed_loss 0.450 inter 0.612 normal_constraint 6.211 grad_constraint 7.286 embeddings_constraint 1.607 template_reg 0.000 similarity_constraint 0.000
====================================================================================================
====================================================================================================
EPOCH 197 DONE | steps 1964 | mean total loss 27.479653 | sum total loss 53970.038 | epoch time 129.2s
EPOCH 197 MEAN COMPONENTS | sdf_constraint_stage1 5.585 sdf_constraint_stage2 5.945 reconstructed_loss 0.512 inter 0.614 normal_constraint 6.054 grad_constraint 7.188 embeddings_constraint 1.581 template_reg 0.000 similarity_constraint 0.000
VALIDATION EPOCH 197 | steps 104 | mean total loss 29.396697
VALIDATION EPOCH 197 MEAN COMPONENTS | sdf_constraint_stage1 6.401 sdf_constraint_stage2 6.454 reconstructed_loss 0.609 inter 0.692 normal_constraint 6.274 grad_constraint 7.346 embeddings_constraint 1.621 template_reg 0.000 similarity_constraint 0.000
====================================================================================================
====================================================================================================
EPOCH 198 DONE | steps 1964 | mean total loss 27.499176 | sum total loss 54008.381 | epoch time 129.3s
EPOCH 198 MEAN COMPONENTS | sdf_constraint_stage1 5.600 sdf_constraint_stage2 5.962 reconstructed_loss 0.515 inter 0.615 normal_constraint 6.046 grad_constraint 7.180 embeddings_constraint 1.580 template_reg 0.000 similarity_constraint 0.000
VALIDATION EPOCH 198 | steps 104 | mean total loss 27.900600
VALIDATION EPOCH 198 MEAN COMPONENTS | sdf_constraint_stage1 5.458 sdf_constraint_stage2 6.337 reconstructed_loss 0.667 inter 0.592 normal_constraint 6.110 grad_constraint 7.187 embeddings_constraint 1.551 template_reg 0.000 similarity_constraint 0.000
====================================================================================================
====================================================================================================
EPOCH 199 DONE | steps 1964 | mean total loss 27.405029 | sum total loss 53823.478 | epoch time 129.4s
EPOCH 199 MEAN COMPONENTS | sdf_constraint_stage1 5.561 sdf_constraint_stage2 5.926 reconstructed_loss 0.510 inter 0.614 normal_constraint 6.043 grad_constraint 7.174 embeddings_constraint 1.577 template_reg 0.000 similarity_constraint 0.000
VALIDATION EPOCH 199 | steps 104 | mean total loss 27.492288
VALIDATION EPOCH 199 MEAN COMPONENTS | sdf_constraint_stage1 5.514 sdf_constraint_stage2 5.896 reconstructed_loss 0.424 inter 0.583 normal_constraint 6.185 grad_constraint 7.262 embeddings_constraint 1.628 template_reg 0.000 similarity_constraint 0.000
====================================================================================================
====================================================================================================
EPOCH 200 DONE | steps 1964 | mean total loss 27.477552 | sum total loss 53965.911 | epoch time 129.3s
EPOCH 200 MEAN COMPONENTS | sdf_constraint_stage1 5.592 sdf_constraint_stage2 5.965 reconstructed_loss 0.520 inter 0.614 normal_constraint 6.036 grad_constraint 7.165 embeddings_constraint 1.585 template_reg 0.000 similarity_constraint 0.000
VALIDATION EPOCH 200 | steps 104 | mean total loss 27.660937
VALIDATION EPOCH 200 MEAN COMPONENTS | sdf_constraint_stage1 5.581 sdf_constraint_stage2 6.123 reconstructed_loss 0.528 inter 0.589 normal_constraint 6.127 grad_constraint 7.195 embeddings_constraint 1.517 template_reg 0.000 similarity_constraint 0.000
====================================================================================================
====================================================================================================
EPOCH 201 DONE | steps 1964 | mean total loss 27.429943 | sum total loss 53872.407 | epoch time 129.4s
EPOCH 201 MEAN COMPONENTS | sdf_constraint_stage1 5.585 sdf_constraint_stage2 5.950 reconstructed_loss 0.515 inter 0.613 normal_constraint 6.036 grad_constraint 7.166 embeddings_constraint 1.564 template_reg 0.000 similarity_constraint 0.000
VALIDATION EPOCH 201 | steps 104 | mean total loss 27.473767
VALIDATION EPOCH 201 MEAN COMPONENTS | sdf_constraint_stage1 5.622 sdf_constraint_stage2 5.831 reconstructed_loss 0.449 inter 0.641 normal_constraint 6.134 grad_constraint 7.198 embeddings_constraint 1.598 template_reg 0.000 similarity_constraint 0.000
====================================================================================================
====================================================================================================
EPOCH 202 DONE | steps 1964 | mean total loss 27.393652 | sum total loss 53801.133 | epoch time 129.4s
EPOCH 202 MEAN COMPONENTS | sdf_constraint_stage1 5.569 sdf_constraint_stage2 5.944 reconstructed_loss 0.515 inter 0.615 normal_constraint 6.025 grad_constraint 7.151 embeddings_constraint 1.574 template_reg 0.000 similarity_constraint 0.000
VALIDATION EPOCH 202 | steps 104 | mean total loss 28.316838
VALIDATION EPOCH 202 MEAN COMPONENTS | sdf_constraint_stage1 5.796 sdf_constraint_stage2 6.236 reconstructed_loss 0.600 inter 0.631 normal_constraint 6.206 grad_constraint 7.286 embeddings_constraint 1.562 template_reg 0.000 similarity_constraint 0.000
====================================================================================================
====================================================================================================
EPOCH 203 DONE | steps 1964 | mean total loss 27.256750 | sum total loss 53532.257 | epoch time 129.3s
EPOCH 203 MEAN COMPONENTS | sdf_constraint_stage1 5.534 sdf_constraint_stage2 5.892 reconstructed_loss 0.505 inter 0.614 normal_constraint 6.012 grad_constraint 7.139 embeddings_constraint 1.561 template_reg 0.000 similarity_constraint 0.000
VALIDATION EPOCH 203 | steps 104 | mean total loss 27.429961
VALIDATION EPOCH 203 MEAN COMPONENTS | sdf_constraint_stage1 5.588 sdf_constraint_stage2 5.905 reconstructed_loss 0.445 inter 0.623 normal_constraint 6.144 grad_constraint 7.218 embeddings_constraint 1.506 template_reg 0.000 similarity_constraint 0.000
====================================================================================================
====================================================================================================
EPOCH 204 DONE | steps 1964 | mean total loss 27.368085 | sum total loss 53750.918 | epoch time 129.4s
EPOCH 204 MEAN COMPONENTS | sdf_constraint_stage1 5.568 sdf_constraint_stage2 5.921 reconstructed_loss 0.508 inter 0.614 normal_constraint 6.024 grad_constraint 7.149 embeddings_constraint 1.584 template_reg 0.000 similarity_constraint 0.000
VALIDATION EPOCH 204 | steps 104 | mean total loss 27.167591
VALIDATION EPOCH 204 MEAN COMPONENTS | sdf_constraint_stage1 5.381 sdf_constraint_stage2 5.835 reconstructed_loss 0.530 inter 0.612 normal_constraint 6.084 grad_constraint 7.149 embeddings_constraint 1.576 template_reg 0.000 similarity_constraint 0.000
====================================================================================================
====================================================================================================
EPOCH 205 DONE | steps 1964 | mean total loss 27.192331 | sum total loss 53405.737 | epoch time 129.4s
EPOCH 205 MEAN COMPONENTS | sdf_constraint_stage1 5.498 sdf_constraint_stage2 5.872 reconstructed_loss 0.506 inter 0.614 normal_constraint 6.006 grad_constraint 7.127 embeddings_constraint 1.569 template_reg 0.000 similarity_constraint 0.000
VALIDATION EPOCH 205 | steps 104 | mean total loss 27.247521
VALIDATION EPOCH 205 MEAN COMPONENTS | sdf_constraint_stage1 5.557 sdf_constraint_stage2 5.823 reconstructed_loss 0.433 inter 0.589 normal_constraint 6.111 grad_constraint 7.167 embeddings_constraint 1.567 template_reg 0.001 similarity_constraint 0.000
====================================================================================================
====================================================================================================
EPOCH 206 DONE | steps 1964 | mean total loss 27.550766 | sum total loss 54109.705 | epoch time 129.4s
EPOCH 206 MEAN COMPONENTS | sdf_constraint_stage1 5.657 sdf_constraint_stage2 6.013 reconstructed_loss 0.524 inter 0.614 normal_constraint 6.021 grad_constraint 7.144 embeddings_constraint 1.578 template_reg 0.000 similarity_constraint 0.000
VALIDATION EPOCH 206 | steps 104 | mean total loss 26.431834
VALIDATION EPOCH 206 MEAN COMPONENTS | sdf_constraint_stage1 5.111 sdf_constraint_stage2 5.573 reconstructed_loss 0.540 inter 0.595 normal_constraint 6.002 grad_constraint 7.077 embeddings_constraint 1.533 template_reg 0.000 similarity_constraint 0.000
====================================================================================================
====================================================================================================
EPOCH 207 DONE | steps 1964 | mean total loss 27.187822 | sum total loss 53396.882 | epoch time 129.3s
EPOCH 207 MEAN COMPONENTS | sdf_constraint_stage1 5.512 sdf_constraint_stage2 5.890 reconstructed_loss 0.510 inter 0.614 normal_constraint 5.997 grad_constraint 7.116 embeddings_constraint 1.550 template_reg 0.000 similarity_constraint 0.000
VALIDATION EPOCH 207 | steps 104 | mean total loss 26.803359
VALIDATION EPOCH 207 MEAN COMPONENTS | sdf_constraint_stage1 5.183 sdf_constraint_stage2 5.697 reconstructed_loss 0.461 inter 0.600 normal_constraint 6.094 grad_constraint 7.152 embeddings_constraint 1.616 template_reg 0.000 similarity_constraint 0.000
====================================================================================================
====================================================================================================
EPOCH 208 DONE | steps 1964 | mean total loss 27.219271 | sum total loss 53458.648 | epoch time 129.4s
EPOCH 208 MEAN COMPONENTS | sdf_constraint_stage1 5.532 sdf_constraint_stage2 5.900 reconstructed_loss 0.509 inter 0.614 normal_constraint 5.995 grad_constraint 7.113 embeddings_constraint 1.556 template_reg 0.000 similarity_constraint 0.000
VALIDATION EPOCH 208 | steps 104 | mean total loss 28.406190
VALIDATION EPOCH 208 MEAN COMPONENTS | sdf_constraint_stage1 5.950 sdf_constraint_stage2 6.379 reconstructed_loss 0.548 inter 0.563 normal_constraint 6.178 grad_constraint 7.228 embeddings_constraint 1.559 template_reg 0.000 similarity_constraint 0.000
====================================================================================================
====================================================================================================
EPOCH 209 DONE | steps 1964 | mean total loss 27.216156 | sum total loss 53452.531 | epoch time 129.3s
EPOCH 209 MEAN COMPONENTS | sdf_constraint_stage1 5.530 sdf_constraint_stage2 5.900 reconstructed_loss 0.511 inter 0.614 normal_constraint 5.990 grad_constraint 7.109 embeddings_constraint 1.562 template_reg 0.000 similarity_constraint 0.000
VALIDATION EPOCH 209 | steps 104 | mean total loss 26.849230
VALIDATION EPOCH 209 MEAN COMPONENTS | sdf_constraint_stage1 5.243 sdf_constraint_stage2 5.715 reconstructed_loss 0.526 inter 0.618 normal_constraint 6.085 grad_constraint 7.134 embeddings_constraint 1.528 template_reg 0.000 similarity_constraint 0.000
====================================================================================================
====================================================================================================
EPOCH 210 DONE | steps 1964 | mean total loss 27.244271 | sum total loss 53507.749 | epoch time 129.3s
EPOCH 210 MEAN COMPONENTS | sdf_constraint_stage1 5.545 sdf_constraint_stage2 5.921 reconstructed_loss 0.513 inter 0.614 normal_constraint 5.991 grad_constraint 7.106 embeddings_constraint 1.553 template_reg 0.000 similarity_constraint 0.000
VALIDATION EPOCH 210 | steps 104 | mean total loss 27.942228
VALIDATION EPOCH 210 MEAN COMPONENTS | sdf_constraint_stage1 5.878 sdf_constraint_stage2 6.132 reconstructed_loss 0.507 inter 0.668 normal_constraint 6.050 grad_constraint 7.121 embeddings_constraint 1.585 template_reg 0.000 similarity_constraint 0.000
====================================================================================================
====================================================================================================
EPOCH 211 DONE | steps 1964 | mean total loss 27.139573 | sum total loss 53302.122 | epoch time 129.4s
EPOCH 211 MEAN COMPONENTS | sdf_constraint_stage1 5.508 sdf_constraint_stage2 5.885 reconstructed_loss 0.507 inter 0.612 normal_constraint 5.983 grad_constraint 7.093 embeddings_constraint 1.551 template_reg 0.000 similarity_constraint 0.000
VALIDATION EPOCH 211 | steps 104 | mean total loss 26.937230
VALIDATION EPOCH 211 MEAN COMPONENTS | sdf_constraint_stage1 5.377 sdf_constraint_stage2 5.674 reconstructed_loss 0.494 inter 0.595 normal_constraint 6.099 grad_constraint 7.148 embeddings_constraint 1.549 template_reg 0.000 similarity_constraint 0.000
====================================================================================================
====================================================================================================
EPOCH 212 DONE | steps 1964 | mean total loss 27.145759 | sum total loss 53314.271 | epoch time 129.4s
EPOCH 212 MEAN COMPONENTS | sdf_constraint_stage1 5.510 sdf_constraint_stage2 5.889 reconstructed_loss 0.510 inter 0.614 normal_constraint 5.976 grad_constraint 7.088 embeddings_constraint 1.559 template_reg 0.000 similarity_constraint 0.000
VALIDATION EPOCH 212 | steps 104 | mean total loss 27.544988
VALIDATION EPOCH 212 MEAN COMPONENTS | sdf_constraint_stage1 5.653 sdf_constraint_stage2 6.014 reconstructed_loss 0.488 inter 0.593 normal_constraint 6.100 grad_constraint 7.174 embeddings_constraint 1.524 template_reg 0.000 similarity_constraint 0.000
====================================================================================================
====================================================================================================
EPOCH 213 DONE | steps 1964 | mean total loss 27.209881 | sum total loss 53440.206 | epoch time 129.5s
EPOCH 213 MEAN COMPONENTS | sdf_constraint_stage1 5.560 sdf_constraint_stage2 5.908 reconstructed_loss 0.510 inter 0.614 normal_constraint 5.977 grad_constraint 7.088 embeddings_constraint 1.553 template_reg 0.000 similarity_constraint 0.000
VALIDATION EPOCH 213 | steps 104 | mean total loss 26.507197
VALIDATION EPOCH 213 MEAN COMPONENTS | sdf_constraint_stage1 5.241 sdf_constraint_stage2 5.478 reconstructed_loss 0.501 inter 0.598 normal_constraint 6.046 grad_constraint 7.103 embeddings_constraint 1.540 template_reg 0.000 similarity_constraint 0.000
====================================================================================================
====================================================================================================
EPOCH 214 DONE | steps 1964 | mean total loss 27.086616 | sum total loss 53198.113 | epoch time 129.3s
EPOCH 214 MEAN COMPONENTS | sdf_constraint_stage1 5.485 sdf_constraint_stage2 5.879 reconstructed_loss 0.513 inter 0.612 normal_constraint 5.967 grad_constraint 7.079 embeddings_constraint 1.551 template_reg 0.000 similarity_constraint 0.000
VALIDATION EPOCH 214 | steps 104 | mean total loss 26.684105
VALIDATION EPOCH 214 MEAN COMPONENTS | sdf_constraint_stage1 5.331 sdf_constraint_stage2 5.650 reconstructed_loss 0.477 inter 0.637 normal_constraint 6.023 grad_constraint 7.079 embeddings_constraint 1.487 template_reg 0.000 similarity_constraint 0.000
====================================================================================================
====================================================================================================
EPOCH 215 DONE | steps 1964 | mean total loss 27.139496 | sum total loss 53301.970 | epoch time 129.5s
EPOCH 215 MEAN COMPONENTS | sdf_constraint_stage1 5.523 sdf_constraint_stage2 5.885 reconstructed_loss 0.504 inter 0.613 normal_constraint 5.973 grad_constraint 7.078 embeddings_constraint 1.563 template_reg 0.000 similarity_constraint 0.000
VALIDATION EPOCH 215 | steps 104 | mean total loss 26.853401
VALIDATION EPOCH 215 MEAN COMPONENTS | sdf_constraint_stage1 5.406 sdf_constraint_stage2 5.771 reconstructed_loss 0.451 inter 0.578 normal_constraint 6.056 grad_constraint 7.087 embeddings_constraint 1.505 template_reg 0.000 similarity_constraint 0.000
====================================================================================================
====================================================================================================
EPOCH 216 DONE | steps 1964 | mean total loss 26.985301 | sum total loss 52999.131 | epoch time 129.3s
EPOCH 216 MEAN COMPONENTS | sdf_constraint_stage1 5.470 sdf_constraint_stage2 5.845 reconstructed_loss 0.505 inter 0.613 normal_constraint 5.955 grad_constraint 7.062 embeddings_constraint 1.535 template_reg 0.000 similarity_constraint 0.000
VALIDATION EPOCH 216 | steps 104 | mean total loss 26.578814
VALIDATION EPOCH 216 MEAN COMPONENTS | sdf_constraint_stage1 5.192 sdf_constraint_stage2 5.652 reconstructed_loss 0.479 inter 0.605 normal_constraint 6.036 grad_constraint 7.101 embeddings_constraint 1.513 template_reg 0.000 similarity_constraint 0.000
====================================================================================================
====================================================================================================
EPOCH 217 DONE | steps 1964 | mean total loss 27.147562 | sum total loss 53317.812 | epoch time 129.4s
EPOCH 217 MEAN COMPONENTS | sdf_constraint_stage1 5.529 sdf_constraint_stage2 5.899 reconstructed_loss 0.510 inter 0.612 normal_constraint 5.966 grad_constraint 7.070 embeddings_constraint 1.560 template_reg 0.000 similarity_constraint 0.000
VALIDATION EPOCH 217 | steps 104 | mean total loss 26.229620
VALIDATION EPOCH 217 MEAN COMPONENTS | sdf_constraint_stage1 5.112 sdf_constraint_stage2 5.464 reconstructed_loss 0.450 inter 0.597 normal_constraint 6.008 grad_constraint 7.051 embeddings_constraint 1.548 template_reg 0.000 similarity_constraint 0.000
====================================================================================================
====================================================================================================
EPOCH 218 DONE | steps 1964 | mean total loss 27.071890 | sum total loss 53169.193 | epoch time 129.2s
EPOCH 218 MEAN COMPONENTS | sdf_constraint_stage1 5.523 sdf_constraint_stage2 5.884 reconstructed_loss 0.510 inter 0.612 normal_constraint 5.949 grad_constraint 7.053 embeddings_constraint 1.541 template_reg 0.000 similarity_constraint 0.000
VALIDATION EPOCH 218 | steps 104 | mean total loss 26.735262
VALIDATION EPOCH 218 MEAN COMPONENTS | sdf_constraint_stage1 5.273 sdf_constraint_stage2 5.719 reconstructed_loss 0.470 inter 0.623 normal_constraint 6.022 grad_constraint 7.059 embeddings_constraint 1.569 template_reg 0.000 similarity_constraint 0.000
====================================================================================================
====================================================================================================
EPOCH 219 DONE | steps 1964 | mean total loss 26.947095 | sum total loss 52924.095 | epoch time 129.4s
EPOCH 219 MEAN COMPONENTS | sdf_constraint_stage1 5.464 sdf_constraint_stage2 5.840 reconstructed_loss 0.501 inter 0.612 normal_constraint 5.943 grad_constraint 7.045 embeddings_constraint 1.541 template_reg 0.000 similarity_constraint 0.000
VALIDATION EPOCH 219 | steps 104 | mean total loss 26.945999
VALIDATION EPOCH 219 MEAN COMPONENTS | sdf_constraint_stage1 5.323 sdf_constraint_stage2 5.830 reconstructed_loss 0.458 inter 0.595 normal_constraint 6.061 grad_constraint 7.108 embeddings_constraint 1.571 template_reg 0.000 similarity_constraint 0.000
====================================================================================================
====================================================================================================
EPOCH 220 DONE | steps 1964 | mean total loss 27.046386 | sum total loss 53119.102 | epoch time 129.2s
EPOCH 220 MEAN COMPONENTS | sdf_constraint_stage1 5.504 sdf_constraint_stage2 5.885 reconstructed_loss 0.510 inter 0.613 normal_constraint 5.945 grad_constraint 7.047 embeddings_constraint 1.542 template_reg 0.000 similarity_constraint 0.000
VALIDATION EPOCH 220 | steps 104 | mean total loss 29.422023
VALIDATION EPOCH 220 MEAN COMPONENTS | sdf_constraint_stage1 6.615 sdf_constraint_stage2 6.563 reconstructed_loss 0.637 inter 0.684 normal_constraint 6.144 grad_constraint 7.181 embeddings_constraint 1.598 template_reg 0.000 similarity_constraint 0.000
====================================================================================================
====================================================================================================
EPOCH 221 DONE | steps 1964 | mean total loss 26.953979 | sum total loss 52937.615 | epoch time 129.3s
EPOCH 221 MEAN COMPONENTS | sdf_constraint_stage1 5.470 sdf_constraint_stage2 5.854 reconstructed_loss 0.508 inter 0.613 normal_constraint 5.935 grad_constraint 7.034 embeddings_constraint 1.540 template_reg 0.000 similarity_constraint 0.000
VALIDATION EPOCH 221 | steps 104 | mean total loss 27.643922
VALIDATION EPOCH 221 MEAN COMPONENTS | sdf_constraint_stage1 5.767 sdf_constraint_stage2 6.121 reconstructed_loss 0.443 inter 0.581 normal_constraint 6.056 grad_constraint 7.125 embeddings_constraint 1.551 template_reg 0.000 similarity_constraint 0.000
====================================================================================================
====================================================================================================
EPOCH 222 DONE | steps 1964 | mean total loss 26.704872 | sum total loss 52448.368 | epoch time 129.3s
EPOCH 222 MEAN COMPONENTS | sdf_constraint_stage1 5.378 sdf_constraint_stage2 5.761 reconstructed_loss 0.493 inter 0.611 normal_constraint 5.917 grad_constraint 7.017 embeddings_constraint 1.528 template_reg 0.000 similarity_constraint 0.000
VALIDATION EPOCH 222 | steps 104 | mean total loss 26.345951
VALIDATION EPOCH 222 MEAN COMPONENTS | sdf_constraint_stage1 5.215 sdf_constraint_stage2 5.532 reconstructed_loss 0.471 inter 0.617 normal_constraint 5.994 grad_constraint 7.048 embeddings_constraint 1.469 template_reg 0.000 similarity_constraint 0.000
====================================================================================================
====================================================================================================
EPOCH 223 DONE | steps 1964 | mean total loss 26.959722 | sum total loss 52948.895 | epoch time 129.4s
EPOCH 223 MEAN COMPONENTS | sdf_constraint_stage1 5.456 sdf_constraint_stage2 5.840 reconstructed_loss 0.503 inter 0.613 normal_constraint 5.946 grad_constraint 7.042 embeddings_constraint 1.559 template_reg 0.000 similarity_constraint 0.000
VALIDATION EPOCH 223 | steps 104 | mean total loss 27.171148
VALIDATION EPOCH 223 MEAN COMPONENTS | sdf_constraint_stage1 5.444 sdf_constraint_stage2 5.852 reconstructed_loss 0.550 inter 0.623 normal_constraint 6.038 grad_constraint 7.084 embeddings_constraint 1.580 template_reg 0.000 similarity_constraint 0.000
====================================================================================================
====================================================================================================
EPOCH 224 DONE | steps 1964 | mean total loss 27.030410 | sum total loss 53087.726 | epoch time 129.3s
EPOCH 224 MEAN COMPONENTS | sdf_constraint_stage1 5.509 sdf_constraint_stage2 5.886 reconstructed_loss 0.512 inter 0.612 normal_constraint 5.934 grad_constraint 7.032 embeddings_constraint 1.545 template_reg 0.000 similarity_constraint 0.000
VALIDATION EPOCH 224 | steps 104 | mean total loss 27.082661
VALIDATION EPOCH 224 MEAN COMPONENTS | sdf_constraint_stage1 5.333 sdf_constraint_stage2 5.823 reconstructed_loss 0.575 inter 0.614 normal_constraint 6.026 grad_constraint 7.065 embeddings_constraint 1.647 template_reg 0.000 similarity_constraint 0.000
====================================================================================================
====================================================================================================
EPOCH 225 DONE | steps 1964 | mean total loss 26.658986 | sum total loss 52358.249 | epoch time 129.2s
EPOCH 225 MEAN COMPONENTS | sdf_constraint_stage1 5.367 sdf_constraint_stage2 5.758 reconstructed_loss 0.490 inter 0.612 normal_constraint 5.907 grad_constraint 7.001 embeddings_constraint 1.522 template_reg 0.000 similarity_constraint 0.000
VALIDATION EPOCH 225 | steps 104 | mean total loss 27.063300
VALIDATION EPOCH 225 MEAN COMPONENTS | sdf_constraint_stage1 5.477 sdf_constraint_stage2 5.805 reconstructed_loss 0.504 inter 0.647 normal_constraint 6.013 grad_constraint 7.057 embeddings_constraint 1.559 template_reg 0.000 similarity_constraint 0.000
====================================================================================================
====================================================================================================
EPOCH 226 DONE | steps 1964 | mean total loss 26.896294 | sum total loss 52824.321 | epoch time 129.3s
EPOCH 226 MEAN COMPONENTS | sdf_constraint_stage1 5.467 sdf_constraint_stage2 5.846 reconstructed_loss 0.503 inter 0.611 normal_constraint 5.917 grad_constraint 7.014 embeddings_constraint 1.539 template_reg 0.000 similarity_constraint 0.000
VALIDATION EPOCH 226 | steps 104 | mean total loss 26.735227
VALIDATION EPOCH 226 MEAN COMPONENTS | sdf_constraint_stage1 5.255 sdf_constraint_stage2 5.662 reconstructed_loss 0.537 inter 0.629 normal_constraint 6.017 grad_constraint 7.065 embeddings_constraint 1.570 template_reg 0.000 similarity_constraint 0.000
====================================================================================================
====================================================================================================
EPOCH 227 DONE | steps 1964 | mean total loss 26.913585 | sum total loss 52858.281 | epoch time 129.3s
EPOCH 227 MEAN COMPONENTS | sdf_constraint_stage1 5.467 sdf_constraint_stage2 5.846 reconstructed_loss 0.505 inter 0.612 normal_constraint 5.922 grad_constraint 7.013 embeddings_constraint 1.549 template_reg 0.000 similarity_constraint 0.000
VALIDATION EPOCH 227 | steps 104 | mean total loss 26.502064
VALIDATION EPOCH 227 MEAN COMPONENTS | sdf_constraint_stage1 5.283 sdf_constraint_stage2 5.541 reconstructed_loss 0.469 inter 0.602 normal_constraint 6.011 grad_constraint 7.054 embeddings_constraint 1.542 template_reg 0.000 similarity_constraint 0.000
====================================================================================================
====================================================================================================
EPOCH 228 DONE | steps 1964 | mean total loss 26.725481 | sum total loss 52488.845 | epoch time 129.3s
EPOCH 228 MEAN COMPONENTS | sdf_constraint_stage1 5.388 sdf_constraint_stage2 5.785 reconstructed_loss 0.497 inter 0.611 normal_constraint 5.904 grad_constraint 6.996 embeddings_constraint 1.545 template_reg 0.000 similarity_constraint 0.000
VALIDATION EPOCH 228 | steps 104 | mean total loss 28.883507
VALIDATION EPOCH 228 MEAN COMPONENTS | sdf_constraint_stage1 6.552 sdf_constraint_stage2 6.479 reconstructed_loss 0.535 inter 0.685 normal_constraint 6.039 grad_constraint 7.060 embeddings_constraint 1.532 template_reg 0.001 similarity_constraint 0.000
====================================================================================================
====================================================================================================
EPOCH 229 DONE | steps 1964 | mean total loss 26.918010 | sum total loss 52866.971 | epoch time 129.3s
EPOCH 229 MEAN COMPONENTS | sdf_constraint_stage1 5.484 sdf_constraint_stage2 5.863 reconstructed_loss 0.506 inter 0.612 normal_constraint 5.910 grad_constraint 6.998 embeddings_constraint 1.543 template_reg 0.000 similarity_constraint 0.000
VALIDATION EPOCH 229 | steps 104 | mean total loss 25.807932
VALIDATION EPOCH 229 MEAN COMPONENTS | sdf_constraint_stage1 5.084 sdf_constraint_stage2 5.384 reconstructed_loss 0.393 inter 0.596 normal_constraint 5.927 grad_constraint 6.954 embeddings_constraint 1.470 template_reg 0.000 similarity_constraint 0.000
====================================================================================================
====================================================================================================
EPOCH 230 DONE | steps 1964 | mean total loss 26.825489 | sum total loss 52685.261 | epoch time 129.3s
EPOCH 230 MEAN COMPONENTS | sdf_constraint_stage1 5.444 sdf_constraint_stage2 5.830 reconstructed_loss 0.502 inter 0.612 normal_constraint 5.906 grad_constraint 6.994 embeddings_constraint 1.538 template_reg 0.000 similarity_constraint 0.000
VALIDATION EPOCH 230 | steps 104 | mean total loss 26.580527
VALIDATION EPOCH 230 MEAN COMPONENTS | sdf_constraint_stage1 5.180 sdf_constraint_stage2 5.655 reconstructed_loss 0.501 inter 0.605 normal_constraint 6.035 grad_constraint 7.057 embeddings_constraint 1.547 template_reg 0.000 similarity_constraint 0.000
====================================================================================================
====================================================================================================
EPOCH 231 DONE | steps 1964 | mean total loss 26.708241 | sum total loss 52454.986 | epoch time 129.4s
EPOCH 231 MEAN COMPONENTS | sdf_constraint_stage1 5.405 sdf_constraint_stage2 5.789 reconstructed_loss 0.499 inter 0.611 normal_constraint 5.897 grad_constraint 6.986 embeddings_constraint 1.522 template_reg 0.000 similarity_constraint 0.000
VALIDATION EPOCH 231 | steps 104 | mean total loss 26.442070
VALIDATION EPOCH 231 MEAN COMPONENTS | sdf_constraint_stage1 5.210 sdf_constraint_stage2 5.574 reconstructed_loss 0.438 inter 0.623 normal_constraint 5.973 grad_constraint 7.014 embeddings_constraint 1.610 template_reg 0.000 similarity_constraint 0.000
====================================================================================================
====================================================================================================
EPOCH 232 DONE | steps 1964 | mean total loss 26.789630 | sum total loss 52614.833 | epoch time 129.0s
EPOCH 232 MEAN COMPONENTS | sdf_constraint_stage1 5.450 sdf_constraint_stage2 5.839 reconstructed_loss 0.510 inter 0.612 normal_constraint 5.889 grad_constraint 6.975 embeddings_constraint 1.514 template_reg 0.000 similarity_constraint 0.000
VALIDATION EPOCH 232 | steps 104 | mean total loss 28.790494
VALIDATION EPOCH 232 MEAN COMPONENTS | sdf_constraint_stage1 6.227 sdf_constraint_stage2 6.412 reconstructed_loss 0.507 inter 0.553 normal_constraint 6.196 grad_constraint 7.199 embeddings_constraint 1.698 template_reg 0.000 similarity_constraint 0.000
====================================================================================================
====================================================================================================
EPOCH 233 DONE | steps 1964 | mean total loss 26.534090 | sum total loss 52112.952 | epoch time 129.2s
EPOCH 233 MEAN COMPONENTS | sdf_constraint_stage1 5.338 sdf_constraint_stage2 5.738 reconstructed_loss 0.492 inter 0.611 normal_constraint 5.877 grad_constraint 6.961 embeddings_constraint 1.517 template_reg 0.000 similarity_constraint 0.000
VALIDATION EPOCH 233 | steps 104 | mean total loss 27.255444
VALIDATION EPOCH 233 MEAN COMPONENTS | sdf_constraint_stage1 5.450 sdf_constraint_stage2 6.015 reconstructed_loss 0.506 inter 0.590 normal_constraint 6.061 grad_constraint 7.085 embeddings_constraint 1.548 template_reg 0.000 similarity_constraint 0.000
====================================================================================================
====================================================================================================
EPOCH 234 DONE | steps 1964 | mean total loss 26.864813 | sum total loss 52762.493 | epoch time 129.2s
EPOCH 234 MEAN COMPONENTS | sdf_constraint_stage1 5.469 sdf_constraint_stage2 5.852 reconstructed_loss 0.506 inter 0.611 normal_constraint 5.900 grad_constraint 6.981 embeddings_constraint 1.546 template_reg 0.000 similarity_constraint 0.000
VALIDATION EPOCH 234 | steps 104 | mean total loss 26.763656
VALIDATION EPOCH 234 MEAN COMPONENTS | sdf_constraint_stage1 5.297 sdf_constraint_stage2 5.567 reconstructed_loss 0.462 inter 0.611 normal_constraint 6.079 grad_constraint 7.095 embeddings_constraint 1.653 template_reg 0.000 similarity_constraint 0.000
====================================================================================================
====================================================================================================
EPOCH 235 DONE | steps 1964 | mean total loss 26.635997 | sum total loss 52313.098 | epoch time 129.2s
EPOCH 235 MEAN COMPONENTS | sdf_constraint_stage1 5.386 sdf_constraint_stage2 5.783 reconstructed_loss 0.497 inter 0.610 normal_constraint 5.878 grad_constraint 6.962 embeddings_constraint 1.519 template_reg 0.000 similarity_constraint 0.000
VALIDATION EPOCH 235 | steps 104 | mean total loss 26.576362
VALIDATION EPOCH 235 MEAN COMPONENTS | sdf_constraint_stage1 5.188 sdf_constraint_stage2 5.696 reconstructed_loss 0.487 inter 0.611 normal_constraint 5.997 grad_constraint 7.016 embeddings_constraint 1.581 template_reg 0.000 similarity_constraint 0.000
====================================================================================================
====================================================================================================
EPOCH 236 DONE | steps 1964 | mean total loss 26.556678 | sum total loss 52157.316 | epoch time 129.2s
EPOCH 236 MEAN COMPONENTS | sdf_constraint_stage1 5.354 sdf_constraint_stage2 5.757 reconstructed_loss 0.499 inter 0.611 normal_constraint 5.865 grad_constraint 6.947 embeddings_constraint 1.523 template_reg 0.000 similarity_constraint 0.000
VALIDATION EPOCH 236 | steps 104 | mean total loss 26.251085
VALIDATION EPOCH 236 MEAN COMPONENTS | sdf_constraint_stage1 5.298 sdf_constraint_stage2 5.539 reconstructed_loss 0.459 inter 0.645 normal_constraint 5.916 grad_constraint 6.952 embeddings_constraint 1.442 template_reg 0.000 similarity_constraint 0.000
====================================================================================================
====================================================================================================
EPOCH 237 DONE | steps 1964 | mean total loss 26.706742 | sum total loss 52452.041 | epoch time 129.2s
EPOCH 237 MEAN COMPONENTS | sdf_constraint_stage1 5.420 sdf_constraint_stage2 5.802 reconstructed_loss 0.498 inter 0.612 normal_constraint 5.882 grad_constraint 6.963 embeddings_constraint 1.530 template_reg 0.000 similarity_constraint 0.000
VALIDATION EPOCH 237 | steps 104 | mean total loss 27.753083
VALIDATION EPOCH 237 MEAN COMPONENTS | sdf_constraint_stage1 5.719 sdf_constraint_stage2 6.328 reconstructed_loss 0.536 inter 0.576 normal_constraint 6.023 grad_constraint 7.059 embeddings_constraint 1.509 template_reg 0.002 similarity_constraint 0.000
====================================================================================================
====================================================================================================
EPOCH 238 DONE | steps 1964 | mean total loss 26.542468 | sum total loss 52129.408 | epoch time 129.3s
EPOCH 238 MEAN COMPONENTS | sdf_constraint_stage1 5.348 sdf_constraint_stage2 5.743 reconstructed_loss 0.493 inter 0.610 normal_constraint 5.869 grad_constraint 6.948 embeddings_constraint 1.531 template_reg 0.000 similarity_constraint 0.000
VALIDATION EPOCH 238 | steps 104 | mean total loss 27.447491
VALIDATION EPOCH 238 MEAN COMPONENTS | sdf_constraint_stage1 5.501 sdf_constraint_stage2 6.074 reconstructed_loss 0.585 inter 0.630 normal_constraint 6.009 grad_constraint 7.031 embeddings_constraint 1.616 template_reg 0.000 similarity_constraint 0.000
====================================================================================================
====================================================================================================
EPOCH 239 DONE | steps 1964 | mean total loss 26.701729 | sum total loss 52442.196 | epoch time 129.3s
EPOCH 239 MEAN COMPONENTS | sdf_constraint_stage1 5.429 sdf_constraint_stage2 5.806 reconstructed_loss 0.500 inter 0.610 normal_constraint 5.874 grad_constraint 6.951 embeddings_constraint 1.531 template_reg 0.000 similarity_constraint 0.000
VALIDATION EPOCH 239 | steps 104 | mean total loss 26.416797
VALIDATION EPOCH 239 MEAN COMPONENTS | sdf_constraint_stage1 5.305 sdf_constraint_stage2 5.568 reconstructed_loss 0.510 inter 0.633 normal_constraint 5.938 grad_constraint 6.949 embeddings_constraint 1.512 template_reg 0.000 similarity_constraint 0.000
====================================================================================================
====================================================================================================
EPOCH 240 DONE | steps 1964 | mean total loss 26.579808 | sum total loss 52202.743 | epoch time 129.4s
EPOCH 240 MEAN COMPONENTS | sdf_constraint_stage1 5.390 sdf_constraint_stage2 5.794 reconstructed_loss 0.502 inter 0.611 normal_constraint 5.852 grad_constraint 6.929 embeddings_constraint 1.501 template_reg 0.000 similarity_constraint 0.000
VALIDATION EPOCH 240 | steps 104 | mean total loss 27.156983
VALIDATION EPOCH 240 MEAN COMPONENTS | sdf_constraint_stage1 5.507 sdf_constraint_stage2 5.879 reconstructed_loss 0.613 inter 0.599 normal_constraint 6.040 grad_constraint 7.038 embeddings_constraint 1.482 template_reg 0.000 similarity_constraint 0.000
====================================================================================================
====================================================================================================
EPOCH 241 DONE | steps 1964 | mean total loss 26.522751 | sum total loss 52090.683 | epoch time 129.3s
EPOCH 241 MEAN COMPONENTS | sdf_constraint_stage1 5.348 sdf_constraint_stage2 5.741 reconstructed_loss 0.491 inter 0.610 normal_constraint 5.863 grad_constraint 6.934 embeddings_constraint 1.535 template_reg 0.000 similarity_constraint 0.000
VALIDATION EPOCH 241 | steps 104 | mean total loss 26.782668
VALIDATION EPOCH 241 MEAN COMPONENTS | sdf_constraint_stage1 5.528 sdf_constraint_stage2 5.732 reconstructed_loss 0.501 inter 0.646 normal_constraint 5.932 grad_constraint 6.946 embeddings_constraint 1.497 template_reg 0.000 similarity_constraint 0.000
====================================================================================================
====================================================================================================
EPOCH 242 DONE | steps 1964 | mean total loss 26.720375 | sum total loss 52478.817 | epoch time 129.2s
EPOCH 242 MEAN COMPONENTS | sdf_constraint_stage1 5.438 sdf_constraint_stage2 5.827 reconstructed_loss 0.505 inter 0.611 normal_constraint 5.866 grad_constraint 6.941 embeddings_constraint 1.532 template_reg 0.000 similarity_constraint 0.000
VALIDATION EPOCH 242 | steps 104 | mean total loss 26.314088
VALIDATION EPOCH 242 MEAN COMPONENTS | sdf_constraint_stage1 5.266 sdf_constraint_stage2 5.619 reconstructed_loss 0.462 inter 0.601 normal_constraint 5.897 grad_constraint 6.909 embeddings_constraint 1.559 template_reg 0.000 similarity_constraint 0.000
====================================================================================================
====================================================================================================
EPOCH 243 DONE | steps 1964 | mean total loss 26.410290 | sum total loss 51869.811 | epoch time 129.3s
EPOCH 243 MEAN COMPONENTS | sdf_constraint_stage1 5.314 sdf_constraint_stage2 5.727 reconstructed_loss 0.493 inter 0.610 normal_constraint 5.838 grad_constraint 6.909 embeddings_constraint 1.519 template_reg 0.000 similarity_constraint 0.000
VALIDATION EPOCH 243 | steps 104 | mean total loss 26.937497
VALIDATION EPOCH 243 MEAN COMPONENTS | sdf_constraint_stage1 5.583 sdf_constraint_stage2 5.776 reconstructed_loss 0.573 inter 0.645 normal_constraint 5.950 grad_constraint 6.963 embeddings_constraint 1.446 template_reg 0.001 similarity_constraint 0.000
====================================================================================================
====================================================================================================
EPOCH 244 DONE | steps 1964 | mean total loss 26.442192 | sum total loss 51932.464 | epoch time 129.2s
EPOCH 244 MEAN COMPONENTS | sdf_constraint_stage1 5.332 sdf_constraint_stage2 5.727 reconstructed_loss 0.490 inter 0.612 normal_constraint 5.845 grad_constraint 6.915 embeddings_constraint 1.520 template_reg 0.000 similarity_constraint 0.000
VALIDATION EPOCH 244 | steps 104 | mean total loss 26.224246
VALIDATION EPOCH 244 MEAN COMPONENTS | sdf_constraint_stage1 5.229 sdf_constraint_stage2 5.574 reconstructed_loss 0.488 inter 0.622 normal_constraint 5.943 grad_constraint 6.941 embeddings_constraint 1.427 template_reg 0.000 similarity_constraint 0.000
====================================================================================================
====================================================================================================
EPOCH 245 DONE | steps 1964 | mean total loss 26.524516 | sum total loss 52094.150 | epoch time 129.1s
EPOCH 245 MEAN COMPONENTS | sdf_constraint_stage1 5.373 sdf_constraint_stage2 5.766 reconstructed_loss 0.500 inter 0.611 normal_constraint 5.847 grad_constraint 6.915 embeddings_constraint 1.511 template_reg 0.000 similarity_constraint 0.000
VALIDATION EPOCH 245 | steps 104 | mean total loss 25.683649
VALIDATION EPOCH 245 MEAN COMPONENTS | sdf_constraint_stage1 4.995 sdf_constraint_stage2 5.442 reconstructed_loss 0.409 inter 0.607 normal_constraint 5.874 grad_constraint 6.886 embeddings_constraint 1.470 template_reg 0.000 similarity_constraint 0.000
====================================================================================================
====================================================================================================
EPOCH 246 DONE | steps 1964 | mean total loss 26.476514 | sum total loss 51999.874 | epoch time 129.3s
EPOCH 246 MEAN COMPONENTS | sdf_constraint_stage1 5.371 sdf_constraint_stage2 5.757 reconstructed_loss 0.494 inter 0.611 normal_constraint 5.836 grad_constraint 6.906 embeddings_constraint 1.501 template_reg 0.000 similarity_constraint 0.000
VALIDATION EPOCH 246 | steps 104 | mean total loss 26.975862
VALIDATION EPOCH 246 MEAN COMPONENTS | sdf_constraint_stage1 5.458 sdf_constraint_stage2 5.947 reconstructed_loss 0.481 inter 0.565 normal_constraint 5.985 grad_constraint 6.989 embeddings_constraint 1.551 template_reg 0.000 similarity_constraint 0.000
====================================================================================================
====================================================================================================
EPOCH 247 DONE | steps 1964 | mean total loss 26.497488 | sum total loss 52041.066 | epoch time 129.3s
EPOCH 247 MEAN COMPONENTS | sdf_constraint_stage1 5.372 sdf_constraint_stage2 5.781 reconstructed_loss 0.503 inter 0.610 normal_constraint 5.827 grad_constraint 6.896 embeddings_constraint 1.507 template_reg 0.000 similarity_constraint 0.000
VALIDATION EPOCH 247 | steps 104 | mean total loss 27.171261
VALIDATION EPOCH 247 MEAN COMPONENTS | sdf_constraint_stage1 5.433 sdf_constraint_stage2 6.202 reconstructed_loss 0.534 inter 0.596 normal_constraint 5.981 grad_constraint 6.994 embeddings_constraint 1.431 template_reg 0.000 similarity_constraint 0.000
====================================================================================================
====================================================================================================
EPOCH 248 DONE | steps 1964 | mean total loss 26.393314 | sum total loss 51836.469 | epoch time 129.3s
EPOCH 248 MEAN COMPONENTS | sdf_constraint_stage1 5.336 sdf_constraint_stage2 5.724 reconstructed_loss 0.490 inter 0.610 normal_constraint 5.831 grad_constraint 6.895 embeddings_constraint 1.506 template_reg 0.000 similarity_constraint 0.000
VALIDATION EPOCH 248 | steps 104 | mean total loss 26.562921
VALIDATION EPOCH 248 MEAN COMPONENTS | sdf_constraint_stage1 5.279 sdf_constraint_stage2 5.808 reconstructed_loss 0.486 inter 0.602 normal_constraint 5.952 grad_constraint 6.964 embeddings_constraint 1.471 template_reg 0.000 similarity_constraint 0.000
====================================================================================================
====================================================================================================
EPOCH 249 DONE | steps 1964 | mean total loss 26.460672 | sum total loss 51968.760 | epoch time 129.1s
EPOCH 249 MEAN COMPONENTS | sdf_constraint_stage1 5.365 sdf_constraint_stage2 5.765 reconstructed_loss 0.499 inter 0.610 normal_constraint 5.827 grad_constraint 6.894 embeddings_constraint 1.500 template_reg 0.000 similarity_constraint 0.000
VALIDATION EPOCH 249 | steps 104 | mean total loss 26.253125
VALIDATION EPOCH 249 MEAN COMPONENTS | sdf_constraint_stage1 5.257 sdf_constraint_stage2 5.673 reconstructed_loss 0.451 inter 0.605 normal_constraint 5.903 grad_constraint 6.921 embeddings_constraint 1.443 template_reg 0.000 similarity_constraint 0.000
====================================================================================================
====================================================================================================
EPOCH 250 DONE | steps 1964 | mean total loss 26.384927 | sum total loss 51819.997 | epoch time 129.1s
EPOCH 250 MEAN COMPONENTS | sdf_constraint_stage1 5.327 sdf_constraint_stage2 5.726 reconstructed_loss 0.492 inter 0.610 normal_constraint 5.828 grad_constraint 6.892 embeddings_constraint 1.510 template_reg 0.000 similarity_constraint 0.000
VALIDATION EPOCH 250 | steps 104 | mean total loss 26.556732
VALIDATION EPOCH 250 MEAN COMPONENTS | sdf_constraint_stage1 5.220 sdf_constraint_stage2 5.683 reconstructed_loss 0.496 inter 0.605 normal_constraint 5.983 grad_constraint 7.000 embeddings_constraint 1.567 template_reg 0.001 similarity_constraint 0.000
====================================================================================================
====================================================================================================
EPOCH 251 DONE | steps 1964 | mean total loss 26.351825 | sum total loss 51754.985 | epoch time 129.3s
EPOCH 251 MEAN COMPONENTS | sdf_constraint_stage1 5.334 sdf_constraint_stage2 5.729 reconstructed_loss 0.495 inter 0.610 normal_constraint 5.815 grad_constraint 6.874 embeddings_constraint 1.495 template_reg 0.000 similarity_constraint 0.000
VALIDATION EPOCH 251 | steps 104 | mean total loss 27.663450
VALIDATION EPOCH 251 MEAN COMPONENTS | sdf_constraint_stage1 5.831 sdf_constraint_stage2 6.130 reconstructed_loss 0.509 inter 0.570 normal_constraint 6.037 grad_constraint 7.043 embeddings_constraint 1.542 template_reg 0.000 similarity_constraint 0.000
====================================================================================================
====================================================================================================
EPOCH 252 DONE | steps 1964 | mean total loss 26.295093 | sum total loss 51643.563 | epoch time 129.3s
EPOCH 252 MEAN COMPONENTS | sdf_constraint_stage1 5.305 sdf_constraint_stage2 5.703 reconstructed_loss 0.488 inter 0.609 normal_constraint 5.813 grad_constraint 6.874 embeddings_constraint 1.503 template_reg 0.000 similarity_constraint 0.000
VALIDATION EPOCH 252 | steps 104 | mean total loss 26.449845
VALIDATION EPOCH 252 MEAN COMPONENTS | sdf_constraint_stage1 5.367 sdf_constraint_stage2 5.693 reconstructed_loss 0.454 inter 0.586 normal_constraint 5.938 grad_constraint 6.925 embeddings_constraint 1.487 template_reg 0.000 similarity_constraint 0.000
====================================================================================================
====================================================================================================
EPOCH 253 DONE | steps 1964 | mean total loss 26.359028 | sum total loss 51769.130 | epoch time 129.1s
EPOCH 253 MEAN COMPONENTS | sdf_constraint_stage1 5.326 sdf_constraint_stage2 5.728 reconstructed_loss 0.496 inter 0.609 normal_constraint 5.814 grad_constraint 6.875 embeddings_constraint 1.511 template_reg 0.000 similarity_constraint 0.000
VALIDATION EPOCH 253 | steps 104 | mean total loss 26.776505
VALIDATION EPOCH 253 MEAN COMPONENTS | sdf_constraint_stage1 5.693 sdf_constraint_stage2 5.850 reconstructed_loss 0.514 inter 0.660 normal_constraint 5.819 grad_constraint 6.817 embeddings_constraint 1.423 template_reg 0.000 similarity_constraint 0.000
====================================================================================================
====================================================================================================
EPOCH 254 DONE | steps 1964 | mean total loss 26.311320 | sum total loss 51675.432 | epoch time 129.2s
EPOCH 254 MEAN COMPONENTS | sdf_constraint_stage1 5.310 sdf_constraint_stage2 5.704 reconstructed_loss 0.487 inter 0.610 normal_constraint 5.816 grad_constraint 6.871 embeddings_constraint 1.513 template_reg 0.000 similarity_constraint 0.000
VALIDATION EPOCH 254 | steps 104 | mean total loss 27.634769
VALIDATION EPOCH 254 MEAN COMPONENTS | sdf_constraint_stage1 6.103 sdf_constraint_stage2 6.116 reconstructed_loss 0.513 inter 0.674 normal_constraint 5.879 grad_constraint 6.880 embeddings_constraint 1.468 template_reg 0.000 similarity_constraint 0.000
====================================================================================================
====================================================================================================
EPOCH 255 DONE | steps 1964 | mean total loss 26.431217 | sum total loss 51910.910 | epoch time 129.4s
EPOCH 255 MEAN COMPONENTS | sdf_constraint_stage1 5.370 sdf_constraint_stage2 5.769 reconstructed_loss 0.499 inter 0.611 normal_constraint 5.812 grad_constraint 6.869 embeddings_constraint 1.501 template_reg 0.000 similarity_constraint 0.000
VALIDATION EPOCH 255 | steps 104 | mean total loss 25.785356
VALIDATION EPOCH 255 MEAN COMPONENTS | sdf_constraint_stage1 5.073 sdf_constraint_stage2 5.405 reconstructed_loss 0.426 inter 0.606 normal_constraint 5.904 grad_constraint 6.899 embeddings_constraint 1.473 template_reg 0.000 similarity_constraint 0.000
====================================================================================================
====================================================================================================
EPOCH 256 DONE | steps 1964 | mean total loss 26.257729 | sum total loss 51570.180 | epoch time 129.3s
EPOCH 256 MEAN COMPONENTS | sdf_constraint_stage1 5.311 sdf_constraint_stage2 5.704 reconstructed_loss 0.487 inter 0.610 normal_constraint 5.799 grad_constraint 6.853 embeddings_constraint 1.493 template_reg 0.000 similarity_constraint 0.000
VALIDATION EPOCH 256 | steps 104 | mean total loss 26.061180
VALIDATION EPOCH 256 MEAN COMPONENTS | sdf_constraint_stage1 5.123 sdf_constraint_stage2 5.554 reconstructed_loss 0.503 inter 0.620 normal_constraint 5.873 grad_constraint 6.882 embeddings_constraint 1.508 template_reg 0.000 similarity_constraint 0.000
====================================================================================================
====================================================================================================
EPOCH 257 DONE | steps 1964 | mean total loss 26.290519 | sum total loss 51634.578 | epoch time 129.2s
EPOCH 257 MEAN COMPONENTS | sdf_constraint_stage1 5.312 sdf_constraint_stage2 5.710 reconstructed_loss 0.489 inter 0.611 normal_constraint 5.806 grad_constraint 6.857 embeddings_constraint 1.506 template_reg 0.000 similarity_constraint 0.000
VALIDATION EPOCH 257 | steps 104 | mean total loss 25.663797
VALIDATION EPOCH 257 MEAN COMPONENTS | sdf_constraint_stage1 5.068 sdf_constraint_stage2 5.390 reconstructed_loss 0.422 inter 0.618 normal_constraint 5.856 grad_constraint 6.846 embeddings_constraint 1.464 template_reg 0.000 similarity_constraint 0.000
====================================================================================================
====================================================================================================
EPOCH 258 DONE | steps 1964 | mean total loss 26.221544 | sum total loss 51499.113 | epoch time 129.3s
EPOCH 258 MEAN COMPONENTS | sdf_constraint_stage1 5.298 sdf_constraint_stage2 5.686 reconstructed_loss 0.487 inter 0.609 normal_constraint 5.796 grad_constraint 6.847 embeddings_constraint 1.498 template_reg 0.000 similarity_constraint 0.000
VALIDATION EPOCH 258 | steps 104 | mean total loss 26.759331
VALIDATION EPOCH 258 MEAN COMPONENTS | sdf_constraint_stage1 5.326 sdf_constraint_stage2 5.720 reconstructed_loss 0.564 inter 0.613 normal_constraint 5.964 grad_constraint 6.958 embeddings_constraint 1.615 template_reg 0.000 similarity_constraint 0.000
====================================================================================================
====================================================================================================
EPOCH 259 DONE | steps 1964 | mean total loss 26.177473 | sum total loss 51412.556 | epoch time 129.3s
EPOCH 259 MEAN COMPONENTS | sdf_constraint_stage1 5.276 sdf_constraint_stage2 5.684 reconstructed_loss 0.489 inter 0.610 normal_constraint 5.786 grad_constraint 6.837 embeddings_constraint 1.494 template_reg 0.000 similarity_constraint 0.000
VALIDATION EPOCH 259 | steps 104 | mean total loss 26.070831
VALIDATION EPOCH 259 MEAN COMPONENTS | sdf_constraint_stage1 5.113 sdf_constraint_stage2 5.791 reconstructed_loss 0.504 inter 0.578 normal_constraint 5.848 grad_constraint 6.834 embeddings_constraint 1.403 template_reg 0.000 similarity_constraint 0.000
====================================================================================================
====================================================================================================
EPOCH 260 DONE | steps 1964 | mean total loss 26.214112 | sum total loss 51484.516 | epoch time 129.1s
EPOCH 260 MEAN COMPONENTS | sdf_constraint_stage1 5.290 sdf_constraint_stage2 5.696 reconstructed_loss 0.487 inter 0.609 normal_constraint 5.793 grad_constraint 6.842 embeddings_constraint 1.496 template_reg 0.000 similarity_constraint 0.000
VALIDATION EPOCH 260 | steps 104 | mean total loss 26.741036
VALIDATION EPOCH 260 MEAN COMPONENTS | sdf_constraint_stage1 5.477 sdf_constraint_stage2 5.937 reconstructed_loss 0.452 inter 0.585 normal_constraint 5.889 grad_constraint 6.879 embeddings_constraint 1.522 template_reg 0.000 similarity_constraint 0.000
====================================================================================================
====================================================================================================
EPOCH 261 DONE | steps 1964 | mean total loss 26.138235 | sum total loss 51335.494 | epoch time 129.3s
EPOCH 261 MEAN COMPONENTS | sdf_constraint_stage1 5.274 sdf_constraint_stage2 5.678 reconstructed_loss 0.486 inter 0.608 normal_constraint 5.781 grad_constraint 6.830 embeddings_constraint 1.481 template_reg 0.000 similarity_constraint 0.000
VALIDATION EPOCH 261 | steps 104 | mean total loss 26.017242
VALIDATION EPOCH 261 MEAN COMPONENTS | sdf_constraint_stage1 5.124 sdf_constraint_stage2 5.513 reconstructed_loss 0.478 inter 0.609 normal_constraint 5.904 grad_constraint 6.894 embeddings_constraint 1.495 template_reg 0.001 similarity_constraint 0.000
====================================================================================================
====================================================================================================
EPOCH 262 DONE | steps 1964 | mean total loss 26.314571 | sum total loss 51681.818 | epoch time 129.2s
EPOCH 262 MEAN COMPONENTS | sdf_constraint_stage1 5.347 sdf_constraint_stage2 5.737 reconstructed_loss 0.497 inter 0.608 normal_constraint 5.790 grad_constraint 6.839 embeddings_constraint 1.496 template_reg 0.000 similarity_constraint 0.000
VALIDATION EPOCH 262 | steps 104 | mean total loss 26.681606
VALIDATION EPOCH 262 MEAN COMPONENTS | sdf_constraint_stage1 5.220 sdf_constraint_stage2 5.884 reconstructed_loss 0.570 inter 0.612 normal_constraint 5.944 grad_constraint 6.950 embeddings_constraint 1.501 template_reg 0.000 similarity_constraint 0.000
====================================================================================================
====================================================================================================
EPOCH 263 DONE | steps 1964 | mean total loss 26.168836 | sum total loss 51395.595 | epoch time 129.3s
EPOCH 263 MEAN COMPONENTS | sdf_constraint_stage1 5.281 sdf_constraint_stage2 5.692 reconstructed_loss 0.490 inter 0.609 normal_constraint 5.777 grad_constraint 6.824 embeddings_constraint 1.497 template_reg 0.000 similarity_constraint 0.000
VALIDATION EPOCH 263 | steps 104 | mean total loss 26.061561
VALIDATION EPOCH 263 MEAN COMPONENTS | sdf_constraint_stage1 5.230 sdf_constraint_stage2 5.581 reconstructed_loss 0.447 inter 0.606 normal_constraint 5.893 grad_constraint 6.899 embeddings_constraint 1.405 template_reg 0.000 similarity_constraint 0.000
====================================================================================================
====================================================================================================
EPOCH 264 DONE | steps 1964 | mean total loss 26.290237 | sum total loss 51634.025 | epoch time 129.3s
EPOCH 264 MEAN COMPONENTS | sdf_constraint_stage1 5.329 sdf_constraint_stage2 5.733 reconstructed_loss 0.497 inter 0.608 normal_constraint 5.786 grad_constraint 6.831 embeddings_constraint 1.505 template_reg 0.000 similarity_constraint 0.000
VALIDATION EPOCH 264 | steps 104 | mean total loss 25.543933
VALIDATION EPOCH 264 MEAN COMPONENTS | sdf_constraint_stage1 4.889 sdf_constraint_stage2 5.430 reconstructed_loss 0.475 inter 0.606 normal_constraint 5.871 grad_constraint 6.852 embeddings_constraint 1.420 template_reg 0.000 similarity_constraint 0.000
====================================================================================================
====================================================================================================
EPOCH 265 DONE | steps 1964 | mean total loss 26.167012 | sum total loss 51392.011 | epoch time 129.2s
EPOCH 265 MEAN COMPONENTS | sdf_constraint_stage1 5.300 sdf_constraint_stage2 5.683 reconstructed_loss 0.485 inter 0.610 normal_constraint 5.776 grad_constraint 6.818 embeddings_constraint 1.494 template_reg 0.000 similarity_constraint 0.000
VALIDATION EPOCH 265 | steps 104 | mean total loss 25.914411
VALIDATION EPOCH 265 MEAN COMPONENTS | sdf_constraint_stage1 5.076 sdf_constraint_stage2 5.556 reconstructed_loss 0.466 inter 0.605 normal_constraint 5.870 grad_constraint 6.863 embeddings_constraint 1.479 template_reg 0.000 similarity_constraint 0.000
====================================================================================================
====================================================================================================
EPOCH 266 DONE | steps 1964 | mean total loss 26.186291 | sum total loss 51429.875 | epoch time 129.2s
EPOCH 266 MEAN COMPONENTS | sdf_constraint_stage1 5.290 sdf_constraint_stage2 5.693 reconstructed_loss 0.491 inter 0.609 normal_constraint 5.778 grad_constraint 6.821 embeddings_constraint 1.503 template_reg 0.000 similarity_constraint 0.000
VALIDATION EPOCH 266 | steps 104 | mean total loss 25.676337
VALIDATION EPOCH 266 MEAN COMPONENTS | sdf_constraint_stage1 4.962 sdf_constraint_stage2 5.507 reconstructed_loss 0.460 inter 0.596 normal_constraint 5.820 grad_constraint 6.803 embeddings_constraint 1.528 template_reg 0.000 similarity_constraint 0.000
====================================================================================================
====================================================================================================
EPOCH 267 DONE | steps 1964 | mean total loss 26.051291 | sum total loss 51164.735 | epoch time 129.1s
EPOCH 267 MEAN COMPONENTS | sdf_constraint_stage1 5.259 sdf_constraint_stage2 5.659 reconstructed_loss 0.485 inter 0.608 normal_constraint 5.760 grad_constraint 6.803 embeddings_constraint 1.478 template_reg 0.000 similarity_constraint 0.000
VALIDATION EPOCH 267 | steps 104 | mean total loss 26.221896
VALIDATION EPOCH 267 MEAN COMPONENTS | sdf_constraint_stage1 5.126 sdf_constraint_stage2 5.648 reconstructed_loss 0.552 inter 0.626 normal_constraint 5.873 grad_constraint 6.868 embeddings_constraint 1.528 template_reg 0.000 similarity_constraint 0.000
====================================================================================================
====================================================================================================
EPOCH 268 DONE | steps 1964 | mean total loss 26.100950 | sum total loss 51262.265 | epoch time 132.0s
EPOCH 268 MEAN COMPONENTS | sdf_constraint_stage1 5.264 sdf_constraint_stage2 5.673 reconstructed_loss 0.490 inter 0.608 normal_constraint 5.764 grad_constraint 6.805 embeddings_constraint 1.497 template_reg 0.000 similarity_constraint 0.000
VALIDATION EPOCH 268 | steps 104 | mean total loss 25.347490
VALIDATION EPOCH 268 MEAN COMPONENTS | sdf_constraint_stage1 4.903 sdf_constraint_stage2 5.444 reconstructed_loss 0.419 inter 0.598 normal_constraint 5.805 grad_constraint 6.756 embeddings_constraint 1.421 template_reg 0.000 similarity_constraint 0.000
====================================================================================================
====================================================================================================
EPOCH 269 DONE | steps 1964 | mean total loss 26.109910 | sum total loss 51279.863 | epoch time 130.8s
EPOCH 269 MEAN COMPONENTS | sdf_constraint_stage1 5.273 sdf_constraint_stage2 5.678 reconstructed_loss 0.487 inter 0.608 normal_constraint 5.765 grad_constraint 6.805 embeddings_constraint 1.493 template_reg 0.000 similarity_constraint 0.000
VALIDATION EPOCH 269 | steps 104 | mean total loss 25.238854
VALIDATION EPOCH 269 MEAN COMPONENTS | sdf_constraint_stage1 4.977 sdf_constraint_stage2 5.244 reconstructed_loss 0.372 inter 0.589 normal_constraint 5.804 grad_constraint 6.783 embeddings_constraint 1.468 template_reg 0.000 similarity_constraint 0.000
====================================================================================================
====================================================================================================
EPOCH 270 DONE | steps 1964 | mean total loss 26.030090 | sum total loss 51123.097 | epoch time 130.6s
EPOCH 270 MEAN COMPONENTS | sdf_constraint_stage1 5.251 sdf_constraint_stage2 5.659 reconstructed_loss 0.486 inter 0.607 normal_constraint 5.753 grad_constraint 6.792 embeddings_constraint 1.482 template_reg 0.000 similarity_constraint 0.000
VALIDATION EPOCH 270 | steps 104 | mean total loss 25.921079
VALIDATION EPOCH 270 MEAN COMPONENTS | sdf_constraint_stage1 5.240 sdf_constraint_stage2 5.492 reconstructed_loss 0.389 inter 0.580 normal_constraint 5.904 grad_constraint 6.874 embeddings_constraint 1.441 template_reg 0.000 similarity_constraint 0.000
====================================================================================================
====================================================================================================
EPOCH 271 DONE | steps 1964 | mean total loss 26.041731 | sum total loss 51145.960 | epoch time 130.3s
EPOCH 271 MEAN COMPONENTS | sdf_constraint_stage1 5.246 sdf_constraint_stage2 5.652 reconstructed_loss 0.484 inter 0.608 normal_constraint 5.760 grad_constraint 6.797 embeddings_constraint 1.496 template_reg 0.000 similarity_constraint 0.000
VALIDATION EPOCH 271 | steps 104 | mean total loss 27.000168
VALIDATION EPOCH 271 MEAN COMPONENTS | sdf_constraint_stage1 5.607 sdf_constraint_stage2 5.717 reconstructed_loss 0.527 inter 0.641 normal_constraint 5.996 grad_constraint 7.005 embeddings_constraint 1.507 template_reg 0.000 similarity_constraint 0.000
====================================================================================================
====================================================================================================
EPOCH 272 DONE | steps 1964 | mean total loss 25.961268 | sum total loss 50987.930 | epoch time 130.2s
EPOCH 272 MEAN COMPONENTS | sdf_constraint_stage1 5.237 sdf_constraint_stage2 5.636 reconstructed_loss 0.482 inter 0.609 normal_constraint 5.743 grad_constraint 6.779 embeddings_constraint 1.476 template_reg 0.000 similarity_constraint 0.000
VALIDATION EPOCH 272 | steps 104 | mean total loss 26.295387
VALIDATION EPOCH 272 MEAN COMPONENTS | sdf_constraint_stage1 5.210 sdf_constraint_stage2 5.781 reconstructed_loss 0.479 inter 0.598 normal_constraint 5.902 grad_constraint 6.886 embeddings_constraint 1.439 template_reg 0.001 similarity_constraint 0.000
====================================================================================================
====================================================================================================
EPOCH 273 DONE | steps 1964 | mean total loss 26.094959 | sum total loss 51250.499 | epoch time 130.3s
EPOCH 273 MEAN COMPONENTS | sdf_constraint_stage1 5.273 sdf_constraint_stage2 5.677 reconstructed_loss 0.488 inter 0.609 normal_constraint 5.759 grad_constraint 6.793 embeddings_constraint 1.496 template_reg 0.000 similarity_constraint 0.000
VALIDATION EPOCH 273 | steps 104 | mean total loss 25.819516
VALIDATION EPOCH 273 MEAN COMPONENTS | sdf_constraint_stage1 5.067 sdf_constraint_stage2 5.456 reconstructed_loss 0.444 inter 0.601 normal_constraint 5.858 grad_constraint 6.835 embeddings_constraint 1.558 template_reg 0.000 similarity_constraint 0.000
====================================================================================================
====================================================================================================
EPOCH 274 DONE | steps 1964 | mean total loss 26.015120 | sum total loss 51093.695 | epoch time 129.8s
EPOCH 274 MEAN COMPONENTS | sdf_constraint_stage1 5.249 sdf_constraint_stage2 5.655 reconstructed_loss 0.487 inter 0.608 normal_constraint 5.746 grad_constraint 6.777 embeddings_constraint 1.492 template_reg 0.000 similarity_constraint 0.000
VALIDATION EPOCH 274 | steps 104 | mean total loss 26.396382
VALIDATION EPOCH 274 MEAN COMPONENTS | sdf_constraint_stage1 5.384 sdf_constraint_stage2 5.580 reconstructed_loss 0.485 inter 0.652 normal_constraint 5.893 grad_constraint 6.862 embeddings_constraint 1.539 template_reg 0.001 similarity_constraint 0.000
====================================================================================================
====================================================================================================
EPOCH 275 DONE | steps 1964 | mean total loss 25.941119 | sum total loss 50948.358 | epoch time 129.8s
EPOCH 275 MEAN COMPONENTS | sdf_constraint_stage1 5.215 sdf_constraint_stage2 5.625 reconstructed_loss 0.481 inter 0.609 normal_constraint 5.740 grad_constraint 6.769 embeddings_constraint 1.502 template_reg 0.000 similarity_constraint 0.000
VALIDATION EPOCH 275 | steps 104 | mean total loss 26.105495
VALIDATION EPOCH 275 MEAN COMPONENTS | sdf_constraint_stage1 5.080 sdf_constraint_stage2 5.840 reconstructed_loss 0.532 inter 0.603 normal_constraint 5.824 grad_constraint 6.795 embeddings_constraint 1.432 template_reg 0.000 similarity_constraint 0.000
====================================================================================================
====================================================================================================
EPOCH 276 DONE | steps 1964 | mean total loss 25.966649 | sum total loss 50998.500 | epoch time 129.4s
EPOCH 276 MEAN COMPONENTS | sdf_constraint_stage1 5.228 sdf_constraint_stage2 5.657 reconstructed_loss 0.489 inter 0.609 normal_constraint 5.739 grad_constraint 6.772 embeddings_constraint 1.473 template_reg 0.000 similarity_constraint 0.000
VALIDATION EPOCH 276 | steps 104 | mean total loss 25.730278
VALIDATION EPOCH 276 MEAN COMPONENTS | sdf_constraint_stage1 5.103 sdf_constraint_stage2 5.443 reconstructed_loss 0.411 inter 0.584 normal_constraint 5.857 grad_constraint 6.840 embeddings_constraint 1.491 template_reg 0.000 similarity_constraint 0.000
====================================================================================================
====================================================================================================
EPOCH 277 DONE | steps 1964 | mean total loss 26.002689 | sum total loss 51069.282 | epoch time 129.1s
EPOCH 277 MEAN COMPONENTS | sdf_constraint_stage1 5.249 sdf_constraint_stage2 5.652 reconstructed_loss 0.484 inter 0.607 normal_constraint 5.742 grad_constraint 6.772 embeddings_constraint 1.495 template_reg 0.000 similarity_constraint 0.000
VALIDATION EPOCH 277 | steps 104 | mean total loss 25.355108
VALIDATION EPOCH 277 MEAN COMPONENTS | sdf_constraint_stage1 4.986 sdf_constraint_stage2 5.254 reconstructed_loss 0.415 inter 0.630 normal_constraint 5.807 grad_constraint 6.782 embeddings_constraint 1.481 template_reg 0.000 similarity_constraint 0.000
====================================================================================================
====================================================================================================
EPOCH 278 DONE | steps 1964 | mean total loss 25.900502 | sum total loss 50868.587 | epoch time 129.3s
EPOCH 278 MEAN COMPONENTS | sdf_constraint_stage1 5.225 sdf_constraint_stage2 5.621 reconstructed_loss 0.481 inter 0.607 normal_constraint 5.730 grad_constraint 6.760 embeddings_constraint 1.475 template_reg 0.000 similarity_constraint 0.000
VALIDATION EPOCH 278 | steps 104 | mean total loss 26.447839
VALIDATION EPOCH 278 MEAN COMPONENTS | sdf_constraint_stage1 5.310 sdf_constraint_stage2 5.703 reconstructed_loss 0.426 inter 0.589 normal_constraint 5.961 grad_constraint 6.925 embeddings_constraint 1.533 template_reg 0.001 similarity_constraint 0.000
====================================================================================================
====================================================================================================
EPOCH 279 DONE | steps 1964 | mean total loss 26.028041 | sum total loss 51119.072 | epoch time 129.3s
EPOCH 279 MEAN COMPONENTS | sdf_constraint_stage1 5.264 sdf_constraint_stage2 5.682 reconstructed_loss 0.497 inter 0.607 normal_constraint 5.735 grad_constraint 6.763 embeddings_constraint 1.480 template_reg 0.000 similarity_constraint 0.000
VALIDATION EPOCH 279 | steps 104 | mean total loss 26.959602
VALIDATION EPOCH 279 MEAN COMPONENTS | sdf_constraint_stage1 5.616 sdf_constraint_stage2 5.926 reconstructed_loss 0.493 inter 0.659 normal_constraint 5.899 grad_constraint 6.871 embeddings_constraint 1.495 template_reg 0.000 similarity_constraint 0.000
====================================================================================================
====================================================================================================
EPOCH 280 DONE | steps 1964 | mean total loss 26.010303 | sum total loss 51084.235 | epoch time 129.1s
EPOCH 280 MEAN COMPONENTS | sdf_constraint_stage1 5.268 sdf_constraint_stage2 5.668 reconstructed_loss 0.485 inter 0.607 normal_constraint 5.735 grad_constraint 6.765 embeddings_constraint 1.483 template_reg 0.000 similarity_constraint 0.000
VALIDATION EPOCH 280 | steps 104 | mean total loss 26.261623
VALIDATION EPOCH 280 MEAN COMPONENTS | sdf_constraint_stage1 5.313 sdf_constraint_stage2 5.692 reconstructed_loss 0.464 inter 0.647 normal_constraint 5.818 grad_constraint 6.772 embeddings_constraint 1.555 template_reg 0.000 similarity_constraint 0.000
====================================================================================================
====================================================================================================
EPOCH 281 DONE | steps 1964 | mean total loss 25.871441 | sum total loss 50811.511 | epoch time 129.4s
EPOCH 281 MEAN COMPONENTS | sdf_constraint_stage1 5.204 sdf_constraint_stage2 5.624 reconstructed_loss 0.485 inter 0.608 normal_constraint 5.719 grad_constraint 6.743 embeddings_constraint 1.487 template_reg 0.000 similarity_constraint 0.000
VALIDATION EPOCH 281 | steps 104 | mean total loss 25.718665
VALIDATION EPOCH 281 MEAN COMPONENTS | sdf_constraint_stage1 5.125 sdf_constraint_stage2 5.508 reconstructed_loss 0.409 inter 0.592 normal_constraint 5.835 grad_constraint 6.799 embeddings_constraint 1.450 template_reg 0.000 similarity_constraint 0.000
====================================================================================================
====================================================================================================
EPOCH 282 DONE                       | steps 1964 | mean total loss 25.761118 | sum total loss 50594.837 | epoch time 132.0s
EPOCH 282 MEAN COMPONENTS            | sdf_constraint_stage1 5.174 sdf_constraint_stage2 5.605 reconstructed_loss 0.484 inter 0.608 normal_constraint 5.708 grad_constraint 6.733 embeddings_constraint 1.449 template_reg 0.000 similarity_constraint 0.000
VALIDATION EPOCH 282                 | steps 104 | mean total loss 27.068342
VALIDATION EPOCH 282 MEAN COMPONENTS | sdf_constraint_stage1 5.871 sdf_constraint_stage2 5.938 reconstructed_loss 0.448 inter 0.661 normal_constraint 5.878 grad_constraint 6.849 embeddings_constraint 1.423 template_reg 0.000 similarity_constraint 0.000
====================================================================================================
====================================================================================================
EPOCH 283 DONE | steps 1964 | mean total loss 25.882096 | sum total loss 50832.437 | epoch time 130.6s
EPOCH 283 MEAN COMPONENTS | sdf_constraint_stage1 5.218 sdf_constraint_stage2 5.620 reconstructed_loss 0.482 inter 0.608 normal_constraint 5.721 grad_constraint 6.746 embeddings_constraint 1.486 template_reg 0.000 similarity_constraint 0.000
VALIDATION EPOCH 283 | steps 104 | mean total loss 25.874935
VALIDATION EPOCH 283 MEAN COMPONENTS | sdf_constraint_stage1 5.167 sdf_constraint_stage2 5.570 reconstructed_loss 0.508 inter 0.598 normal_constraint 5.806 grad_constraint 6.763 embeddings_constraint 1.461 template_reg 0.001 similarity_constraint 0.000
====================================================================================================
====================================================================================================
EPOCH 284 DONE | steps 1964 | mean total loss 25.842259 | sum total loss 50754.197 | epoch time 130.5s
EPOCH 284 MEAN COMPONENTS | sdf_constraint_stage1 5.197 sdf_constraint_stage2 5.609 reconstructed_loss 0.480 inter 0.609 normal_constraint 5.720 grad_constraint 6.744 embeddings_constraint 1.482 template_reg 0.000 similarity_constraint 0.000
VALIDATION EPOCH 284 | steps 104 | mean total loss 26.079087
VALIDATION EPOCH 284 MEAN COMPONENTS | sdf_constraint_stage1 5.231 sdf_constraint_stage2 5.610 reconstructed_loss 0.469 inter 0.631 normal_constraint 5.844 grad_constraint 6.779 embeddings_constraint 1.515 template_reg 0.000 similarity_constraint 0.000
====================================================================================================
====================================================================================================
EPOCH 285 DONE | steps 1964 | mean total loss 25.854775 | sum total loss 50778.777 | epoch time 130.7s
EPOCH 285 MEAN COMPONENTS | sdf_constraint_stage1 5.229 sdf_constraint_stage2 5.641 reconstructed_loss 0.488 inter 0.607 normal_constraint 5.705 grad_constraint 6.726 embeddings_constraint 1.459 template_reg 0.000 similarity_constraint 0.000
VALIDATION EPOCH 285 | steps 104 | mean total loss 25.316497
VALIDATION EPOCH 285 MEAN COMPONENTS | sdf_constraint_stage1 4.973 sdf_constraint_stage2 5.327 reconstructed_loss 0.413 inter 0.598 normal_constraint 5.807 grad_constraint 6.769 embeddings_constraint 1.428 template_reg 0.000 similarity_constraint 0.000
====================================================================================================
====================================================================================================
EPOCH 286 DONE | steps 1964 | mean total loss 25.793618 | sum total loss 50658.665 | epoch time 131.0s
EPOCH 286 MEAN COMPONENTS | sdf_constraint_stage1 5.179 sdf_constraint_stage2 5.585 reconstructed_loss 0.476 inter 0.607 normal_constraint 5.716 grad_constraint 6.737 embeddings_constraint 1.494 template_reg 0.000 similarity_constraint 0.000
VALIDATION EPOCH 286 | steps 104 | mean total loss 25.564096
VALIDATION EPOCH 286 MEAN COMPONENTS | sdf_constraint_stage1 5.043 sdf_constraint_stage2 5.532 reconstructed_loss 0.460 inter 0.593 normal_constraint 5.744 grad_constraint 6.716 embeddings_constraint 1.476 template_reg 0.000 similarity_constraint 0.000
====================================================================================================
