Job 925388 started on node50 at jeu. 06 août 2026 14:47:26 CEST
Allocated CPUs: 4
SLURM gave CUDA_VISIBLE_DEVICES=0
NVIDIA L40S, 46068 MiB, 580.178.04
---
--- config in use ---
batch_size: 16
epochs: 500
epochs_til_checkpoint: 1
keep_every: 100
expand: -1
experiment_name: airway_dci_2
hidden_num: 128
latent_dim: 128
hyper_hidden_layers: 3
logging_root: ./logs
lr: 0.0001
max_points: 300000
model_type: sine
num_instances: 419       # my actual pair count of data propably -- trainning set -- I am not 100 per cent sure if this is the right number, but I will keep it for now
on_surface_points: 4000
point_cloud_path: /home/ids/gmargari-24/airway_project/Data/dgci_data/surface_pts_n_normal
steps_til_summary: 100---------------------
surface .mat files : 419   (/home/ids/gmargari-24/airway_project/Data/dgci_data/surface_pts_n_normal)
free .mat files    : 419   (/home/ids/gmargari-24/airway_project/Data/dgci_data/free_space_pts)
num_instances      : 419
torch 2.5.1+cu121 | cuda available: True
device_count BEFORE train.py overrides CUDA_VISIBLE_DEVICES: 1
--- preflight OK ---
/home/ids/gmargari-24/airway_project/Data/dgci_data/surface_pts_n_normal
Loading point cloud of subject0000
Finished loading point cloud
Loading point cloud of subject0001
Finished loading point cloud
Loading point cloud of subject0002
Finished loading point cloud
Loading point cloud of subject0003
Finished loading point cloud
Loading point cloud of subject0004
Finished loading point cloud
Loading point cloud of subject0005
Finished loading point cloud
Loading point cloud of subject0006
Finished loading point cloud
Loading point cloud of subject0007
Finished loading point cloud
Loading point cloud of subject0008
Finished loading point cloud
Loading point cloud of subject0009
Finished loading point cloud
Loading point cloud of subject0010
Finished loading point cloud
Loading point cloud of subject0011
Finished loading point cloud
Loading point cloud of subject0012
Finished loading point cloud
Loading point cloud of subject0013
Finished loading point cloud
Loading point cloud of subject0014
Finished loading point cloud
Loading point cloud of subject0015
Finished loading point cloud
Loading point cloud of subject0016
Finished loading point cloud
Loading point cloud of subject0017
Finished loading point cloud
Loading point cloud of subject0018
Finished loading point cloud
Loading point cloud of subject0019
Finished loading point cloud
Loading point cloud of subject0020
Finished loading point cloud
Loading point cloud of subject0021
Finished loading point cloud
Loading point cloud of subject0022
Finished loading point cloud
Loading point cloud of subject0023
Finished loading point cloud
Loading point cloud of subject0024
Finished loading point cloud
Loading point cloud of subject0025
Finished loading point cloud
Loading point cloud of subject0026
Finished loading point cloud
Loading point cloud of subject0027
Finished loading point cloud
Loading point cloud of subject0028
Finished loading point cloud
Loading point cloud of subject0029
Finished loading point cloud
Loading point cloud of subject0030
Finished loading point cloud
Loading point cloud of subject0031
Finished loading point cloud
Loading point cloud of subject0032
Finished loading point cloud
Loading point cloud of subject0033
Finished loading point cloud
Loading point cloud of subject0034
Finished loading point cloud
Loading point cloud of subject0035
Finished loading point cloud
Loading point cloud of subject0036
Finished loading point cloud
Loading point cloud of subject0037
Finished loading point cloud
Loading point cloud of subject0038
Finished loading point cloud
Loading point cloud of subject0039
Finished loading point cloud
Loading point cloud of subject0040
Finished loading point cloud
Loading point cloud of subject0041
Finished loading point cloud
Loading point cloud of subject0042
Finished loading point cloud
Loading point cloud of subject0043
Finished loading point cloud
Loading point cloud of subject0044
Finished loading point cloud
Loading point cloud of subject0045
Finished loading point cloud
Loading point cloud of subject0046
Finished loading point cloud
Loading point cloud of subject0047
Finished loading point cloud
Loading point cloud of subject0048
Finished loading point cloud
Loading point cloud of subject0049
Finished loading point cloud
Loading point cloud of subject0050
Finished loading point cloud
Loading point cloud of subject0051
Finished loading point cloud
Loading point cloud of subject0052
Finished loading point cloud
Loading point cloud of subject0053
Finished loading point cloud
Loading point cloud of subject0054
Finished loading point cloud
Loading point cloud of subject0055
Finished loading point cloud
Loading point cloud of subject0056
Finished loading point cloud
Loading point cloud of subject0057
Finished loading point cloud
Loading point cloud of subject0058
Finished loading point cloud
Loading point cloud of subject0059
Finished loading point cloud
Loading point cloud of subject0060
Finished loading point cloud
Loading point cloud of subject0061
Finished loading point cloud
Loading point cloud of subject0062
Finished loading point cloud
Loading point cloud of subject0063
Finished loading point cloud
Loading point cloud of subject0064
Finished loading point cloud
Loading point cloud of subject0065
Finished loading point cloud
Loading point cloud of subject0066
Finished loading point cloud
Loading point cloud of subject0067
Finished loading point cloud
Loading point cloud of subject0068
Finished loading point cloud
Loading point cloud of subject0069
Finished loading point cloud
Loading point cloud of subject0070
Finished loading point cloud
Loading point cloud of subject0071
Finished loading point cloud
Loading point cloud of subject0072
Finished loading point cloud
Loading point cloud of subject0073
Finished loading point cloud
Loading point cloud of subject0074
Finished loading point cloud
Loading point cloud of subject0075
Finished loading point cloud
Loading point cloud of subject0076
Finished loading point cloud
Loading point cloud of subject0077
Finished loading point cloud
Loading point cloud of subject0078
Finished loading point cloud
Loading point cloud of subject0079
Finished loading point cloud
Loading point cloud of subject0080
Finished loading point cloud
Loading point cloud of subject0081
Finished loading point cloud
Loading point cloud of subject0082
Finished loading point cloud
Loading point cloud of subject0083
Finished loading point cloud
Loading point cloud of subject0084
Finished loading point cloud
Loading point cloud of subject0085
Finished loading point cloud
Loading point cloud of subject0086
Finished loading point cloud
Loading point cloud of subject0087
Finished loading point cloud
Loading point cloud of subject0088
Finished loading point cloud
Loading point cloud of subject0089
Finished loading point cloud
Loading point cloud of subject0090
Finished loading point cloud
Loading point cloud of subject0091
Finished loading point cloud
Loading point cloud of subject0092
Finished loading point cloud
Loading point cloud of subject0093
Finished loading point cloud
Loading point cloud of subject0094
Finished loading point cloud
Loading point cloud of subject0095
Finished loading point cloud
Loading point cloud of subject0096
Finished loading point cloud
Loading point cloud of subject0097
Finished loading point cloud
Loading point cloud of subject0098
Finished loading point cloud
Loading point cloud of subject0099
Finished loading point cloud
Loading point cloud of subject0100
Finished loading point cloud
Loading point cloud of subject0101
Finished loading point cloud
Loading point cloud of subject0102
Finished loading point cloud
Loading point cloud of subject0103
Finished loading point cloud
Loading point cloud of subject0104
Finished loading point cloud
Loading point cloud of subject0105
Finished loading point cloud
Loading point cloud of subject0106
Finished loading point cloud
Loading point cloud of subject0107
Finished loading point cloud
Loading point cloud of subject0108
Finished loading point cloud
Loading point cloud of subject0109
Finished loading point cloud
Loading point cloud of subject0110
Finished loading point cloud
Loading point cloud of subject0111
Finished loading point cloud
Loading point cloud of subject0112
Finished loading point cloud
Loading point cloud of subject0113
Finished loading point cloud
Loading point cloud of subject0114
Finished loading point cloud
Loading point cloud of subject0115
Finished loading point cloud
Loading point cloud of subject0116
Finished loading point cloud
Loading point cloud of subject0117
Finished loading point cloud
Loading point cloud of subject0118
Finished loading point cloud
Loading point cloud of subject0119
Finished loading point cloud
Loading point cloud of subject0120
Finished loading point cloud
Loading point cloud of subject0121
Finished loading point cloud
Loading point cloud of subject0122
Finished loading point cloud
Loading point cloud of subject0123
Finished loading point cloud
Loading point cloud of subject0124
Finished loading point cloud
Loading point cloud of subject0125
Finished loading point cloud
Loading point cloud of subject0126
Finished loading point cloud
Loading point cloud of subject0127
Finished loading point cloud
Loading point cloud of subject0128
Finished loading point cloud
Loading point cloud of subject0129
Finished loading point cloud
Loading point cloud of subject0130
Finished loading point cloud
Loading point cloud of subject0131
Finished loading point cloud
Loading point cloud of subject0132
Finished loading point cloud
Loading point cloud of subject0133
Finished loading point cloud
Loading point cloud of subject0134
Finished loading point cloud
Loading point cloud of subject0135
Finished loading point cloud
Loading point cloud of subject0136
Finished loading point cloud
Loading point cloud of subject0137
Finished loading point cloud
Loading point cloud of subject0138
Finished loading point cloud
Loading point cloud of subject0139
Finished loading point cloud
Loading point cloud of subject0140
Finished loading point cloud
Loading point cloud of subject0141
Finished loading point cloud
Loading point cloud of subject0142
Finished loading point cloud
Loading point cloud of subject0143
Finished loading point cloud
Loading point cloud of subject0144
Finished loading point cloud
Loading point cloud of subject0145
Finished loading point cloud
Loading point cloud of subject0146
Finished loading point cloud
Loading point cloud of subject0147
Finished loading point cloud
Loading point cloud of subject0148
Finished loading point cloud
Loading point cloud of subject0149
Finished loading point cloud
Loading point cloud of subject0150
Finished loading point cloud
Loading point cloud of subject0151
Finished loading point cloud
Loading point cloud of subject0152
Finished loading point cloud
Loading point cloud of subject0153
Finished loading point cloud
Loading point cloud of subject0154
Finished loading point cloud
Loading point cloud of subject0155
Finished loading point cloud
Loading point cloud of subject0156
Finished loading point cloud
Loading point cloud of subject0157
Finished loading point cloud
Loading point cloud of subject0158
Finished loading point cloud
Loading point cloud of subject0159
Finished loading point cloud
Loading point cloud of subject0160
Finished loading point cloud
Loading point cloud of subject0161
Finished loading point cloud
Loading point cloud of subject0162
Finished loading point cloud
Loading point cloud of subject0163
Finished loading point cloud
Loading point cloud of subject0164
Finished loading point cloud
Loading point cloud of subject0165
Finished loading point cloud
Loading point cloud of subject0166
Finished loading point cloud
Loading point cloud of subject0167
Finished loading point cloud
Loading point cloud of subject0168
Finished loading point cloud
Loading point cloud of subject0169
Finished loading point cloud
Loading point cloud of subject0170
Finished loading point cloud
Loading point cloud of subject0171
Finished loading point cloud
Loading point cloud of subject0172
Finished loading point cloud
Loading point cloud of subject0173
Finished loading point cloud
Loading point cloud of subject0174
Finished loading point cloud
Loading point cloud of subject0175
Finished loading point cloud
Loading point cloud of subject0176
Finished loading point cloud
Loading point cloud of subject0177
Finished loading point cloud
Loading point cloud of subject0178
Finished loading point cloud
Loading point cloud of subject0179
Finished loading point cloud
Loading point cloud of subject0180
Finished loading point cloud
Loading point cloud of subject0181
Finished loading point cloud
Loading point cloud of subject0182
Finished loading point cloud
Loading point cloud of subject0183
Finished loading point cloud
Loading point cloud of subject0184
Finished loading point cloud
Loading point cloud of subject0185
Finished loading point cloud
Loading point cloud of subject0186
Finished loading point cloud
Loading point cloud of subject0187
Finished loading point cloud
Loading point cloud of subject0188
Finished loading point cloud
Loading point cloud of subject0189
Finished loading point cloud
Loading point cloud of subject0190
Finished loading point cloud
Loading point cloud of subject0191
Finished loading point cloud
Loading point cloud of subject0192
Finished loading point cloud
Loading point cloud of subject0193
Finished loading point cloud
Loading point cloud of subject0194
Finished loading point cloud
Loading point cloud of subject0195
Finished loading point cloud
Loading point cloud of subject0196
Finished loading point cloud
Loading point cloud of subject0197
Finished loading point cloud
Loading point cloud of subject0198
Finished loading point cloud
Loading point cloud of subject0199
Finished loading point cloud
Loading point cloud of subject0200
Finished loading point cloud
Loading point cloud of subject0201
Finished loading point cloud
Loading point cloud of subject0202
Finished loading point cloud
Loading point cloud of subject0203
Finished loading point cloud
Loading point cloud of subject0204
Finished loading point cloud
Loading point cloud of subject0205
Finished loading point cloud
Loading point cloud of subject0206
Finished loading point cloud
Loading point cloud of subject0207
Finished loading point cloud
Loading point cloud of subject0208
Finished loading point cloud
Loading point cloud of subject0209
Finished loading point cloud
Loading point cloud of subject0210
Finished loading point cloud
Loading point cloud of subject0211
Finished loading point cloud
Loading point cloud of subject0212
Finished loading point cloud
Loading point cloud of subject0213
Finished loading point cloud
Loading point cloud of subject0214
Finished loading point cloud
Loading point cloud of subject0215
Finished loading point cloud
Loading point cloud of subject0216
Finished loading point cloud
Loading point cloud of subject0217
Finished loading point cloud
Loading point cloud of subject0218
Finished loading point cloud
Loading point cloud of subject0219
Finished loading point cloud
Loading point cloud of subject0220
Finished loading point cloud
Loading point cloud of subject0221
Finished loading point cloud
Loading point cloud of subject0222
Finished loading point cloud
Loading point cloud of subject0223
Finished loading point cloud
Loading point cloud of subject0224
Finished loading point cloud
Loading point cloud of subject0225
Finished loading point cloud
Loading point cloud of subject0226
Finished loading point cloud
Loading point cloud of subject0227
Finished loading point cloud
Loading point cloud of subject0228
Finished loading point cloud
Loading point cloud of subject0229
Finished loading point cloud
Loading point cloud of subject0230
Finished loading point cloud
Loading point cloud of subject0231
Finished loading point cloud
Loading point cloud of subject0232
Finished loading point cloud
Loading point cloud of subject0233
Finished loading point cloud
Loading point cloud of subject0234
Finished loading point cloud
Loading point cloud of subject0235
Finished loading point cloud
Loading point cloud of subject0236
Finished loading point cloud
Loading point cloud of subject0237
Finished loading point cloud
Loading point cloud of subject0238
Finished loading point cloud
Loading point cloud of subject0239
Finished loading point cloud
Loading point cloud of subject0240
Finished loading point cloud
Loading point cloud of subject0241
Finished loading point cloud
Loading point cloud of subject0242
Finished loading point cloud
Loading point cloud of subject0243
Finished loading point cloud
Loading point cloud of subject0244
Finished loading point cloud
Loading point cloud of subject0245
Finished loading point cloud
Loading point cloud of subject0246
Finished loading point cloud
Loading point cloud of subject0247
Finished loading point cloud
Loading point cloud of subject0248
Finished loading point cloud
Loading point cloud of subject0249
Finished loading point cloud
Loading point cloud of subject0250
Finished loading point cloud
Loading point cloud of subject0251
Finished loading point cloud
Loading point cloud of subject0252
Finished loading point cloud
Loading point cloud of subject0253
Finished loading point cloud
Loading point cloud of subject0254
Finished loading point cloud
Loading point cloud of subject0255
Finished loading point cloud
Loading point cloud of subject0256
Finished loading point cloud
Loading point cloud of subject0257
Finished loading point cloud
Loading point cloud of subject0258
Finished loading point cloud
Loading point cloud of subject0259
Finished loading point cloud
Loading point cloud of subject0260
Finished loading point cloud
Loading point cloud of subject0261
Finished loading point cloud
Loading point cloud of subject0262
Finished loading point cloud
Loading point cloud of subject0263
Finished loading point cloud
Loading point cloud of subject0264
Finished loading point cloud
Loading point cloud of subject0265
Finished loading point cloud
Loading point cloud of subject0266
Finished loading point cloud
Loading point cloud of subject0267
Finished loading point cloud
Loading point cloud of subject0268
Finished loading point cloud
Loading point cloud of subject0269
Finished loading point cloud
Loading point cloud of subject0270
Finished loading point cloud
Loading point cloud of subject0271
Finished loading point cloud
Loading point cloud of subject0272
Finished loading point cloud
Loading point cloud of subject0273
Finished loading point cloud
Loading point cloud of subject0274
Finished loading point cloud
Loading point cloud of subject0275
Finished loading point cloud
Loading point cloud of subject0276
Finished loading point cloud
Loading point cloud of subject0277
Finished loading point cloud
Loading point cloud of subject0278
Finished loading point cloud
Loading point cloud of subject0279
Finished loading point cloud
Loading point cloud of subject0280
Finished loading point cloud
Loading point cloud of subject0281
Finished loading point cloud
Loading point cloud of subject0282
Finished loading point cloud
Loading point cloud of subject0283
Finished loading point cloud
Loading point cloud of subject0284
Finished loading point cloud
Loading point cloud of subject0285
Finished loading point cloud
Loading point cloud of subject0286
Finished loading point cloud
Loading point cloud of subject0287
Finished loading point cloud
Loading point cloud of subject0288
Finished loading point cloud
Loading point cloud of subject0289
Finished loading point cloud
Loading point cloud of subject0290
Finished loading point cloud
Loading point cloud of subject0291
Finished loading point cloud
Loading point cloud of subject0292
Finished loading point cloud
Loading point cloud of subject0293
Finished loading point cloud
Loading point cloud of subject0294
Finished loading point cloud
Loading point cloud of subject0295
Finished loading point cloud
Loading point cloud of subject0296
Finished loading point cloud
Loading point cloud of subject0297
Finished loading point cloud
Loading point cloud of subject0298
Finished loading point cloud
Loading point cloud of subject0299
Finished loading point cloud
Loading point cloud of subject0300
Finished loading point cloud
Loading point cloud of subject0301
Finished loading point cloud
Loading point cloud of subject0302
Finished loading point cloud
Loading point cloud of subject0303
Finished loading point cloud
Loading point cloud of subject0304
Finished loading point cloud
Loading point cloud of subject0305
Finished loading point cloud
Loading point cloud of subject0306
Finished loading point cloud
Loading point cloud of subject0307
Finished loading point cloud
Loading point cloud of subject0308
Finished loading point cloud
Loading point cloud of subject0309
Finished loading point cloud
Loading point cloud of subject0310
Finished loading point cloud
Loading point cloud of subject0311
Finished loading point cloud
Loading point cloud of subject0312
Finished loading point cloud
Loading point cloud of subject0313
Finished loading point cloud
Loading point cloud of subject0314
Finished loading point cloud
Loading point cloud of subject0315
Finished loading point cloud
Loading point cloud of subject0316
Finished loading point cloud
Loading point cloud of subject0317
Finished loading point cloud
Loading point cloud of subject0318
Finished loading point cloud
Loading point cloud of subject0319
Finished loading point cloud
Loading point cloud of subject0320
Finished loading point cloud
Loading point cloud of subject0321
Finished loading point cloud
Loading point cloud of subject0322
Finished loading point cloud
Loading point cloud of subject0323
Finished loading point cloud
Loading point cloud of subject0324
Finished loading point cloud
Loading point cloud of subject0325
Finished loading point cloud
Loading point cloud of subject0326
Finished loading point cloud
Loading point cloud of subject0327
Finished loading point cloud
Loading point cloud of subject0328
Finished loading point cloud
Loading point cloud of subject0329
Finished loading point cloud
Loading point cloud of subject0330
Finished loading point cloud
Loading point cloud of subject0331
Finished loading point cloud
Loading point cloud of subject0332
Finished loading point cloud
Loading point cloud of subject0333
Finished loading point cloud
Loading point cloud of subject0334
Finished loading point cloud
Loading point cloud of subject0335
Finished loading point cloud
Loading point cloud of subject0336
Finished loading point cloud
Loading point cloud of subject0337
Finished loading point cloud
Loading point cloud of subject0338
Finished loading point cloud
Loading point cloud of subject0339
Finished loading point cloud
Loading point cloud of subject0340
Finished loading point cloud
Loading point cloud of subject0341
Finished loading point cloud
Loading point cloud of subject0342
Finished loading point cloud
Loading point cloud of subject0343
Finished loading point cloud
Loading point cloud of subject0344
Finished loading point cloud
Loading point cloud of subject0345
Finished loading point cloud
Loading point cloud of subject0346
Finished loading point cloud
Loading point cloud of subject0347
Finished loading point cloud
Loading point cloud of subject0348
Finished loading point cloud
Loading point cloud of subject0349
Finished loading point cloud
Loading point cloud of subject0350
Finished loading point cloud
Loading point cloud of subject0351
Finished loading point cloud
Loading point cloud of subject0352
Finished loading point cloud
Loading point cloud of subject0353
Finished loading point cloud
Loading point cloud of subject0354
Finished loading point cloud
Loading point cloud of subject0355
Finished loading point cloud
Loading point cloud of subject0356
Finished loading point cloud
Loading point cloud of subject0357
Finished loading point cloud
Loading point cloud of subject0358
Finished loading point cloud
Loading point cloud of subject0359
Finished loading point cloud
Loading point cloud of subject0360
Finished loading point cloud
Loading point cloud of subject0361
Finished loading point cloud
Loading point cloud of subject0362
Finished loading point cloud
Loading point cloud of subject0363
Finished loading point cloud
Loading point cloud of subject0364
Finished loading point cloud
Loading point cloud of subject0365
Finished loading point cloud
Loading point cloud of subject0366
Finished loading point cloud
Loading point cloud of subject0367
Finished loading point cloud
Loading point cloud of subject0368
Finished loading point cloud
Loading point cloud of subject0369
Finished loading point cloud
Loading point cloud of subject0370
Finished loading point cloud
Loading point cloud of subject0371
Finished loading point cloud
Loading point cloud of subject0372
Finished loading point cloud
Loading point cloud of subject0373
Finished loading point cloud
Loading point cloud of subject0374
Finished loading point cloud
Loading point cloud of subject0375
Finished loading point cloud
Loading point cloud of subject0376
Finished loading point cloud
Loading point cloud of subject0377
Finished loading point cloud
Loading point cloud of subject0378
Finished loading point cloud
Loading point cloud of subject0379
Finished loading point cloud
Loading point cloud of subject0380
Finished loading point cloud
Loading point cloud of subject0381
Finished loading point cloud
Loading point cloud of subject0382
Finished loading point cloud
Loading point cloud of subject0383
Finished loading point cloud
Loading point cloud of subject0384
Finished loading point cloud
Loading point cloud of subject0385
Finished loading point cloud
Loading point cloud of subject0386
Finished loading point cloud
Loading point cloud of subject0387
Finished loading point cloud
Loading point cloud of subject0388
Finished loading point cloud
Loading point cloud of subject0389
Finished loading point cloud
Loading point cloud of subject0390
Finished loading point cloud
Loading point cloud of subject0391
Finished loading point cloud
Loading point cloud of subject0392
Finished loading point cloud
Loading point cloud of subject0393
Finished loading point cloud
Loading point cloud of subject0394
Finished loading point cloud
Loading point cloud of subject0395
Finished loading point cloud
Loading point cloud of subject0396
Finished loading point cloud
Loading point cloud of subject0397
Finished loading point cloud
Loading point cloud of subject0398
Finished loading point cloud
Loading point cloud of subject0399
Finished loading point cloud
Loading point cloud of subject0400
Finished loading point cloud
Loading point cloud of subject0401
Finished loading point cloud
Loading point cloud of subject0402
Finished loading point cloud
Loading point cloud of subject0403
Finished loading point cloud
Loading point cloud of subject0404
Finished loading point cloud
Loading point cloud of subject0405
Finished loading point cloud
Loading point cloud of subject0406
Finished loading point cloud
Loading point cloud of subject0407
Finished loading point cloud
Loading point cloud of subject0408
Finished loading point cloud
Loading point cloud of subject0409
Finished loading point cloud
Loading point cloud of subject0410
Finished loading point cloud
Loading point cloud of subject0411
Finished loading point cloud
Loading point cloud of subject0412
Finished loading point cloud
Loading point cloud of subject0413
Finished loading point cloud
Loading point cloud of subject0414
Finished loading point cloud
Loading point cloud of subject0415
Finished loading point cloud
Loading point cloud of subject0416
Finished loading point cloud
Loading point cloud of subject0417
Finished loading point cloud
Loading point cloud of subject0418
Finished loading point cloud
419
SingleBVPNet(
  (net): FCBlock(
    (net): MetaSequential(
      (0): MetaSequential(
        (0): BatchLinear(in_features=4, out_features=128, bias=True)
        (1): Sine()
      )
      (1): MetaSequential(
        (0): BatchLinear(in_features=128, out_features=128, bias=True)
        (1): Sine()
      )
      (2): MetaSequential(
        (0): BatchLinear(in_features=128, out_features=128, bias=True)
        (1): Sine()
      )
      (3): MetaSequential(
        (0): BatchLinear(in_features=128, out_features=128, bias=True)
        (1): Sine()
      )
      (4): MetaSequential(
        (0): BatchLinear(in_features=128, out_features=128, bias=True)
        (1): Sine()
      )
    )
  )
)
SingleBVPNet(
  (net): FCBlock(
    (net): MetaSequential(
      (0): MetaSequential(
        (0): BatchLinear(in_features=128, out_features=128, bias=True)
        (1): Sine()
      )
      (1): MetaSequential(
        (0): BatchLinear(in_features=128, out_features=128, bias=True)
        (1): Sine()
      )
      (2): MetaSequential(
        (0): BatchLinear(in_features=128, out_features=128, bias=True)
        (1): Sine()
      )
      (3): MetaSequential(
        (0): BatchLinear(in_features=128, out_features=3, bias=True)
      )
    )
  )
)
SDFBVPNet(
  (net): FCBlock(
    (net): MetaSequential(
      (0): MetaSequential(
        (0): BatchLinear(in_features=3, out_features=128, bias=True)
        (1): Sine()
      )
      (1): MetaSequential(
        (0): BatchLinear(in_features=128, out_features=128, bias=True)
        (1): Sine()
      )
      (2): MetaSequential(
        (0): BatchLinear(in_features=128, out_features=128, bias=True)
        (1): Sine()
      )
      (3): MetaSequential(
        (0): BatchLinear(in_features=128, out_features=128, bias=True)
        (1): Sine()
      )
      (4): MetaSequential(
        (0): BatchLinear(in_features=128, out_features=128, bias=True)
        (1): Sine()
      )
      (5): MetaSequential(
        (0): BatchLinear(in_features=128, out_features=1, bias=True)
      )
    )
  )
)
Training Info:
num_instances:		 419
batch_size:		 16
epochs:			 500
learning rate:		 0.0001
====================================================================================================
EPOCH 0 DONE | steps 1964 | mean total loss 179.740294 | sum total loss 353009.937 | epoch time 131.7s
EPOCH 0 MEAN COMPONENTS | sdf_constraint_stage1 27.481 sdf_constraint_stage2 24.223 reconstructed_loss 49.205 inter 3.800 normal_constraint 34.608 grad_constraint 18.645 embeddings_constraint 21.715 template_reg 0.061 similarity_constraint 0.002
====================================================================================================
====================================================================================================
EPOCH 1 DONE | steps 1964 | mean total loss 86.751479 | sum total loss 170379.905 | epoch time 129.9s
EPOCH 1 MEAN COMPONENTS | sdf_constraint_stage1 17.839 sdf_constraint_stage2 17.980 reconstructed_loss 3.333 inter 2.457 normal_constraint 26.655 grad_constraint 14.562 embeddings_constraint 3.924 template_reg 0.000 similarity_constraint 0.000
====================================================================================================
====================================================================================================
EPOCH 2 DONE | steps 1964 | mean total loss 76.016443 | sum total loss 149296.295 | epoch time 129.9s
EPOCH 2 MEAN COMPONENTS | sdf_constraint_stage1 15.716 sdf_constraint_stage2 16.100 reconstructed_loss 2.521 inter 1.845 normal_constraint 22.509 grad_constraint 13.526 embeddings_constraint 3.798 template_reg 0.000 similarity_constraint 0.000
====================================================================================================
====================================================================================================
EPOCH 3 DONE | steps 1964 | mean total loss 68.539311 | sum total loss 134611.206 | epoch time 129.9s
EPOCH 3 MEAN COMPONENTS | sdf_constraint_stage1 14.341 sdf_constraint_stage2 14.676 reconstructed_loss 1.960 inter 1.478 normal_constraint 19.537 grad_constraint 12.859 embeddings_constraint 3.689 template_reg 0.001 similarity_constraint 0.000
====================================================================================================
====================================================================================================
EPOCH 4 DONE | steps 1964 | mean total loss 63.381756 | sum total loss 124481.769 | epoch time 129.9s
EPOCH 4 MEAN COMPONENTS | sdf_constraint_stage1 13.417 sdf_constraint_stage2 13.699 reconstructed_loss 1.681 inter 1.249 normal_constraint 17.365 grad_constraint 12.415 embeddings_constraint 3.554 template_reg 0.001 similarity_constraint 0.000
====================================================================================================
====================================================================================================
EPOCH 5 DONE | steps 1964 | mean total loss 59.352730 | sum total loss 116568.761 | epoch time 129.9s
EPOCH 5 MEAN COMPONENTS | sdf_constraint_stage1 12.625 sdf_constraint_stage2 12.882 reconstructed_loss 1.487 inter 1.107 normal_constraint 15.747 grad_constraint 12.085 embeddings_constraint 3.419 template_reg 0.001 similarity_constraint 0.000
====================================================================================================
====================================================================================================
EPOCH 6 DONE | steps 1964 | mean total loss 56.310912 | sum total loss 110594.631 | epoch time 130.8s
EPOCH 6 MEAN COMPONENTS | sdf_constraint_stage1 12.025 sdf_constraint_stage2 12.231 reconstructed_loss 1.342 inter 1.014 normal_constraint 14.557 grad_constraint 11.834 embeddings_constraint 3.306 template_reg 0.000 similarity_constraint 0.000
====================================================================================================
====================================================================================================
EPOCH 7 DONE | steps 1964 | mean total loss 54.253623 | sum total loss 106554.115 | epoch time 130.0s
EPOCH 7 MEAN COMPONENTS | sdf_constraint_stage1 11.662 sdf_constraint_stage2 11.827 reconstructed_loss 1.287 inter 0.956 normal_constraint 13.673 grad_constraint 11.631 embeddings_constraint 3.217 template_reg 0.000 similarity_constraint 0.000
====================================================================================================
====================================================================================================
EPOCH 8 DONE | steps 1964 | mean total loss 52.466062 | sum total loss 103043.346 | epoch time 130.0s
EPOCH 8 MEAN COMPONENTS | sdf_constraint_stage1 11.287 sdf_constraint_stage2 11.436 reconstructed_loss 1.230 inter 0.911 normal_constraint 13.000 grad_constraint 11.456 embeddings_constraint 3.145 template_reg 0.000 similarity_constraint 0.000
====================================================================================================
====================================================================================================
EPOCH 9 DONE | steps 1964 | mean total loss 50.842832 | sum total loss 99855.322 | epoch time 129.9s
EPOCH 9 MEAN COMPONENTS | sdf_constraint_stage1 10.951 sdf_constraint_stage2 11.060 reconstructed_loss 1.150 inter 0.880 normal_constraint 12.435 grad_constraint 11.289 embeddings_constraint 3.078 template_reg 0.000 similarity_constraint 0.000
====================================================================================================
====================================================================================================
EPOCH 10 DONE | steps 1964 | mean total loss 49.624677 | sum total loss 97462.866 | epoch time 130.0s
EPOCH 10 MEAN COMPONENTS | sdf_constraint_stage1 10.698 sdf_constraint_stage2 10.788 reconstructed_loss 1.116 inter 0.853 normal_constraint 11.994 grad_constraint 11.154 embeddings_constraint 3.021 template_reg 0.000 similarity_constraint 0.000
====================================================================================================
====================================================================================================
EPOCH 11 DONE | steps 1964 | mean total loss 48.574304 | sum total loss 95399.934 | epoch time 130.0s
EPOCH 11 MEAN COMPONENTS | sdf_constraint_stage1 10.464 sdf_constraint_stage2 10.570 reconstructed_loss 1.083 inter 0.834 normal_constraint 11.620 grad_constraint 11.032 embeddings_constraint 2.971 template_reg 0.000 similarity_constraint 0.000
====================================================================================================
====================================================================================================
EPOCH 12 DONE | steps 1964 | mean total loss 47.682236 | sum total loss 93647.911 | epoch time 130.0s
EPOCH 12 MEAN COMPONENTS | sdf_constraint_stage1 10.269 sdf_constraint_stage2 10.373 reconstructed_loss 1.062 inter 0.817 normal_constraint 11.300 grad_constraint 10.920 embeddings_constraint 2.940 template_reg 0.000 similarity_constraint 0.000
====================================================================================================
====================================================================================================
EPOCH 13 DONE | steps 1964 | mean total loss 46.808286 | sum total loss 91931.474 | epoch time 130.0s
EPOCH 13 MEAN COMPONENTS | sdf_constraint_stage1 10.091 sdf_constraint_stage2 10.152 reconstructed_loss 1.022 inter 0.803 normal_constraint 11.030 grad_constraint 10.813 embeddings_constraint 2.897 template_reg 0.000 similarity_constraint 0.000
====================================================================================================
====================================================================================================
EPOCH 14 DONE | steps 1964 | mean total loss 45.941652 | sum total loss 90229.405 | epoch time 129.9s
EPOCH 14 MEAN COMPONENTS | sdf_constraint_stage1 9.883 sdf_constraint_stage2 9.960 reconstructed_loss 0.993 inter 0.792 normal_constraint 10.758 grad_constraint 10.707 embeddings_constraint 2.849 template_reg 0.000 similarity_constraint 0.000
====================================================================================================
====================================================================================================
EPOCH 15 DONE | steps 1964 | mean total loss 45.571245 | sum total loss 89501.924 | epoch time 129.9s
EPOCH 15 MEAN COMPONENTS | sdf_constraint_stage1 9.820 sdf_constraint_stage2 9.909 reconstructed_loss 0.995 inter 0.783 normal_constraint 10.594 grad_constraint 10.638 embeddings_constraint 2.831 template_reg 0.000 similarity_constraint 0.000
====================================================================================================
====================================================================================================
EPOCH 16 DONE | steps 1964 | mean total loss 44.654855 | sum total loss 87702.136 | epoch time 130.0s
EPOCH 16 MEAN COMPONENTS | sdf_constraint_stage1 9.574 sdf_constraint_stage2 9.657 reconstructed_loss 0.951 inter 0.772 normal_constraint 10.370 grad_constraint 10.544 embeddings_constraint 2.788 template_reg 0.000 similarity_constraint 0.000
====================================================================================================
====================================================================================================
EPOCH 17 DONE | steps 1964 | mean total loss 44.281001 | sum total loss 86967.886 | epoch time 130.0s
EPOCH 17 MEAN COMPONENTS | sdf_constraint_stage1 9.523 sdf_constraint_stage2 9.588 reconstructed_loss 0.947 inter 0.767 normal_constraint 10.212 grad_constraint 10.471 embeddings_constraint 2.773 template_reg 0.000 similarity_constraint 0.000
====================================================================================================
====================================================================================================
EPOCH 18 DONE | steps 1964 | mean total loss 43.758849 | sum total loss 85942.379 | epoch time 129.9s
EPOCH 18 MEAN COMPONENTS | sdf_constraint_stage1 9.422 sdf_constraint_stage2 9.456 reconstructed_loss 0.922 inter 0.760 normal_constraint 10.063 grad_constraint 10.396 embeddings_constraint 2.740 template_reg 0.000 similarity_constraint 0.000
====================================================================================================
====================================================================================================
EPOCH 19 DONE | steps 1964 | mean total loss 43.399851 | sum total loss 85237.308 | epoch time 129.9s
EPOCH 19 MEAN COMPONENTS | sdf_constraint_stage1 9.357 sdf_constraint_stage2 9.394 reconstructed_loss 0.916 inter 0.754 normal_constraint 9.925 grad_constraint 10.331 embeddings_constraint 2.722 template_reg 0.000 similarity_constraint 0.000
====================================================================================================
====================================================================================================
EPOCH 20 DONE | steps 1964 | mean total loss 42.602580 | sum total loss 83671.466 | epoch time 130.0s
EPOCH 20 MEAN COMPONENTS | sdf_constraint_stage1 9.112 sdf_constraint_stage2 9.172 reconstructed_loss 0.886 inter 0.746 normal_constraint 9.757 grad_constraint 10.248 embeddings_constraint 2.680 template_reg 0.000 similarity_constraint 0.000
====================================================================================================
====================================================================================================
EPOCH 21 DONE | steps 1964 | mean total loss 42.369527 | sum total loss 83213.750 | epoch time 129.8s
EPOCH 21 MEAN COMPONENTS | sdf_constraint_stage1 9.111 sdf_constraint_stage2 9.115 reconstructed_loss 0.873 inter 0.743 normal_constraint 9.661 grad_constraint 10.198 embeddings_constraint 2.668 template_reg 0.000 similarity_constraint 0.000
====================================================================================================
====================================================================================================
EPOCH 22 DONE | steps 1964 | mean total loss 41.899531 | sum total loss 82290.679 | epoch time 129.8s
EPOCH 22 MEAN COMPONENTS | sdf_constraint_stage1 8.973 sdf_constraint_stage2 9.013 reconstructed_loss 0.867 inter 0.739 normal_constraint 9.535 grad_constraint 10.132 embeddings_constraint 2.640 template_reg 0.000 similarity_constraint 0.000
====================================================================================================
====================================================================================================
EPOCH 23 DONE | steps 1964 | mean total loss 41.573018 | sum total loss 81649.406 | epoch time 129.8s
EPOCH 23 MEAN COMPONENTS | sdf_constraint_stage1 8.908 sdf_constraint_stage2 8.944 reconstructed_loss 0.854 inter 0.733 normal_constraint 9.438 grad_constraint 10.082 embeddings_constraint 2.613 template_reg 0.000 similarity_constraint 0.000
====================================================================================================
====================================================================================================
EPOCH 24 DONE | steps 1964 | mean total loss 41.267661 | sum total loss 81049.687 | epoch time 129.8s
EPOCH 24 MEAN COMPONENTS | sdf_constraint_stage1 8.854 sdf_constraint_stage2 8.869 reconstructed_loss 0.846 inter 0.730 normal_constraint 9.343 grad_constraint 10.023 embeddings_constraint 2.603 template_reg 0.000 similarity_constraint 0.000
====================================================================================================
====================================================================================================
EPOCH 25 DONE | steps 1964 | mean total loss 40.823136 | sum total loss 80176.639 | epoch time 129.8s
EPOCH 25 MEAN COMPONENTS | sdf_constraint_stage1 8.722 sdf_constraint_stage2 8.753 reconstructed_loss 0.831 inter 0.724 normal_constraint 9.245 grad_constraint 9.971 embeddings_constraint 2.575 template_reg 0.000 similarity_constraint 0.000
====================================================================================================
====================================================================================================
EPOCH 26 DONE | steps 1964 | mean total loss 40.658646 | sum total loss 79853.581 | epoch time 129.8s
EPOCH 26 MEAN COMPONENTS | sdf_constraint_stage1 8.701 sdf_constraint_stage2 8.754 reconstructed_loss 0.844 inter 0.722 normal_constraint 9.154 grad_constraint 9.922 embeddings_constraint 2.561 template_reg 0.000 similarity_constraint 0.000
====================================================================================================
====================================================================================================
EPOCH 27 DONE | steps 1964 | mean total loss 40.170629 | sum total loss 78895.115 | epoch time 129.8s
EPOCH 27 MEAN COMPONENTS | sdf_constraint_stage1 8.570 sdf_constraint_stage2 8.607 reconstructed_loss 0.810 inter 0.719 normal_constraint 9.065 grad_constraint 9.866 embeddings_constraint 2.535 template_reg 0.000 similarity_constraint 0.000
====================================================================================================
====================================================================================================
EPOCH 28 DONE | steps 1964 | mean total loss 39.909161 | sum total loss 78381.592 | epoch time 129.9s
EPOCH 28 MEAN COMPONENTS | sdf_constraint_stage1 8.521 sdf_constraint_stage2 8.536 reconstructed_loss 0.799 inter 0.715 normal_constraint 8.994 grad_constraint 9.824 embeddings_constraint 2.520 template_reg 0.000 similarity_constraint 0.000
====================================================================================================
====================================================================================================
EPOCH 29 DONE | steps 1964 | mean total loss 39.887871 | sum total loss 78339.779 | epoch time 129.7s
EPOCH 29 MEAN COMPONENTS | sdf_constraint_stage1 8.539 sdf_constraint_stage2 8.556 reconstructed_loss 0.808 inter 0.713 normal_constraint 8.955 grad_constraint 9.795 embeddings_constraint 2.522 template_reg 0.000 similarity_constraint 0.000
====================================================================================================
====================================================================================================
EPOCH 30 DONE | steps 1964 | mean total loss 39.426816 | sum total loss 77434.267 | epoch time 129.8s
EPOCH 30 MEAN COMPONENTS | sdf_constraint_stage1 8.404 sdf_constraint_stage2 8.459 reconstructed_loss 0.799 inter 0.711 normal_constraint 8.841 grad_constraint 9.731 embeddings_constraint 2.483 template_reg 0.000 similarity_constraint 0.000
====================================================================================================
====================================================================================================
EPOCH 31 DONE | steps 1964 | mean total loss 39.308905 | sum total loss 77202.689 | epoch time 129.6s
EPOCH 31 MEAN COMPONENTS | sdf_constraint_stage1 8.399 sdf_constraint_stage2 8.419 reconstructed_loss 0.793 inter 0.708 normal_constraint 8.804 grad_constraint 9.702 embeddings_constraint 2.484 template_reg 0.000 similarity_constraint 0.000
====================================================================================================
====================================================================================================
EPOCH 32 DONE | steps 1964 | mean total loss 38.986888 | sum total loss 76570.247 | epoch time 129.7s
EPOCH 32 MEAN COMPONENTS | sdf_constraint_stage1 8.317 sdf_constraint_stage2 8.348 reconstructed_loss 0.778 inter 0.704 normal_constraint 8.727 grad_constraint 9.654 embeddings_constraint 2.459 template_reg 0.000 similarity_constraint 0.000
====================================================================================================
====================================================================================================
EPOCH 33 DONE | steps 1964 | mean total loss 38.805425 | sum total loss 76213.854 | epoch time 129.8s
EPOCH 33 MEAN COMPONENTS | sdf_constraint_stage1 8.273 sdf_constraint_stage2 8.306 reconstructed_loss 0.779 inter 0.703 normal_constraint 8.673 grad_constraint 9.621 embeddings_constraint 2.451 template_reg 0.000 similarity_constraint 0.000
====================================================================================================
====================================================================================================
EPOCH 34 DONE | steps 1964 | mean total loss 38.407169 | sum total loss 75431.680 | epoch time 129.7s
EPOCH 34 MEAN COMPONENTS | sdf_constraint_stage1 8.161 sdf_constraint_stage2 8.193 reconstructed_loss 0.757 inter 0.699 normal_constraint 8.599 grad_constraint 9.572 embeddings_constraint 2.427 template_reg 0.000 similarity_constraint 0.000
====================================================================================================
====================================================================================================
EPOCH 35 DONE | steps 1964 | mean total loss 38.218681 | sum total loss 75061.490 | epoch time 129.8s
EPOCH 35 MEAN COMPONENTS | sdf_constraint_stage1 8.126 sdf_constraint_stage2 8.173 reconstructed_loss 0.755 inter 0.696 normal_constraint 8.535 grad_constraint 9.531 embeddings_constraint 2.402 template_reg 0.000 similarity_constraint 0.000
====================================================================================================
====================================================================================================
EPOCH 36 DONE | steps 1964 | mean total loss 37.967732 | sum total loss 74568.625 | epoch time 129.8s
EPOCH 36 MEAN COMPONENTS | sdf_constraint_stage1 8.059 sdf_constraint_stage2 8.095 reconstructed_loss 0.745 inter 0.695 normal_constraint 8.486 grad_constraint 9.498 embeddings_constraint 2.389 template_reg 0.000 similarity_constraint 0.000
====================================================================================================
====================================================================================================
EPOCH 37 DONE | steps 1964 | mean total loss 37.942159 | sum total loss 74518.399 | epoch time 129.7s
EPOCH 37 MEAN COMPONENTS | sdf_constraint_stage1 8.084 sdf_constraint_stage2 8.118 reconstructed_loss 0.754 inter 0.694 normal_constraint 8.448 grad_constraint 9.468 embeddings_constraint 2.375 template_reg 0.000 similarity_constraint 0.000
====================================================================================================
====================================================================================================
EPOCH 38 DONE | steps 1964 | mean total loss 37.771931 | sum total loss 74184.072 | epoch time 129.7s
EPOCH 38 MEAN COMPONENTS | sdf_constraint_stage1 8.036 sdf_constraint_stage2 8.079 reconstructed_loss 0.746 inter 0.691 normal_constraint 8.402 grad_constraint 9.435 embeddings_constraint 2.382 template_reg 0.000 similarity_constraint 0.000
====================================================================================================
====================================================================================================
EPOCH 39 DONE | steps 1964 | mean total loss 37.515217 | sum total loss 73679.887 | epoch time 129.7s
EPOCH 39 MEAN COMPONENTS | sdf_constraint_stage1 7.978 sdf_constraint_stage2 8.007 reconstructed_loss 0.734 inter 0.689 normal_constraint 8.352 grad_constraint 9.401 embeddings_constraint 2.353 template_reg 0.000 similarity_constraint 0.000
====================================================================================================
====================================================================================================
EPOCH 40 DONE | steps 1964 | mean total loss 37.210140 | sum total loss 73080.715 | epoch time 129.7s
EPOCH 40 MEAN COMPONENTS | sdf_constraint_stage1 7.884 sdf_constraint_stage2 7.926 reconstructed_loss 0.724 inter 0.687 normal_constraint 8.291 grad_constraint 9.360 embeddings_constraint 2.338 template_reg 0.000 similarity_constraint 0.000
====================================================================================================
====================================================================================================
EPOCH 41 DONE | steps 1964 | mean total loss 37.131133 | sum total loss 72925.545 | epoch time 129.7s
EPOCH 41 MEAN COMPONENTS | sdf_constraint_stage1 7.882 sdf_constraint_stage2 7.916 reconstructed_loss 0.727 inter 0.687 normal_constraint 8.258 grad_constraint 9.332 embeddings_constraint 2.328 template_reg 0.000 similarity_constraint 0.000
====================================================================================================
====================================================================================================
EPOCH 42 DONE | steps 1964 | mean total loss 36.867185 | sum total loss 72407.151 | epoch time 129.7s
EPOCH 42 MEAN COMPONENTS | sdf_constraint_stage1 7.815 sdf_constraint_stage2 7.840 reconstructed_loss 0.709 inter 0.683 normal_constraint 8.212 grad_constraint 9.300 embeddings_constraint 2.308 template_reg 0.000 similarity_constraint 0.000
====================================================================================================
====================================================================================================
EPOCH 43 DONE | steps 1964 | mean total loss 36.702006 | sum total loss 72082.741 | epoch time 129.7s
EPOCH 43 MEAN COMPONENTS | sdf_constraint_stage1 7.763 sdf_constraint_stage2 7.818 reconstructed_loss 0.714 inter 0.683 normal_constraint 8.162 grad_constraint 9.269 embeddings_constraint 2.292 template_reg 0.000 similarity_constraint 0.000
====================================================================================================
====================================================================================================
EPOCH 44 DONE | steps 1964 | mean total loss 36.622171 | sum total loss 71925.945 | epoch time 129.8s
EPOCH 44 MEAN COMPONENTS | sdf_constraint_stage1 7.762 sdf_constraint_stage2 7.812 reconstructed_loss 0.712 inter 0.681 normal_constraint 8.125 grad_constraint 9.239 embeddings_constraint 2.290 template_reg 0.000 similarity_constraint 0.000
====================================================================================================
====================================================================================================
EPOCH 45 DONE | steps 1964 | mean total loss 36.472729 | sum total loss 71632.439 | epoch time 129.8s
EPOCH 45 MEAN COMPONENTS | sdf_constraint_stage1 7.731 sdf_constraint_stage2 7.770 reconstructed_loss 0.705 inter 0.679 normal_constraint 8.096 grad_constraint 9.216 embeddings_constraint 2.275 template_reg 0.000 similarity_constraint 0.000
====================================================================================================
====================================================================================================
EPOCH 46 DONE | steps 1964 | mean total loss 36.163297 | sum total loss 71024.716 | epoch time 129.8s
EPOCH 46 MEAN COMPONENTS | sdf_constraint_stage1 7.642 sdf_constraint_stage2 7.680 reconstructed_loss 0.689 inter 0.677 normal_constraint 8.040 grad_constraint 9.176 embeddings_constraint 2.260 template_reg 0.000 similarity_constraint 0.000
====================================================================================================
====================================================================================================
EPOCH 47 DONE | steps 1964 | mean total loss 36.077590 | sum total loss 70856.387 | epoch time 129.8s
EPOCH 47 MEAN COMPONENTS | sdf_constraint_stage1 7.629 sdf_constraint_stage2 7.674 reconstructed_loss 0.693 inter 0.676 normal_constraint 8.005 grad_constraint 9.151 embeddings_constraint 2.248 template_reg 0.000 similarity_constraint 0.000
====================================================================================================
====================================================================================================
EPOCH 48 DONE | steps 1964 | mean total loss 36.005432 | sum total loss 70714.668 | epoch time 129.8s
EPOCH 48 MEAN COMPONENTS | sdf_constraint_stage1 7.619 sdf_constraint_stage2 7.680 reconstructed_loss 0.696 inter 0.676 normal_constraint 7.971 grad_constraint 9.125 embeddings_constraint 2.238 template_reg 0.000 similarity_constraint 0.000
====================================================================================================
====================================================================================================
EPOCH 49 DONE | steps 1964 | mean total loss 35.811332 | sum total loss 70333.457 | epoch time 129.8s
EPOCH 49 MEAN COMPONENTS | sdf_constraint_stage1 7.570 sdf_constraint_stage2 7.620 reconstructed_loss 0.687 inter 0.673 normal_constraint 7.938 grad_constraint 9.096 embeddings_constraint 2.226 template_reg 0.000 similarity_constraint 0.000
====================================================================================================
====================================================================================================
EPOCH 50 DONE | steps 1964 | mean total loss 35.595399 | sum total loss 69909.364 | epoch time 129.8s
EPOCH 50 MEAN COMPONENTS | sdf_constraint_stage1 7.506 sdf_constraint_stage2 7.569 reconstructed_loss 0.681 inter 0.672 normal_constraint 7.892 grad_constraint 9.064 embeddings_constraint 2.211 template_reg 0.000 similarity_constraint 0.000
====================================================================================================
====================================================================================================
EPOCH 51 DONE | steps 1964 | mean total loss 35.635001 | sum total loss 69987.141 | epoch time 129.8s
EPOCH 51 MEAN COMPONENTS | sdf_constraint_stage1 7.541 sdf_constraint_stage2 7.588 reconstructed_loss 0.681 inter 0.672 normal_constraint 7.889 grad_constraint 9.052 embeddings_constraint 2.213 template_reg 0.000 similarity_constraint 0.000
====================================================================================================
====================================================================================================
EPOCH 52 DONE | steps 1964 | mean total loss 35.340914 | sum total loss 69409.555 | epoch time 129.8s
EPOCH 52 MEAN COMPONENTS | sdf_constraint_stage1 7.446 sdf_constraint_stage2 7.512 reconstructed_loss 0.671 inter 0.670 normal_constraint 7.834 grad_constraint 9.020 embeddings_constraint 2.189 template_reg 0.000 similarity_constraint 0.000
====================================================================================================
====================================================================================================
EPOCH 53 DONE | steps 1964 | mean total loss 35.313096 | sum total loss 69354.921 | epoch time 129.7s
EPOCH 53 MEAN COMPONENTS | sdf_constraint_stage1 7.474 sdf_constraint_stage2 7.501 reconstructed_loss 0.671 inter 0.670 normal_constraint 7.811 grad_constraint 8.995 embeddings_constraint 2.192 template_reg 0.000 similarity_constraint 0.000
====================================================================================================
====================================================================================================
EPOCH 54 DONE | steps 1964 | mean total loss 35.126353 | sum total loss 68988.157 | epoch time 129.7s
EPOCH 54 MEAN COMPONENTS | sdf_constraint_stage1 7.399 sdf_constraint_stage2 7.466 reconstructed_loss 0.668 inter 0.669 normal_constraint 7.779 grad_constraint 8.970 embeddings_constraint 2.175 template_reg 0.000 similarity_constraint 0.000
====================================================================================================
====================================================================================================
EPOCH 55 DONE | steps 1964 | mean total loss 35.018874 | sum total loss 68777.069 | epoch time 129.8s
EPOCH 55 MEAN COMPONENTS | sdf_constraint_stage1 7.386 sdf_constraint_stage2 7.442 reconstructed_loss 0.663 inter 0.666 normal_constraint 7.749 grad_constraint 8.946 embeddings_constraint 2.166 template_reg 0.000 similarity_constraint 0.000
====================================================================================================
====================================================================================================
EPOCH 56 DONE | steps 1964 | mean total loss 34.861142 | sum total loss 68467.282 | epoch time 129.8s
EPOCH 56 MEAN COMPONENTS | sdf_constraint_stage1 7.341 sdf_constraint_stage2 7.400 reconstructed_loss 0.658 inter 0.666 normal_constraint 7.718 grad_constraint 8.924 embeddings_constraint 2.154 template_reg 0.000 similarity_constraint 0.000
====================================================================================================
====================================================================================================
EPOCH 57 DONE | steps 1964 | mean total loss 34.821899 | sum total loss 68390.209 | epoch time 129.7s
EPOCH 57 MEAN COMPONENTS | sdf_constraint_stage1 7.352 sdf_constraint_stage2 7.402 reconstructed_loss 0.657 inter 0.665 normal_constraint 7.697 grad_constraint 8.902 embeddings_constraint 2.146 template_reg 0.000 similarity_constraint 0.000
====================================================================================================
====================================================================================================
EPOCH 58 DONE | steps 1964 | mean total loss 34.583613 | sum total loss 67922.216 | epoch time 129.8s
EPOCH 58 MEAN COMPONENTS | sdf_constraint_stage1 7.272 sdf_constraint_stage2 7.346 reconstructed_loss 0.651 inter 0.665 normal_constraint 7.652 grad_constraint 8.868 embeddings_constraint 2.129 template_reg 0.000 similarity_constraint 0.000
====================================================================================================
====================================================================================================
EPOCH 59 DONE | steps 1964 | mean total loss 34.587778 | sum total loss 67930.397 | epoch time 129.7s
EPOCH 59 MEAN COMPONENTS | sdf_constraint_stage1 7.286 sdf_constraint_stage2 7.347 reconstructed_loss 0.655 inter 0.663 normal_constraint 7.646 grad_constraint 8.860 embeddings_constraint 2.130 template_reg 0.000 similarity_constraint 0.000
====================================================================================================
====================================================================================================
EPOCH 60 DONE | steps 1964 | mean total loss 34.396164 | sum total loss 67554.066 | epoch time 129.8s
EPOCH 60 MEAN COMPONENTS | sdf_constraint_stage1 7.243 sdf_constraint_stage2 7.304 reconstructed_loss 0.647 inter 0.664 normal_constraint 7.602 grad_constraint 8.825 embeddings_constraint 2.111 template_reg 0.000 similarity_constraint 0.000
====================================================================================================
====================================================================================================
EPOCH 61 DONE | steps 1964 | mean total loss 34.288526 | sum total loss 67342.664 | epoch time 129.7s
EPOCH 61 MEAN COMPONENTS | sdf_constraint_stage1 7.217 sdf_constraint_stage2 7.279 reconstructed_loss 0.641 inter 0.661 normal_constraint 7.583 grad_constraint 8.806 embeddings_constraint 2.101 template_reg 0.000 similarity_constraint 0.000
====================================================================================================
====================================================================================================
EPOCH 62 DONE | steps 1964 | mean total loss 34.203490 | sum total loss 67175.655 | epoch time 129.7s
EPOCH 62 MEAN COMPONENTS | sdf_constraint_stage1 7.195 sdf_constraint_stage2 7.267 reconstructed_loss 0.646 inter 0.659 normal_constraint 7.560 grad_constraint 8.787 embeddings_constraint 2.089 template_reg 0.000 similarity_constraint 0.000
====================================================================================================
====================================================================================================
EPOCH 63 DONE | steps 1964 | mean total loss 34.002682 | sum total loss 66781.267 | epoch time 129.7s
EPOCH 63 MEAN COMPONENTS | sdf_constraint_stage1 7.142 sdf_constraint_stage2 7.203 reconstructed_loss 0.630 inter 0.660 normal_constraint 7.525 grad_constraint 8.761 embeddings_constraint 2.082 template_reg 0.000 similarity_constraint 0.000
====================================================================================================
====================================================================================================
EPOCH 64 DONE | steps 1964 | mean total loss 34.010297 | sum total loss 66796.223 | epoch time 129.7s
EPOCH 64 MEAN COMPONENTS | sdf_constraint_stage1 7.157 sdf_constraint_stage2 7.216 reconstructed_loss 0.635 inter 0.658 normal_constraint 7.514 grad_constraint 8.747 embeddings_constraint 2.083 template_reg 0.000 similarity_constraint 0.000
====================================================================================================
====================================================================================================
EPOCH 65 DONE | steps 1964 | mean total loss 33.924882 | sum total loss 66628.469 | epoch time 129.8s
EPOCH 65 MEAN COMPONENTS | sdf_constraint_stage1 7.148 sdf_constraint_stage2 7.201 reconstructed_loss 0.631 inter 0.658 normal_constraint 7.491 grad_constraint 8.725 embeddings_constraint 2.071 template_reg 0.000 similarity_constraint 0.000
====================================================================================================
====================================================================================================
EPOCH 66 DONE | steps 1964 | mean total loss 33.765611 | sum total loss 66315.660 | epoch time 129.8s
EPOCH 66 MEAN COMPONENTS | sdf_constraint_stage1 7.092 sdf_constraint_stage2 7.164 reconstructed_loss 0.630 inter 0.656 normal_constraint 7.458 grad_constraint 8.701 embeddings_constraint 2.063 template_reg 0.000 similarity_constraint 0.000
====================================================================================================
====================================================================================================
EPOCH 67 DONE | steps 1964 | mean total loss 33.591746 | sum total loss 65974.189 | epoch time 129.8s
EPOCH 67 MEAN COMPONENTS | sdf_constraint_stage1 7.035 sdf_constraint_stage2 7.119 reconstructed_loss 0.622 inter 0.655 normal_constraint 7.434 grad_constraint 8.678 embeddings_constraint 2.049 template_reg 0.000 similarity_constraint 0.000
====================================================================================================
====================================================================================================
EPOCH 68 DONE | steps 1964 | mean total loss 33.613362 | sum total loss 66016.642 | epoch time 129.8s
EPOCH 68 MEAN COMPONENTS | sdf_constraint_stage1 7.061 sdf_constraint_stage2 7.150 reconstructed_loss 0.630 inter 0.655 normal_constraint 7.416 grad_constraint 8.661 embeddings_constraint 2.040 template_reg 0.000 similarity_constraint 0.000
====================================================================================================
====================================================================================================
EPOCH 69 DONE | steps 1964 | mean total loss 33.361478 | sum total loss 65521.942 | epoch time 129.8s
EPOCH 69 MEAN COMPONENTS | sdf_constraint_stage1 6.977 sdf_constraint_stage2 7.055 reconstructed_loss 0.613 inter 0.654 normal_constraint 7.387 grad_constraint 8.638 embeddings_constraint 2.038 template_reg 0.000 similarity_constraint 0.000
====================================================================================================
====================================================================================================
EPOCH 70 DONE | steps 1964 | mean total loss 33.557131 | sum total loss 65906.206 | epoch time 129.8s
EPOCH 70 MEAN COMPONENTS | sdf_constraint_stage1 7.077 sdf_constraint_stage2 7.138 reconstructed_loss 0.625 inter 0.654 normal_constraint 7.393 grad_constraint 8.633 embeddings_constraint 2.038 template_reg 0.000 similarity_constraint 0.000
====================================================================================================
====================================================================================================
EPOCH 71 DONE | steps 1964 | mean total loss 33.317253 | sum total loss 65435.086 | epoch time 129.8s
EPOCH 71 MEAN COMPONENTS | sdf_constraint_stage1 6.991 sdf_constraint_stage2 7.078 reconstructed_loss 0.622 inter 0.653 normal_constraint 7.348 grad_constraint 8.601 embeddings_constraint 2.025 template_reg 0.000 similarity_constraint 0.000
====================================================================================================
====================================================================================================
EPOCH 72 DONE | steps 1964 | mean total loss 33.104651 | sum total loss 65017.534 | epoch time 129.7s
EPOCH 72 MEAN COMPONENTS | sdf_constraint_stage1 6.932 sdf_constraint_stage2 7.017 reconstructed_loss 0.610 inter 0.651 normal_constraint 7.320 grad_constraint 8.576 embeddings_constraint 2.000 template_reg 0.000 similarity_constraint 0.000
====================================================================================================
====================================================================================================
EPOCH 73 DONE | steps 1964 | mean total loss 33.128750 | sum total loss 65064.866 | epoch time 129.7s
EPOCH 73 MEAN COMPONENTS | sdf_constraint_stage1 6.953 sdf_constraint_stage2 7.035 reconstructed_loss 0.614 inter 0.652 normal_constraint 7.308 grad_constraint 8.566 embeddings_constraint 1.999 template_reg 0.000 similarity_constraint 0.000
====================================================================================================
====================================================================================================
EPOCH 74 DONE | steps 1964 | mean total loss 33.099539 | sum total loss 65007.494 | epoch time 129.8s
EPOCH 74 MEAN COMPONENTS | sdf_constraint_stage1 6.949 sdf_constraint_stage2 7.026 reconstructed_loss 0.612 inter 0.651 normal_constraint 7.304 grad_constraint 8.555 embeddings_constraint 2.001 template_reg 0.000 similarity_constraint 0.000
====================================================================================================
====================================================================================================
EPOCH 75 DONE | steps 1964 | mean total loss 32.941645 | sum total loss 64697.390 | epoch time 129.9s
EPOCH 75 MEAN COMPONENTS | sdf_constraint_stage1 6.904 sdf_constraint_stage2 6.997 reconstructed_loss 0.608 inter 0.651 normal_constraint 7.266 grad_constraint 8.526 embeddings_constraint 1.991 template_reg 0.000 similarity_constraint 0.000
====================================================================================================
====================================================================================================
EPOCH 76 DONE | steps 1964 | mean total loss 32.907410 | sum total loss 64630.154 | epoch time 129.8s
EPOCH 76 MEAN COMPONENTS | sdf_constraint_stage1 6.906 sdf_constraint_stage2 6.987 reconstructed_loss 0.609 inter 0.651 normal_constraint 7.256 grad_constraint 8.513 embeddings_constraint 1.986 template_reg 0.000 similarity_constraint 0.000
====================================================================================================
====================================================================================================
EPOCH 77 DONE | steps 1964 | mean total loss 32.676587 | sum total loss 64176.817 | epoch time 129.7s
EPOCH 77 MEAN COMPONENTS | sdf_constraint_stage1 6.829 sdf_constraint_stage2 6.929 reconstructed_loss 0.605 inter 0.648 normal_constraint 7.218 grad_constraint 8.482 embeddings_constraint 1.966 template_reg 0.000 similarity_constraint 0.000
====================================================================================================
====================================================================================================
EPOCH 78 DONE | steps 1964 | mean total loss 32.627885 | sum total loss 64081.165 | epoch time 129.7s
EPOCH 78 MEAN COMPONENTS | sdf_constraint_stage1 6.823 sdf_constraint_stage2 6.923 reconstructed_loss 0.602 inter 0.647 normal_constraint 7.203 grad_constraint 8.470 embeddings_constraint 1.959 template_reg 0.000 similarity_constraint 0.000
====================================================================================================
====================================================================================================
EPOCH 79 DONE | steps 1964 | mean total loss 32.602457 | sum total loss 64031.226 | epoch time 129.6s
EPOCH 79 MEAN COMPONENTS | sdf_constraint_stage1 6.825 sdf_constraint_stage2 6.920 reconstructed_loss 0.600 inter 0.647 normal_constraint 7.191 grad_constraint 8.457 embeddings_constraint 1.961 template_reg 0.000 similarity_constraint 0.000
====================================================================================================
====================================================================================================
EPOCH 80 DONE | steps 1964 | mean total loss 32.364038 | sum total loss 63562.972 | epoch time 129.6s
EPOCH 80 MEAN COMPONENTS | sdf_constraint_stage1 6.754 sdf_constraint_stage2 6.850 reconstructed_loss 0.588 inter 0.646 normal_constraint 7.163 grad_constraint 8.431 embeddings_constraint 1.932 template_reg 0.000 similarity_constraint 0.000
====================================================================================================
====================================================================================================
EPOCH 81 DONE | steps 1964 | mean total loss 32.507998 | sum total loss 63845.707 | epoch time 129.7s
EPOCH 81 MEAN COMPONENTS | sdf_constraint_stage1 6.814 sdf_constraint_stage2 6.907 reconstructed_loss 0.601 inter 0.646 normal_constraint 7.164 grad_constraint 8.428 embeddings_constraint 1.948 template_reg 0.000 similarity_constraint 0.000
====================================================================================================
====================================================================================================
EPOCH 82 DONE | steps 1964 | mean total loss 32.434897 | sum total loss 63702.138 | epoch time 129.7s
EPOCH 82 MEAN COMPONENTS | sdf_constraint_stage1 6.786 sdf_constraint_stage2 6.889 reconstructed_loss 0.600 inter 0.647 normal_constraint 7.150 grad_constraint 8.412 embeddings_constraint 1.951 template_reg 0.000 similarity_constraint 0.000
====================================================================================================
====================================================================================================
EPOCH 83 DONE | steps 1964 | mean total loss 32.305551 | sum total loss 63448.102 | epoch time 129.7s
EPOCH 83 MEAN COMPONENTS | sdf_constraint_stage1 6.764 sdf_constraint_stage2 6.864 reconstructed_loss 0.595 inter 0.645 normal_constraint 7.122 grad_constraint 8.390 embeddings_constraint 1.925 template_reg 0.000 similarity_constraint 0.000
====================================================================================================
====================================================================================================
EPOCH 84 DONE | steps 1964 | mean total loss 32.168442 | sum total loss 63178.821 | epoch time 129.7s
EPOCH 84 MEAN COMPONENTS | sdf_constraint_stage1 6.723 sdf_constraint_stage2 6.819 reconstructed_loss 0.585 inter 0.645 normal_constraint 7.102 grad_constraint 8.369 embeddings_constraint 1.924 template_reg 0.000 similarity_constraint 0.000
====================================================================================================
====================================================================================================
EPOCH 85 DONE | steps 1964 | mean total loss 32.244346 | sum total loss 63327.896 | epoch time 129.6s
EPOCH 85 MEAN COMPONENTS | sdf_constraint_stage1 6.750 sdf_constraint_stage2 6.860 reconstructed_loss 0.598 inter 0.645 normal_constraint 7.099 grad_constraint 8.363 embeddings_constraint 1.929 template_reg 0.000 similarity_constraint 0.000
====================================================================================================
====================================================================================================
EPOCH 86 DONE | steps 1964 | mean total loss 32.110325 | sum total loss 63064.679 | epoch time 129.7s
EPOCH 86 MEAN COMPONENTS | sdf_constraint_stage1 6.715 sdf_constraint_stage2 6.828 reconstructed_loss 0.593 inter 0.644 normal_constraint 7.077 grad_constraint 8.341 embeddings_constraint 1.912 template_reg 0.000 similarity_constraint 0.000
====================================================================================================
====================================================================================================
EPOCH 87 DONE | steps 1964 | mean total loss 31.994634 | sum total loss 62837.461 | epoch time 129.7s
EPOCH 87 MEAN COMPONENTS | sdf_constraint_stage1 6.690 sdf_constraint_stage2 6.799 reconstructed_loss 0.587 inter 0.641 normal_constraint 7.054 grad_constraint 8.321 embeddings_constraint 1.901 template_reg 0.000 similarity_constraint 0.000
====================================================================================================
====================================================================================================
EPOCH 88 DONE | steps 1964 | mean total loss 31.974191 | sum total loss 62797.311 | epoch time 129.7s
EPOCH 88 MEAN COMPONENTS | sdf_constraint_stage1 6.683 sdf_constraint_stage2 6.793 reconstructed_loss 0.586 inter 0.643 normal_constraint 7.048 grad_constraint 8.315 embeddings_constraint 1.906 template_reg 0.000 similarity_constraint 0.000
====================================================================================================
====================================================================================================
EPOCH 89 DONE | steps 1964 | mean total loss 31.859037 | sum total loss 62571.148 | epoch time 129.7s
EPOCH 89 MEAN COMPONENTS | sdf_constraint_stage1 6.658 sdf_constraint_stage2 6.776 reconstructed_loss 0.586 inter 0.643 normal_constraint 7.021 grad_constraint 8.290 embeddings_constraint 1.885 template_reg 0.000 similarity_constraint 0.000
====================================================================================================
====================================================================================================
EPOCH 90 DONE | steps 1964 | mean total loss 31.657836 | sum total loss 62175.990 | epoch time 129.7s
EPOCH 90 MEAN COMPONENTS | sdf_constraint_stage1 6.592 sdf_constraint_stage2 6.699 reconstructed_loss 0.571 inter 0.642 normal_constraint 7.001 grad_constraint 8.271 embeddings_constraint 1.881 template_reg 0.000 similarity_constraint 0.000
====================================================================================================
====================================================================================================
EPOCH 91 DONE | steps 1964 | mean total loss 31.597135 | sum total loss 62056.774 | epoch time 129.7s
EPOCH 91 MEAN COMPONENTS | sdf_constraint_stage1 6.573 sdf_constraint_stage2 6.699 reconstructed_loss 0.575 inter 0.641 normal_constraint 6.984 grad_constraint 8.255 embeddings_constraint 1.871 template_reg 0.000 similarity_constraint 0.000
====================================================================================================
====================================================================================================
EPOCH 92 DONE | steps 1964 | mean total loss 31.613494 | sum total loss 62088.902 | epoch time 129.8s
EPOCH 92 MEAN COMPONENTS | sdf_constraint_stage1 6.593 sdf_constraint_stage2 6.711 reconstructed_loss 0.574 inter 0.639 normal_constraint 6.978 grad_constraint 8.248 embeddings_constraint 1.870 template_reg 0.000 similarity_constraint 0.000
====================================================================================================
====================================================================================================
EPOCH 93 DONE | steps 1964 | mean total loss 31.523361 | sum total loss 61911.881 | epoch time 129.7s
EPOCH 93 MEAN COMPONENTS | sdf_constraint_stage1 6.578 sdf_constraint_stage2 6.693 reconstructed_loss 0.576 inter 0.640 normal_constraint 6.955 grad_constraint 8.226 embeddings_constraint 1.855 template_reg 0.000 similarity_constraint 0.000
====================================================================================================
====================================================================================================
EPOCH 94 DONE | steps 1964 | mean total loss 31.614011 | sum total loss 62089.917 | epoch time 129.8s
EPOCH 94 MEAN COMPONENTS | sdf_constraint_stage1 6.597 sdf_constraint_stage2 6.716 reconstructed_loss 0.581 inter 0.641 normal_constraint 6.966 grad_constraint 8.230 embeddings_constraint 1.883 template_reg 0.000 similarity_constraint 0.000
====================================================================================================
====================================================================================================
EPOCH 95 DONE | steps 1964 | mean total loss 31.353582 | sum total loss 61578.435 | epoch time 129.8s
EPOCH 95 MEAN COMPONENTS | sdf_constraint_stage1 6.527 sdf_constraint_stage2 6.650 reconstructed_loss 0.570 inter 0.639 normal_constraint 6.928 grad_constraint 8.197 embeddings_constraint 1.842 template_reg 0.000 similarity_constraint 0.000
====================================================================================================
====================================================================================================
EPOCH 96 DONE | steps 1964 | mean total loss 31.334231 | sum total loss 61540.429 | epoch time 129.8s
EPOCH 96 MEAN COMPONENTS | sdf_constraint_stage1 6.522 sdf_constraint_stage2 6.642 reconstructed_loss 0.566 inter 0.639 normal_constraint 6.922 grad_constraint 8.189 embeddings_constraint 1.854 template_reg 0.000 similarity_constraint 0.000
====================================================================================================
====================================================================================================
EPOCH 97 DONE | steps 1964 | mean total loss 31.243245 | sum total loss 61361.734 | epoch time 129.7s
EPOCH 97 MEAN COMPONENTS | sdf_constraint_stage1 6.505 sdf_constraint_stage2 6.633 reconstructed_loss 0.567 inter 0.638 normal_constraint 6.900 grad_constraint 8.168 embeddings_constraint 1.832 template_reg 0.000 similarity_constraint 0.000
====================================================================================================
====================================================================================================
EPOCH 98 DONE | steps 1964 | mean total loss 31.167846 | sum total loss 61213.650 | epoch time 129.7s
EPOCH 98 MEAN COMPONENTS | sdf_constraint_stage1 6.472 sdf_constraint_stage2 6.604 reconstructed_loss 0.563 inter 0.637 normal_constraint 6.892 grad_constraint 8.158 embeddings_constraint 1.842 template_reg 0.000 similarity_constraint 0.000
====================================================================================================
====================================================================================================
EPOCH 99 DONE | steps 1964 | mean total loss 31.261014 | sum total loss 61396.632 | epoch time 130.0s
EPOCH 99 MEAN COMPONENTS | sdf_constraint_stage1 6.527 sdf_constraint_stage2 6.649 reconstructed_loss 0.571 inter 0.637 normal_constraint 6.886 grad_constraint 8.149 embeddings_constraint 1.842 template_reg 0.000 similarity_constraint 0.000
====================================================================================================
====================================================================================================
EPOCH 100 DONE | steps 1964 | mean total loss 31.054971 | sum total loss 60991.964 | epoch time 129.8s
EPOCH 100 MEAN COMPONENTS | sdf_constraint_stage1 6.450 sdf_constraint_stage2 6.589 reconstructed_loss 0.564 inter 0.637 normal_constraint 6.862 grad_constraint 8.126 embeddings_constraint 1.828 template_reg 0.000 similarity_constraint 0.000
====================================================================================================
====================================================================================================
EPOCH 101 DONE | steps 1964 | mean total loss 31.127186 | sum total loss 61133.794 | epoch time 129.6s
EPOCH 101 MEAN COMPONENTS | sdf_constraint_stage1 6.490 sdf_constraint_stage2 6.614 reconstructed_loss 0.567 inter 0.637 normal_constraint 6.863 grad_constraint 8.126 embeddings_constraint 1.830 template_reg 0.000 similarity_constraint 0.000
====================================================================================================
====================================================================================================
EPOCH 102 DONE | steps 1964 | mean total loss 30.971467 | sum total loss 60827.961 | epoch time 129.8s
EPOCH 102 MEAN COMPONENTS | sdf_constraint_stage1 6.445 sdf_constraint_stage2 6.568 reconstructed_loss 0.558 inter 0.635 normal_constraint 6.842 grad_constraint 8.105 embeddings_constraint 1.818 template_reg 0.000 similarity_constraint 0.000
====================================================================================================
====================================================================================================
EPOCH 103 DONE | steps 1964 | mean total loss 30.960890 | sum total loss 60807.189 | epoch time 129.8s
EPOCH 103 MEAN COMPONENTS | sdf_constraint_stage1 6.437 sdf_constraint_stage2 6.578 reconstructed_loss 0.565 inter 0.635 normal_constraint 6.830 grad_constraint 8.093 embeddings_constraint 1.822 template_reg 0.000 similarity_constraint 0.000
====================================================================================================
====================================================================================================
EPOCH 104 DONE | steps 1964 | mean total loss 30.808873 | sum total loss 60508.626 | epoch time 129.8s
EPOCH 104 MEAN COMPONENTS | sdf_constraint_stage1 6.397 sdf_constraint_stage2 6.540 reconstructed_loss 0.559 inter 0.636 normal_constraint 6.805 grad_constraint 8.069 embeddings_constraint 1.803 template_reg 0.000 similarity_constraint 0.000
====================================================================================================
====================================================================================================
EPOCH 105 DONE | steps 1964 | mean total loss 30.774024 | sum total loss 60440.184 | epoch time 129.8s
EPOCH 105 MEAN COMPONENTS | sdf_constraint_stage1 6.397 sdf_constraint_stage2 6.523 reconstructed_loss 0.551 inter 0.635 normal_constraint 6.802 grad_constraint 8.063 embeddings_constraint 1.802 template_reg 0.000 similarity_constraint 0.000
====================================================================================================
====================================================================================================
EPOCH 106 DONE | steps 1964 | mean total loss 30.802331 | sum total loss 60495.778 | epoch time 129.7s
EPOCH 106 MEAN COMPONENTS | sdf_constraint_stage1 6.402 sdf_constraint_stage2 6.546 reconstructed_loss 0.563 inter 0.635 normal_constraint 6.795 grad_constraint 8.054 embeddings_constraint 1.807 template_reg 0.000 similarity_constraint 0.000
====================================================================================================
====================================================================================================
EPOCH 107 DONE | steps 1964 | mean total loss 30.627527 | sum total loss 60152.463 | epoch time 129.7s
EPOCH 107 MEAN COMPONENTS | sdf_constraint_stage1 6.352 sdf_constraint_stage2 6.495 reconstructed_loss 0.550 inter 0.635 normal_constraint 6.768 grad_constraint 8.029 embeddings_constraint 1.798 template_reg 0.000 similarity_constraint 0.000
====================================================================================================
====================================================================================================
EPOCH 108 DONE | steps 1964 | mean total loss 30.815695 | sum total loss 60522.025 | epoch time 129.7s
EPOCH 108 MEAN COMPONENTS | sdf_constraint_stage1 6.440 sdf_constraint_stage2 6.566 reconstructed_loss 0.562 inter 0.633 normal_constraint 6.777 grad_constraint 8.033 embeddings_constraint 1.804 template_reg 0.000 similarity_constraint 0.000
====================================================================================================
====================================================================================================
EPOCH 109 DONE | steps 1964 | mean total loss 30.599847 | sum total loss 60098.100 | epoch time 129.7s
EPOCH 109 MEAN COMPONENTS | sdf_constraint_stage1 6.353 sdf_constraint_stage2 6.489 reconstructed_loss 0.551 inter 0.633 normal_constraint 6.761 grad_constraint 8.016 embeddings_constraint 1.796 template_reg 0.000 similarity_constraint 0.000
====================================================================================================
====================================================================================================
EPOCH 110 DONE | steps 1964 | mean total loss 30.356854 | sum total loss 59620.862 | epoch time 129.8s
EPOCH 110 MEAN COMPONENTS | sdf_constraint_stage1 6.271 sdf_constraint_stage2 6.413 reconstructed_loss 0.537 inter 0.633 normal_constraint 6.733 grad_constraint 7.991 embeddings_constraint 1.779 template_reg 0.000 similarity_constraint 0.000
====================================================================================================
====================================================================================================
EPOCH 111 DONE | steps 1964 | mean total loss 30.564792 | sum total loss 60029.252 | epoch time 129.6s
EPOCH 111 MEAN COMPONENTS | sdf_constraint_stage1 6.366 sdf_constraint_stage2 6.496 reconstructed_loss 0.555 inter 0.633 normal_constraint 6.737 grad_constraint 7.992 embeddings_constraint 1.786 template_reg 0.000 similarity_constraint 0.000
====================================================================================================
====================================================================================================
EPOCH 112 DONE | steps 1964 | mean total loss 30.415177 | sum total loss 59735.407 | epoch time 129.0s
EPOCH 112 MEAN COMPONENTS | sdf_constraint_stage1 6.318 sdf_constraint_stage2 6.457 reconstructed_loss 0.550 inter 0.633 normal_constraint 6.716 grad_constraint 7.970 embeddings_constraint 1.771 template_reg 0.000 similarity_constraint 0.000
====================================================================================================
====================================================================================================
EPOCH 113 DONE | steps 1964 | mean total loss 30.407922 | sum total loss 59721.158 | epoch time 128.9s
EPOCH 113 MEAN COMPONENTS | sdf_constraint_stage1 6.317 sdf_constraint_stage2 6.457 reconstructed_loss 0.549 inter 0.633 normal_constraint 6.711 grad_constraint 7.964 embeddings_constraint 1.778 template_reg 0.000 similarity_constraint 0.000
====================================================================================================
====================================================================================================
EPOCH 114 DONE | steps 1964 | mean total loss 30.386611 | sum total loss 59679.304 | epoch time 128.7s
EPOCH 114 MEAN COMPONENTS | sdf_constraint_stage1 6.318 sdf_constraint_stage2 6.456 reconstructed_loss 0.549 inter 0.632 normal_constraint 6.702 grad_constraint 7.952 embeddings_constraint 1.777 template_reg 0.000 similarity_constraint 0.000
====================================================================================================
====================================================================================================
EPOCH 115 DONE | steps 1964 | mean total loss 30.394317 | sum total loss 59694.438 | epoch time 129.1s
EPOCH 115 MEAN COMPONENTS | sdf_constraint_stage1 6.342 sdf_constraint_stage2 6.470 reconstructed_loss 0.550 inter 0.631 normal_constraint 6.694 grad_constraint 7.941 embeddings_constraint 1.766 template_reg 0.000 similarity_constraint 0.000
====================================================================================================
====================================================================================================
EPOCH 116 DONE | steps 1964 | mean total loss 30.220019 | sum total loss 59352.118 | epoch time 128.7s
EPOCH 116 MEAN COMPONENTS | sdf_constraint_stage1 6.260 sdf_constraint_stage2 6.407 reconstructed_loss 0.541 inter 0.630 normal_constraint 6.682 grad_constraint 7.930 embeddings_constraint 1.769 template_reg 0.000 similarity_constraint 0.000
====================================================================================================
====================================================================================================
EPOCH 117 DONE | steps 1964 | mean total loss 30.111392 | sum total loss 59138.774 | epoch time 128.9s
EPOCH 117 MEAN COMPONENTS | sdf_constraint_stage1 6.227 sdf_constraint_stage2 6.374 reconstructed_loss 0.536 inter 0.631 normal_constraint 6.663 grad_constraint 7.911 embeddings_constraint 1.770 template_reg 0.000 similarity_constraint 0.000
====================================================================================================
====================================================================================================
EPOCH 118 DONE | steps 1964 | mean total loss 30.122603 | sum total loss 59160.792 | epoch time 128.8s
EPOCH 118 MEAN COMPONENTS | sdf_constraint_stage1 6.258 sdf_constraint_stage2 6.398 reconstructed_loss 0.543 inter 0.629 normal_constraint 6.651 grad_constraint 7.898 embeddings_constraint 1.746 template_reg 0.000 similarity_constraint 0.000
====================================================================================================
====================================================================================================
EPOCH 119 DONE | steps 1964 | mean total loss 30.216596 | sum total loss 59345.395 | epoch time 128.8s
EPOCH 119 MEAN COMPONENTS | sdf_constraint_stage1 6.293 sdf_constraint_stage2 6.436 reconstructed_loss 0.549 inter 0.631 normal_constraint 6.656 grad_constraint 7.902 embeddings_constraint 1.749 template_reg 0.000 similarity_constraint 0.000
====================================================================================================
====================================================================================================
EPOCH 120 DONE | steps 1964 | mean total loss 30.094172 | sum total loss 59104.953 | epoch time 129.0s
EPOCH 120 MEAN COMPONENTS | sdf_constraint_stage1 6.250 sdf_constraint_stage2 6.403 reconstructed_loss 0.545 inter 0.630 normal_constraint 6.635 grad_constraint 7.877 embeddings_constraint 1.753 template_reg 0.000 similarity_constraint 0.000
====================================================================================================
====================================================================================================
EPOCH 121 DONE | steps 1964 | mean total loss 30.022087 | sum total loss 58963.378 | epoch time 128.8s
EPOCH 121 MEAN COMPONENTS | sdf_constraint_stage1 6.237 sdf_constraint_stage2 6.381 reconstructed_loss 0.537 inter 0.630 normal_constraint 6.630 grad_constraint 7.870 embeddings_constraint 1.738 template_reg 0.000 similarity_constraint 0.000
====================================================================================================
====================================================================================================
EPOCH 122 DONE | steps 1964 | mean total loss 29.925029 | sum total loss 58772.758 | epoch time 129.0s
EPOCH 122 MEAN COMPONENTS | sdf_constraint_stage1 6.197 sdf_constraint_stage2 6.344 reconstructed_loss 0.534 inter 0.628 normal_constraint 6.617 grad_constraint 7.859 embeddings_constraint 1.745 template_reg 0.000 similarity_constraint 0.000
====================================================================================================
====================================================================================================
EPOCH 123 DONE | steps 1964 | mean total loss 29.998907 | sum total loss 58917.854 | epoch time 128.9s
EPOCH 123 MEAN COMPONENTS | sdf_constraint_stage1 6.235 sdf_constraint_stage2 6.389 reconstructed_loss 0.544 inter 0.629 normal_constraint 6.610 grad_constraint 7.852 embeddings_constraint 1.739 template_reg 0.000 similarity_constraint 0.000
====================================================================================================
====================================================================================================
EPOCH 124 DONE | steps 1964 | mean total loss 29.818878 | sum total loss 58564.277 | epoch time 128.8s
EPOCH 124 MEAN COMPONENTS | sdf_constraint_stage1 6.171 sdf_constraint_stage2 6.334 reconstructed_loss 0.539 inter 0.630 normal_constraint 6.589 grad_constraint 7.827 embeddings_constraint 1.729 template_reg 0.000 similarity_constraint 0.000
====================================================================================================
====================================================================================================
EPOCH 125 DONE | steps 1964 | mean total loss 29.793969 | sum total loss 58515.355 | epoch time 129.2s
EPOCH 125 MEAN COMPONENTS | sdf_constraint_stage1 6.164 sdf_constraint_stage2 6.314 reconstructed_loss 0.530 inter 0.629 normal_constraint 6.590 grad_constraint 7.824 embeddings_constraint 1.743 template_reg 0.000 similarity_constraint 0.000
====================================================================================================
====================================================================================================
EPOCH 126 DONE | steps 1964 | mean total loss 29.838593 | sum total loss 58602.997 | epoch time 129.1s
EPOCH 126 MEAN COMPONENTS | sdf_constraint_stage1 6.194 sdf_constraint_stage2 6.342 reconstructed_loss 0.538 inter 0.628 normal_constraint 6.588 grad_constraint 7.822 embeddings_constraint 1.726 template_reg 0.000 similarity_constraint 0.000
====================================================================================================
====================================================================================================
EPOCH 127 DONE | steps 1964 | mean total loss 29.686193 | sum total loss 58303.682 | epoch time 128.9s
EPOCH 127 MEAN COMPONENTS | sdf_constraint_stage1 6.140 sdf_constraint_stage2 6.297 reconstructed_loss 0.531 inter 0.627 normal_constraint 6.564 grad_constraint 7.798 embeddings_constraint 1.730 template_reg 0.000 similarity_constraint 0.000
====================================================================================================
====================================================================================================
EPOCH 128 DONE | steps 1964 | mean total loss 29.696121 | sum total loss 58323.182 | epoch time 129.1s
EPOCH 128 MEAN COMPONENTS | sdf_constraint_stage1 6.152 sdf_constraint_stage2 6.313 reconstructed_loss 0.535 inter 0.627 normal_constraint 6.559 grad_constraint 7.791 embeddings_constraint 1.719 template_reg 0.000 similarity_constraint 0.000
====================================================================================================
====================================================================================================
EPOCH 129 DONE | steps 1964 | mean total loss 29.656077 | sum total loss 58244.535 | epoch time 128.9s
EPOCH 129 MEAN COMPONENTS | sdf_constraint_stage1 6.143 sdf_constraint_stage2 6.299 reconstructed_loss 0.531 inter 0.628 normal_constraint 6.552 grad_constraint 7.784 embeddings_constraint 1.720 template_reg 0.000 similarity_constraint 0.000
====================================================================================================
====================================================================================================
EPOCH 130 DONE | steps 1964 | mean total loss 29.574566 | sum total loss 58084.448 | epoch time 129.1s
EPOCH 130 MEAN COMPONENTS | sdf_constraint_stage1 6.109 sdf_constraint_stage2 6.268 reconstructed_loss 0.526 inter 0.627 normal_constraint 6.545 grad_constraint 7.776 embeddings_constraint 1.724 template_reg 0.000 similarity_constraint 0.000
====================================================================================================
====================================================================================================
EPOCH 131 DONE | steps 1964 | mean total loss 29.600199 | sum total loss 58134.791 | epoch time 129.1s
EPOCH 131 MEAN COMPONENTS | sdf_constraint_stage1 6.141 sdf_constraint_stage2 6.304 reconstructed_loss 0.535 inter 0.626 normal_constraint 6.530 grad_constraint 7.760 embeddings_constraint 1.704 template_reg 0.000 similarity_constraint 0.000
====================================================================================================
====================================================================================================
EPOCH 132 DONE | steps 1964 | mean total loss 29.549102 | sum total loss 58034.436 | epoch time 129.1s
EPOCH 132 MEAN COMPONENTS | sdf_constraint_stage1 6.121 sdf_constraint_stage2 6.274 reconstructed_loss 0.527 inter 0.626 normal_constraint 6.530 grad_constraint 7.758 embeddings_constraint 1.714 template_reg 0.000 similarity_constraint 0.000
====================================================================================================
====================================================================================================
EPOCH 133 DONE | steps 1964 | mean total loss 29.446568 | sum total loss 57833.059 | epoch time 128.8s
EPOCH 133 MEAN COMPONENTS | sdf_constraint_stage1 6.095 sdf_constraint_stage2 6.245 reconstructed_loss 0.525 inter 0.625 normal_constraint 6.514 grad_constraint 7.739 embeddings_constraint 1.704 template_reg 0.000 similarity_constraint 0.000
====================================================================================================
====================================================================================================
EPOCH 134 DONE | steps 1964 | mean total loss 29.521427 | sum total loss 57980.083 | epoch time 129.1s
EPOCH 134 MEAN COMPONENTS | sdf_constraint_stage1 6.112 sdf_constraint_stage2 6.275 reconstructed_loss 0.529 inter 0.626 normal_constraint 6.516 grad_constraint 7.740 embeddings_constraint 1.724 template_reg 0.000 similarity_constraint 0.000
====================================================================================================
====================================================================================================
EPOCH 135 DONE | steps 1964 | mean total loss 29.455159 | sum total loss 57849.932 | epoch time 128.9s
EPOCH 135 MEAN COMPONENTS | sdf_constraint_stage1 6.101 sdf_constraint_stage2 6.271 reconstructed_loss 0.530 inter 0.626 normal_constraint 6.502 grad_constraint 7.721 embeddings_constraint 1.703 template_reg 0.000 similarity_constraint 0.000
====================================================================================================
====================================================================================================
EPOCH 136 DONE | steps 1964 | mean total loss 29.323494 | sum total loss 57591.343 | epoch time 131.1s
EPOCH 136 MEAN COMPONENTS | sdf_constraint_stage1 6.061 sdf_constraint_stage2 6.223 reconstructed_loss 0.524 inter 0.625 normal_constraint 6.487 grad_constraint 7.708 embeddings_constraint 1.696 template_reg 0.000 similarity_constraint 0.000
====================================================================================================
====================================================================================================
EPOCH 137 DONE | steps 1964 | mean total loss 29.416801 | sum total loss 57774.597 | epoch time 131.0s
EPOCH 137 MEAN COMPONENTS | sdf_constraint_stage1 6.108 sdf_constraint_stage2 6.272 reconstructed_loss 0.529 inter 0.626 normal_constraint 6.482 grad_constraint 7.702 embeddings_constraint 1.697 template_reg 0.000 similarity_constraint 0.000
====================================================================================================
====================================================================================================
EPOCH 138 DONE | steps 1964 | mean total loss 29.289271 | sum total loss 57524.129 | epoch time 130.7s
EPOCH 138 MEAN COMPONENTS | sdf_constraint_stage1 6.062 sdf_constraint_stage2 6.219 reconstructed_loss 0.522 inter 0.626 normal_constraint 6.471 grad_constraint 7.689 embeddings_constraint 1.700 template_reg 0.000 similarity_constraint 0.000
====================================================================================================
====================================================================================================
EPOCH 139 DONE | steps 1964 | mean total loss 29.252915 | sum total loss 57452.725 | epoch time 130.2s
EPOCH 139 MEAN COMPONENTS | sdf_constraint_stage1 6.054 sdf_constraint_stage2 6.222 reconstructed_loss 0.524 inter 0.624 normal_constraint 6.466 grad_constraint 7.683 embeddings_constraint 1.680 template_reg 0.000 similarity_constraint 0.000
====================================================================================================
====================================================================================================
EPOCH 140 DONE | steps 1964 | mean total loss 29.093797 | sum total loss 57140.218 | epoch time 130.2s
EPOCH 140 MEAN COMPONENTS | sdf_constraint_stage1 5.989 sdf_constraint_stage2 6.183 reconstructed_loss 0.520 inter 0.624 normal_constraint 6.447 grad_constraint 7.663 embeddings_constraint 1.667 template_reg 0.000 similarity_constraint 0.000
====================================================================================================
====================================================================================================
EPOCH 141 DONE | steps 1964 | mean total loss 29.210120 | sum total loss 57368.675 | epoch time 130.0s
EPOCH 141 MEAN COMPONENTS | sdf_constraint_stage1 6.051 sdf_constraint_stage2 6.207 reconstructed_loss 0.518 inter 0.624 normal_constraint 6.452 grad_constraint 7.668 embeddings_constraint 1.690 template_reg 0.000 similarity_constraint 0.000
====================================================================================================
====================================================================================================
EPOCH 142 DONE | steps 1964 | mean total loss 29.101987 | sum total loss 57156.303 | epoch time 130.2s
EPOCH 142 MEAN COMPONENTS | sdf_constraint_stage1 6.005 sdf_constraint_stage2 6.182 reconstructed_loss 0.521 inter 0.624 normal_constraint 6.436 grad_constraint 7.649 embeddings_constraint 1.685 template_reg 0.000 similarity_constraint 0.000
====================================================================================================
====================================================================================================
EPOCH 143 DONE | steps 1964 | mean total loss 29.216641 | sum total loss 57381.484 | epoch time 130.5s
EPOCH 143 MEAN COMPONENTS | sdf_constraint_stage1 6.058 sdf_constraint_stage2 6.231 reconstructed_loss 0.525 inter 0.624 normal_constraint 6.442 grad_constraint 7.653 embeddings_constraint 1.683 template_reg 0.000 similarity_constraint 0.000
====================================================================================================
====================================================================================================
EPOCH 144 DONE | steps 1964 | mean total loss 28.945534 | sum total loss 56849.028 | epoch time 130.8s
EPOCH 144 MEAN COMPONENTS | sdf_constraint_stage1 5.944 sdf_constraint_stage2 6.128 reconstructed_loss 0.509 inter 0.623 normal_constraint 6.423 grad_constraint 7.633 embeddings_constraint 1.686 template_reg 0.000 similarity_constraint 0.000
====================================================================================================
====================================================================================================
EPOCH 145 DONE | steps 1964 | mean total loss 29.171626 | sum total loss 57293.074 | epoch time 130.3s
EPOCH 145 MEAN COMPONENTS | sdf_constraint_stage1 6.059 sdf_constraint_stage2 6.234 reconstructed_loss 0.527 inter 0.623 normal_constraint 6.424 grad_constraint 7.630 embeddings_constraint 1.675 template_reg 0.000 similarity_constraint 0.000
====================================================================================================
====================================================================================================
EPOCH 146 DONE | steps 1964 | mean total loss 28.919768 | sum total loss 56798.425 | epoch time 130.1s
EPOCH 146 MEAN COMPONENTS | sdf_constraint_stage1 5.966 sdf_constraint_stage2 6.133 reconstructed_loss 0.513 inter 0.623 normal_constraint 6.407 grad_constraint 7.612 embeddings_constraint 1.666 template_reg 0.000 similarity_constraint 0.000
====================================================================================================
====================================================================================================
EPOCH 147 DONE | steps 1964 | mean total loss 28.977267 | sum total loss 56911.352 | epoch time 130.1s
EPOCH 147 MEAN COMPONENTS | sdf_constraint_stage1 5.989 sdf_constraint_stage2 6.167 reconstructed_loss 0.516 inter 0.623 normal_constraint 6.404 grad_constraint 7.610 embeddings_constraint 1.668 template_reg 0.000 similarity_constraint 0.000
====================================================================================================
====================================================================================================
EPOCH 148 DONE | steps 1964 | mean total loss 28.956084 | sum total loss 56869.749 | epoch time 130.1s
EPOCH 148 MEAN COMPONENTS | sdf_constraint_stage1 5.986 sdf_constraint_stage2 6.162 reconstructed_loss 0.514 inter 0.624 normal_constraint 6.397 grad_constraint 7.601 embeddings_constraint 1.672 template_reg 0.000 similarity_constraint 0.000
====================================================================================================
====================================================================================================
EPOCH 149 DONE | steps 1964 | mean total loss 28.832402 | sum total loss 56626.837 | epoch time 130.1s
EPOCH 149 MEAN COMPONENTS | sdf_constraint_stage1 5.938 sdf_constraint_stage2 6.131 reconstructed_loss 0.516 inter 0.622 normal_constraint 6.379 grad_constraint 7.582 embeddings_constraint 1.664 template_reg 0.000 similarity_constraint 0.000
====================================================================================================
====================================================================================================
EPOCH 150 DONE | steps 1964 | mean total loss 28.976760 | sum total loss 56910.357 | epoch time 130.2s
EPOCH 150 MEAN COMPONENTS | sdf_constraint_stage1 5.995 sdf_constraint_stage2 6.175 reconstructed_loss 0.520 inter 0.623 normal_constraint 6.395 grad_constraint 7.596 embeddings_constraint 1.673 template_reg 0.000 similarity_constraint 0.000
====================================================================================================
====================================================================================================
EPOCH 151 DONE | steps 1964 | mean total loss 28.845223 | sum total loss 56652.018 | epoch time 130.1s
EPOCH 151 MEAN COMPONENTS | sdf_constraint_stage1 5.960 sdf_constraint_stage2 6.147 reconstructed_loss 0.516 inter 0.622 normal_constraint 6.373 grad_constraint 7.571 embeddings_constraint 1.656 template_reg 0.000 similarity_constraint 0.000
====================================================================================================
====================================================================================================
EPOCH 152 DONE | steps 1964 | mean total loss 28.630960 | sum total loss 56231.206 | epoch time 130.1s
EPOCH 152 MEAN COMPONENTS | sdf_constraint_stage1 5.888 sdf_constraint_stage2 6.074 reconstructed_loss 0.508 inter 0.622 normal_constraint 6.349 grad_constraint 7.549 embeddings_constraint 1.640 template_reg 0.000 similarity_constraint 0.000
====================================================================================================
====================================================================================================
EPOCH 153 DONE | steps 1964 | mean total loss 28.735804 | sum total loss 56437.119 | epoch time 130.1s
EPOCH 153 MEAN COMPONENTS | sdf_constraint_stage1 5.925 sdf_constraint_stage2 6.105 reconstructed_loss 0.507 inter 0.621 normal_constraint 6.360 grad_constraint 7.557 embeddings_constraint 1.660 template_reg 0.000 similarity_constraint 0.000
====================================================================================================
====================================================================================================
EPOCH 154 DONE | steps 1964 | mean total loss 28.773000 | sum total loss 56510.171 | epoch time 130.0s
EPOCH 154 MEAN COMPONENTS | sdf_constraint_stage1 5.948 sdf_constraint_stage2 6.118 reconstructed_loss 0.509 inter 0.624 normal_constraint 6.358 grad_constraint 7.552 embeddings_constraint 1.664 template_reg 0.000 similarity_constraint 0.000
====================================================================================================
====================================================================================================
EPOCH 155 DONE | steps 1964 | mean total loss 28.608789 | sum total loss 56187.661 | epoch time 130.2s
EPOCH 155 MEAN COMPONENTS | sdf_constraint_stage1 5.888 sdf_constraint_stage2 6.077 reconstructed_loss 0.507 inter 0.621 normal_constraint 6.337 grad_constraint 7.531 embeddings_constraint 1.647 template_reg 0.000 similarity_constraint 0.000
====================================================================================================
====================================================================================================
EPOCH 156 DONE | steps 1964 | mean total loss 28.642866 | sum total loss 56254.588 | epoch time 130.0s
EPOCH 156 MEAN COMPONENTS | sdf_constraint_stage1 5.917 sdf_constraint_stage2 6.094 reconstructed_loss 0.508 inter 0.622 normal_constraint 6.336 grad_constraint 7.528 embeddings_constraint 1.637 template_reg 0.000 similarity_constraint 0.000
====================================================================================================
====================================================================================================
EPOCH 157 DONE | steps 1964 | mean total loss 28.608942 | sum total loss 56187.961 | epoch time 130.0s
EPOCH 157 MEAN COMPONENTS | sdf_constraint_stage1 5.905 sdf_constraint_stage2 6.085 reconstructed_loss 0.506 inter 0.621 normal_constraint 6.328 grad_constraint 7.517 embeddings_constraint 1.646 template_reg 0.000 similarity_constraint 0.000
====================================================================================================
====================================================================================================
EPOCH 158 DONE | steps 1964 | mean total loss 28.516420 | sum total loss 56006.250 | epoch time 130.0s
EPOCH 158 MEAN COMPONENTS | sdf_constraint_stage1 5.864 sdf_constraint_stage2 6.057 reconstructed_loss 0.503 inter 0.619 normal_constraint 6.319 grad_constraint 7.509 embeddings_constraint 1.644 template_reg 0.000 similarity_constraint 0.000
====================================================================================================
====================================================================================================
EPOCH 159 DONE | steps 1964 | mean total loss 28.519675 | sum total loss 56012.642 | epoch time 130.1s
EPOCH 159 MEAN COMPONENTS | sdf_constraint_stage1 5.882 sdf_constraint_stage2 6.066 reconstructed_loss 0.503 inter 0.621 normal_constraint 6.314 grad_constraint 7.501 embeddings_constraint 1.633 template_reg 0.000 similarity_constraint 0.000
====================================================================================================
====================================================================================================
EPOCH 160 DONE | steps 1964 | mean total loss 28.598586 | sum total loss 56167.622 | epoch time 130.1s
EPOCH 160 MEAN COMPONENTS | sdf_constraint_stage1 5.903 sdf_constraint_stage2 6.100 reconstructed_loss 0.512 inter 0.621 normal_constraint 6.315 grad_constraint 7.499 embeddings_constraint 1.648 template_reg 0.000 similarity_constraint 0.000
====================================================================================================
====================================================================================================
EPOCH 161 DONE | steps 1964 | mean total loss 28.509516 | sum total loss 55992.690 | epoch time 130.1s
EPOCH 161 MEAN COMPONENTS | sdf_constraint_stage1 5.887 sdf_constraint_stage2 6.073 reconstructed_loss 0.506 inter 0.622 normal_constraint 6.303 grad_constraint 7.485 embeddings_constraint 1.634 template_reg 0.000 similarity_constraint 0.000
====================================================================================================
====================================================================================================
EPOCH 162 DONE | steps 1964 | mean total loss 28.430319 | sum total loss 55837.146 | epoch time 130.2s
EPOCH 162 MEAN COMPONENTS | sdf_constraint_stage1 5.860 sdf_constraint_stage2 6.057 reconstructed_loss 0.503 inter 0.622 normal_constraint 6.288 grad_constraint 7.474 embeddings_constraint 1.626 template_reg 0.000 similarity_constraint 0.000
====================================================================================================
====================================================================================================
EPOCH 163 DONE | steps 1964 | mean total loss 28.433084 | sum total loss 55842.577 | epoch time 130.0s
EPOCH 163 MEAN COMPONENTS | sdf_constraint_stage1 5.852 sdf_constraint_stage2 6.046 reconstructed_loss 0.503 inter 0.619 normal_constraint 6.292 grad_constraint 7.472 embeddings_constraint 1.648 template_reg 0.000 similarity_constraint 0.000
====================================================================================================
====================================================================================================
EPOCH 164 DONE | steps 1964 | mean total loss 28.457438 | sum total loss 55890.408 | epoch time 130.0s
EPOCH 164 MEAN COMPONENTS | sdf_constraint_stage1 5.867 sdf_constraint_stage2 6.054 reconstructed_loss 0.507 inter 0.623 normal_constraint 6.294 grad_constraint 7.472 embeddings_constraint 1.641 template_reg 0.000 similarity_constraint 0.000
====================================================================================================
====================================================================================================
EPOCH 165 DONE | steps 1964 | mean total loss 28.284752 | sum total loss 55551.253 | epoch time 130.1s
EPOCH 165 MEAN COMPONENTS | sdf_constraint_stage1 5.813 sdf_constraint_stage2 6.007 reconstructed_loss 0.497 inter 0.620 normal_constraint 6.270 grad_constraint 7.447 embeddings_constraint 1.629 template_reg 0.000 similarity_constraint 0.000
====================================================================================================
====================================================================================================
EPOCH 166 DONE | steps 1964 | mean total loss 28.420216 | sum total loss 55817.303 | epoch time 130.1s
EPOCH 166 MEAN COMPONENTS | sdf_constraint_stage1 5.866 sdf_constraint_stage2 6.061 reconstructed_loss 0.507 inter 0.621 normal_constraint 6.279 grad_constraint 7.452 embeddings_constraint 1.634 template_reg 0.000 similarity_constraint 0.000
====================================================================================================
====================================================================================================
EPOCH 167 DONE | steps 1964 | mean total loss 28.218753 | sum total loss 55421.632 | epoch time 130.0s
EPOCH 167 MEAN COMPONENTS | sdf_constraint_stage1 5.796 sdf_constraint_stage2 5.981 reconstructed_loss 0.492 inter 0.620 normal_constraint 6.262 grad_constraint 7.437 embeddings_constraint 1.630 template_reg 0.000 similarity_constraint 0.000
====================================================================================================
====================================================================================================
EPOCH 168 DONE | steps 1964 | mean total loss 28.278353 | sum total loss 55538.684 | epoch time 130.0s
EPOCH 168 MEAN COMPONENTS | sdf_constraint_stage1 5.812 sdf_constraint_stage2 6.018 reconstructed_loss 0.500 inter 0.619 normal_constraint 6.262 grad_constraint 7.434 embeddings_constraint 1.633 template_reg 0.000 similarity_constraint 0.000
====================================================================================================
====================================================================================================
EPOCH 169 DONE | steps 1964 | mean total loss 28.381625 | sum total loss 55741.512 | epoch time 134.0s
EPOCH 169 MEAN COMPONENTS | sdf_constraint_stage1 5.871 sdf_constraint_stage2 6.060 reconstructed_loss 0.506 inter 0.619 normal_constraint 6.262 grad_constraint 7.432 embeddings_constraint 1.631 template_reg 0.000 similarity_constraint 0.000
====================================================================================================
====================================================================================================
EPOCH 170 DONE | steps 1964 | mean total loss 28.138141 | sum total loss 55263.309 | epoch time 131.4s
EPOCH 170 MEAN COMPONENTS | sdf_constraint_stage1 5.789 sdf_constraint_stage2 5.978 reconstructed_loss 0.493 inter 0.618 normal_constraint 6.240 grad_constraint 7.409 embeddings_constraint 1.610 template_reg 0.000 similarity_constraint 0.000
====================================================================================================
====================================================================================================
EPOCH 171 DONE | steps 1964 | mean total loss 28.188065 | sum total loss 55361.360 | epoch time 130.3s
EPOCH 171 MEAN COMPONENTS | sdf_constraint_stage1 5.791 sdf_constraint_stage2 6.000 reconstructed_loss 0.496 inter 0.618 normal_constraint 6.241 grad_constraint 7.409 embeddings_constraint 1.634 template_reg 0.000 similarity_constraint 0.000
====================================================================================================
====================================================================================================
EPOCH 172 DONE | steps 1964 | mean total loss 28.221337 | sum total loss 55426.706 | epoch time 130.3s
EPOCH 172 MEAN COMPONENTS | sdf_constraint_stage1 5.830 sdf_constraint_stage2 6.018 reconstructed_loss 0.502 inter 0.619 normal_constraint 6.237 grad_constraint 7.405 embeddings_constraint 1.609 template_reg 0.000 similarity_constraint 0.000
====================================================================================================
====================================================================================================
EPOCH 173 DONE | steps 1964 | mean total loss 28.114390 | sum total loss 55216.661 | epoch time 130.9s
EPOCH 173 MEAN COMPONENTS | sdf_constraint_stage1 5.779 sdf_constraint_stage2 5.975 reconstructed_loss 0.494 inter 0.620 normal_constraint 6.230 grad_constraint 7.394 embeddings_constraint 1.622 template_reg 0.000 similarity_constraint 0.000
====================================================================================================
====================================================================================================
EPOCH 174 DONE | steps 1964 | mean total loss 28.019008 | sum total loss 55029.333 | epoch time 130.2s
EPOCH 174 MEAN COMPONENTS | sdf_constraint_stage1 5.757 sdf_constraint_stage2 5.958 reconstructed_loss 0.492 inter 0.618 normal_constraint 6.214 grad_constraint 7.379 embeddings_constraint 1.600 template_reg 0.000 similarity_constraint 0.000
====================================================================================================
====================================================================================================
EPOCH 175 DONE | steps 1964 | mean total loss 28.056636 | sum total loss 55103.232 | epoch time 130.4s
EPOCH 175 MEAN COMPONENTS | sdf_constraint_stage1 5.756 sdf_constraint_stage2 5.966 reconstructed_loss 0.494 inter 0.618 normal_constraint 6.220 grad_constraint 7.380 embeddings_constraint 1.623 template_reg 0.000 similarity_constraint 0.000
====================================================================================================
====================================================================================================
EPOCH 176 DONE | steps 1964 | mean total loss 27.967700 | sum total loss 54928.563 | epoch time 130.2s
EPOCH 176 MEAN COMPONENTS | sdf_constraint_stage1 5.750 sdf_constraint_stage2 5.952 reconstructed_loss 0.491 inter 0.618 normal_constraint 6.201 grad_constraint 7.364 embeddings_constraint 1.593 template_reg 0.000 similarity_constraint 0.000
====================================================================================================
====================================================================================================
EPOCH 177 DONE | steps 1964 | mean total loss 28.079395 | sum total loss 55147.931 | epoch time 130.2s
EPOCH 177 MEAN COMPONENTS | sdf_constraint_stage1 5.783 sdf_constraint_stage2 5.986 reconstructed_loss 0.499 inter 0.619 normal_constraint 6.210 grad_constraint 7.369 embeddings_constraint 1.614 template_reg 0.000 similarity_constraint 0.000
====================================================================================================
====================================================================================================
EPOCH 178 DONE | steps 1964 | mean total loss 27.939823 | sum total loss 54873.812 | epoch time 130.2s
EPOCH 178 MEAN COMPONENTS | sdf_constraint_stage1 5.731 sdf_constraint_stage2 5.938 reconstructed_loss 0.489 inter 0.618 normal_constraint 6.199 grad_constraint 7.359 embeddings_constraint 1.605 template_reg 0.000 similarity_constraint 0.000
====================================================================================================
====================================================================================================
EPOCH 179 DONE | steps 1964 | mean total loss 27.928485 | sum total loss 54851.544 | epoch time 130.1s
EPOCH 179 MEAN COMPONENTS | sdf_constraint_stage1 5.739 sdf_constraint_stage2 5.943 reconstructed_loss 0.490 inter 0.618 normal_constraint 6.190 grad_constraint 7.344 embeddings_constraint 1.603 template_reg 0.000 similarity_constraint 0.000
====================================================================================================
====================================================================================================
EPOCH 180 DONE | steps 1964 | mean total loss 28.005129 | sum total loss 55002.073 | epoch time 130.2s
EPOCH 180 MEAN COMPONENTS | sdf_constraint_stage1 5.770 sdf_constraint_stage2 5.976 reconstructed_loss 0.496 inter 0.619 normal_constraint 6.191 grad_constraint 7.342 embeddings_constraint 1.612 template_reg 0.000 similarity_constraint 0.000
====================================================================================================
====================================================================================================
EPOCH 181 DONE | steps 1964 | mean total loss 27.828648 | sum total loss 54655.465 | epoch time 130.2s
EPOCH 181 MEAN COMPONENTS | sdf_constraint_stage1 5.699 sdf_constraint_stage2 5.921 reconstructed_loss 0.488 inter 0.618 normal_constraint 6.175 grad_constraint 7.330 embeddings_constraint 1.597 template_reg 0.000 similarity_constraint 0.000
====================================================================================================
====================================================================================================
EPOCH 182 DONE | steps 1964 | mean total loss 27.947674 | sum total loss 54889.232 | epoch time 130.3s
EPOCH 182 MEAN COMPONENTS | sdf_constraint_stage1 5.752 sdf_constraint_stage2 5.955 reconstructed_loss 0.493 inter 0.618 normal_constraint 6.183 grad_constraint 7.332 embeddings_constraint 1.615 template_reg 0.000 similarity_constraint 0.000
====================================================================================================
====================================================================================================
EPOCH 183 DONE | steps 1964 | mean total loss 27.815493 | sum total loss 54629.629 | epoch time 130.2s
EPOCH 183 MEAN COMPONENTS | sdf_constraint_stage1 5.694 sdf_constraint_stage2 5.919 reconstructed_loss 0.489 inter 0.618 normal_constraint 6.170 grad_constraint 7.320 embeddings_constraint 1.604 template_reg 0.000 similarity_constraint 0.000
====================================================================================================
====================================================================================================
EPOCH 184 DONE | steps 1964 | mean total loss 27.857974 | sum total loss 54713.061 | epoch time 130.2s
EPOCH 184 MEAN COMPONENTS | sdf_constraint_stage1 5.732 sdf_constraint_stage2 5.933 reconstructed_loss 0.491 inter 0.619 normal_constraint 6.171 grad_constraint 7.319 embeddings_constraint 1.594 template_reg 0.000 similarity_constraint 0.000
====================================================================================================
====================================================================================================
EPOCH 185 DONE | steps 1964 | mean total loss 27.808023 | sum total loss 54614.957 | epoch time 130.1s
EPOCH 185 MEAN COMPONENTS | sdf_constraint_stage1 5.725 sdf_constraint_stage2 5.928 reconstructed_loss 0.488 inter 0.617 normal_constraint 6.158 grad_constraint 7.304 embeddings_constraint 1.588 template_reg 0.000 similarity_constraint 0.000
====================================================================================================
====================================================================================================
EPOCH 186 DONE | steps 1964 | mean total loss 27.700984 | sum total loss 54404.733 | epoch time 130.2s
EPOCH 186 MEAN COMPONENTS | sdf_constraint_stage1 5.670 sdf_constraint_stage2 5.892 reconstructed_loss 0.487 inter 0.617 normal_constraint 6.151 grad_constraint 7.296 embeddings_constraint 1.588 template_reg 0.000 similarity_constraint 0.000
====================================================================================================
====================================================================================================
EPOCH 187 DONE | steps 1964 | mean total loss 27.709730 | sum total loss 54421.910 | epoch time 130.2s
EPOCH 187 MEAN COMPONENTS | sdf_constraint_stage1 5.685 sdf_constraint_stage2 5.895 reconstructed_loss 0.486 inter 0.617 normal_constraint 6.148 grad_constraint 7.293 embeddings_constraint 1.586 template_reg 0.000 similarity_constraint 0.000
====================================================================================================
====================================================================================================
EPOCH 188 DONE | steps 1964 | mean total loss 27.801740 | sum total loss 54602.618 | epoch time 130.2s
EPOCH 188 MEAN COMPONENTS | sdf_constraint_stage1 5.730 sdf_constraint_stage2 5.937 reconstructed_loss 0.488 inter 0.618 normal_constraint 6.150 grad_constraint 7.293 embeddings_constraint 1.585 template_reg 0.000 similarity_constraint 0.000
====================================================================================================
====================================================================================================
EPOCH 189 DONE | steps 1964 | mean total loss 27.642745 | sum total loss 54290.351 | epoch time 130.3s
EPOCH 189 MEAN COMPONENTS | sdf_constraint_stage1 5.658 sdf_constraint_stage2 5.872 reconstructed_loss 0.483 inter 0.617 normal_constraint 6.138 grad_constraint 7.276 embeddings_constraint 1.598 template_reg 0.000 similarity_constraint 0.000
====================================================================================================
====================================================================================================
EPOCH 190 DONE | steps 1964 | mean total loss 27.639925 | sum total loss 54284.813 | epoch time 131.2s
EPOCH 190 MEAN COMPONENTS | sdf_constraint_stage1 5.666 sdf_constraint_stage2 5.880 reconstructed_loss 0.480 inter 0.616 normal_constraint 6.136 grad_constraint 7.273 embeddings_constraint 1.589 template_reg 0.000 similarity_constraint 0.000
====================================================================================================
====================================================================================================
EPOCH 191 DONE | steps 1964 | mean total loss 27.611364 | sum total loss 54228.720 | epoch time 130.4s
EPOCH 191 MEAN COMPONENTS | sdf_constraint_stage1 5.656 sdf_constraint_stage2 5.873 reconstructed_loss 0.486 inter 0.617 normal_constraint 6.127 grad_constraint 7.266 embeddings_constraint 1.586 template_reg 0.000 similarity_constraint 0.000
====================================================================================================
====================================================================================================
EPOCH 192 DONE | steps 1964 | mean total loss 27.626062 | sum total loss 54257.585 | epoch time 130.1s
EPOCH 192 MEAN COMPONENTS | sdf_constraint_stage1 5.663 sdf_constraint_stage2 5.878 reconstructed_loss 0.484 inter 0.617 normal_constraint 6.127 grad_constraint 7.261 embeddings_constraint 1.595 template_reg 0.000 similarity_constraint 0.000
====================================================================================================
====================================================================================================
EPOCH 193 DONE | steps 1964 | mean total loss 27.559080 | sum total loss 54126.033 | epoch time 132.9s
EPOCH 193 MEAN COMPONENTS | sdf_constraint_stage1 5.647 sdf_constraint_stage2 5.864 reconstructed_loss 0.481 inter 0.617 normal_constraint 6.118 grad_constraint 7.253 embeddings_constraint 1.580 template_reg 0.000 similarity_constraint 0.000
====================================================================================================
====================================================================================================
EPOCH 194 DONE | steps 1964 | mean total loss 27.554753 | sum total loss 54117.534 | epoch time 130.1s
EPOCH 194 MEAN COMPONENTS | sdf_constraint_stage1 5.634 sdf_constraint_stage2 5.862 reconstructed_loss 0.483 inter 0.617 normal_constraint 6.115 grad_constraint 7.249 embeddings_constraint 1.595 template_reg 0.000 similarity_constraint 0.000
====================================================================================================
====================================================================================================
EPOCH 195 DONE | steps 1964 | mean total loss 27.531837 | sum total loss 54072.528 | epoch time 130.1s
EPOCH 195 MEAN COMPONENTS | sdf_constraint_stage1 5.648 sdf_constraint_stage2 5.870 reconstructed_loss 0.486 inter 0.615 normal_constraint 6.106 grad_constraint 7.235 embeddings_constraint 1.571 template_reg 0.000 similarity_constraint 0.000
====================================================================================================
====================================================================================================
EPOCH 196 DONE | steps 1964 | mean total loss 27.545130 | sum total loss 54098.636 | epoch time 130.1s
EPOCH 196 MEAN COMPONENTS | sdf_constraint_stage1 5.659 sdf_constraint_stage2 5.864 reconstructed_loss 0.481 inter 0.616 normal_constraint 6.109 grad_constraint 7.243 embeddings_constraint 1.573 template_reg 0.000 similarity_constraint 0.000
====================================================================================================
====================================================================================================
EPOCH 197 DONE | steps 1964 | mean total loss 27.496265 | sum total loss 54002.665 | epoch time 130.2s
EPOCH 197 MEAN COMPONENTS | sdf_constraint_stage1 5.627 sdf_constraint_stage2 5.856 reconstructed_loss 0.480 inter 0.617 normal_constraint 6.099 grad_constraint 7.227 embeddings_constraint 1.590 template_reg 0.000 similarity_constraint 0.000
====================================================================================================
====================================================================================================
EPOCH 198 DONE | steps 1964 | mean total loss 27.365416 | sum total loss 53745.676 | epoch time 130.2s
EPOCH 198 MEAN COMPONENTS | sdf_constraint_stage1 5.597 sdf_constraint_stage2 5.809 reconstructed_loss 0.473 inter 0.615 normal_constraint 6.084 grad_constraint 7.212 embeddings_constraint 1.575 template_reg 0.000 similarity_constraint 0.000
====================================================================================================
====================================================================================================
EPOCH 199 DONE | steps 1964 | mean total loss 27.466546 | sum total loss 53944.297 | epoch time 130.2s
EPOCH 199 MEAN COMPONENTS | sdf_constraint_stage1 5.637 sdf_constraint_stage2 5.857 reconstructed_loss 0.485 inter 0.616 normal_constraint 6.088 grad_constraint 7.215 embeddings_constraint 1.568 template_reg 0.000 similarity_constraint 0.000
====================================================================================================
====================================================================================================
EPOCH 200 DONE | steps 1964 | mean total loss 27.455433 | sum total loss 53922.469 | epoch time 132.2s
EPOCH 200 MEAN COMPONENTS | sdf_constraint_stage1 5.637 sdf_constraint_stage2 5.855 reconstructed_loss 0.480 inter 0.615 normal_constraint 6.088 grad_constraint 7.210 embeddings_constraint 1.571 template_reg 0.000 similarity_constraint 0.000
====================================================================================================
====================================================================================================
EPOCH 201 DONE | steps 1964 | mean total loss 27.318749 | sum total loss 53654.023 | epoch time 130.4s
EPOCH 201 MEAN COMPONENTS | sdf_constraint_stage1 5.583 sdf_constraint_stage2 5.805 reconstructed_loss 0.475 inter 0.615 normal_constraint 6.072 grad_constraint 7.198 embeddings_constraint 1.570 template_reg 0.000 similarity_constraint 0.000
====================================================================================================
====================================================================================================
EPOCH 202 DONE | steps 1964 | mean total loss 27.301110 | sum total loss 53619.379 | epoch time 130.0s
EPOCH 202 MEAN COMPONENTS | sdf_constraint_stage1 5.576 sdf_constraint_stage2 5.807 reconstructed_loss 0.475 inter 0.616 normal_constraint 6.072 grad_constraint 7.194 embeddings_constraint 1.561 template_reg 0.000 similarity_constraint 0.000
====================================================================================================
====================================================================================================
EPOCH 203 DONE | steps 1964 | mean total loss 27.563934 | sum total loss 54135.566 | epoch time 130.2s
EPOCH 203 MEAN COMPONENTS | sdf_constraint_stage1 5.675 sdf_constraint_stage2 5.899 reconstructed_loss 0.492 inter 0.616 normal_constraint 6.084 grad_constraint 7.202 embeddings_constraint 1.595 template_reg 0.000 similarity_constraint 0.000
====================================================================================================
====================================================================================================
EPOCH 204 DONE | steps 1964 | mean total loss 27.333583 | sum total loss 53683.156 | epoch time 130.0s
EPOCH 204 MEAN COMPONENTS | sdf_constraint_stage1 5.596 sdf_constraint_stage2 5.824 reconstructed_loss 0.479 inter 0.615 normal_constraint 6.062 grad_constraint 7.180 embeddings_constraint 1.577 template_reg 0.000 similarity_constraint 0.000
====================================================================================================
====================================================================================================
EPOCH 205 DONE | steps 1964 | mean total loss 27.256686 | sum total loss 53532.131 | epoch time 130.2s
EPOCH 205 MEAN COMPONENTS | sdf_constraint_stage1 5.571 sdf_constraint_stage2 5.811 reconstructed_loss 0.480 inter 0.614 normal_constraint 6.052 grad_constraint 7.169 embeddings_constraint 1.558 template_reg 0.000 similarity_constraint 0.000
====================================================================================================
====================================================================================================
EPOCH 206 DONE | steps 1964 | mean total loss 27.232404 | sum total loss 53484.441 | epoch time 130.4s
EPOCH 206 MEAN COMPONENTS | sdf_constraint_stage1 5.556 sdf_constraint_stage2 5.802 reconstructed_loss 0.476 inter 0.615 normal_constraint 6.052 grad_constraint 7.167 embeddings_constraint 1.565 template_reg 0.000 similarity_constraint 0.000
====================================================================================================
====================================================================================================
EPOCH 207 DONE | steps 1964 | mean total loss 27.237937 | sum total loss 53495.309 | epoch time 131.1s
EPOCH 207 MEAN COMPONENTS | sdf_constraint_stage1 5.574 sdf_constraint_stage2 5.800 reconstructed_loss 0.475 inter 0.614 normal_constraint 6.050 grad_constraint 7.167 embeddings_constraint 1.557 template_reg 0.000 similarity_constraint 0.000
====================================================================================================
====================================================================================================
EPOCH 208 DONE | steps 1964 | mean total loss 27.258137 | sum total loss 53534.980 | epoch time 133.5s
EPOCH 208 MEAN COMPONENTS | sdf_constraint_stage1 5.584 sdf_constraint_stage2 5.811 reconstructed_loss 0.479 inter 0.614 normal_constraint 6.049 grad_constraint 7.159 embeddings_constraint 1.561 template_reg 0.000 similarity_constraint 0.000
====================================================================================================
====================================================================================================
EPOCH 209 DONE | steps 1964 | mean total loss 27.221948 | sum total loss 53463.905 | epoch time 131.3s
EPOCH 209 MEAN COMPONENTS | sdf_constraint_stage1 5.578 sdf_constraint_stage2 5.802 reconstructed_loss 0.476 inter 0.615 normal_constraint 6.043 grad_constraint 7.153 embeddings_constraint 1.556 template_reg 0.000 similarity_constraint 0.000
====================================================================================================
====================================================================================================
EPOCH 210 DONE | steps 1964 | mean total loss 27.360232 | sum total loss 53735.496 | epoch time 130.5s
EPOCH 210 MEAN COMPONENTS | sdf_constraint_stage1 5.622 sdf_constraint_stage2 5.850 reconstructed_loss 0.486 inter 0.615 normal_constraint 6.052 grad_constraint 7.162 embeddings_constraint 1.573 template_reg 0.000 similarity_constraint 0.000
====================================================================================================
====================================================================================================
EPOCH 211 DONE | steps 1964 | mean total loss 27.105386 | sum total loss 53234.978 | epoch time 130.4s
EPOCH 211 MEAN COMPONENTS | sdf_constraint_stage1 5.543 sdf_constraint_stage2 5.773 reconstructed_loss 0.473 inter 0.614 normal_constraint 6.023 grad_constraint 7.132 embeddings_constraint 1.547 template_reg 0.000 similarity_constraint 0.000
====================================================================================================
====================================================================================================
EPOCH 212 DONE | steps 1964 | mean total loss 27.189882 | sum total loss 53400.928 | epoch time 130.4s
EPOCH 212 MEAN COMPONENTS | sdf_constraint_stage1 5.560 sdf_constraint_stage2 5.793 reconstructed_loss 0.476 inter 0.616 normal_constraint 6.035 grad_constraint 7.141 embeddings_constraint 1.570 template_reg 0.000 similarity_constraint 0.000
====================================================================================================
====================================================================================================
EPOCH 213 DONE | steps 1964 | mean total loss 27.008094 | sum total loss 53043.896 | epoch time 130.3s
EPOCH 213 MEAN COMPONENTS | sdf_constraint_stage1 5.510 sdf_constraint_stage2 5.741 reconstructed_loss 0.468 inter 0.614 normal_constraint 6.016 grad_constraint 7.125 embeddings_constraint 1.534 template_reg 0.000 similarity_constraint 0.000
====================================================================================================
====================================================================================================
EPOCH 214 DONE | steps 1964 | mean total loss 27.082768 | sum total loss 53190.556 | epoch time 130.9s
EPOCH 214 MEAN COMPONENTS | sdf_constraint_stage1 5.523 sdf_constraint_stage2 5.756 reconstructed_loss 0.471 inter 0.613 normal_constraint 6.026 grad_constraint 7.128 embeddings_constraint 1.566 template_reg 0.000 similarity_constraint 0.000
====================================================================================================
====================================================================================================
EPOCH 215 DONE | steps 1964 | mean total loss 27.091133 | sum total loss 53206.984 | epoch time 131.1s
EPOCH 215 MEAN COMPONENTS | sdf_constraint_stage1 5.546 sdf_constraint_stage2 5.773 reconstructed_loss 0.473 inter 0.614 normal_constraint 6.014 grad_constraint 7.119 embeddings_constraint 1.552 template_reg 0.000 similarity_constraint 0.000
====================================================================================================
====================================================================================================
EPOCH 216 DONE | steps 1964 | mean total loss 27.060027 | sum total loss 53145.893 | epoch time 130.6s
EPOCH 216 MEAN COMPONENTS | sdf_constraint_stage1 5.526 sdf_constraint_stage2 5.772 reconstructed_loss 0.474 inter 0.614 normal_constraint 6.011 grad_constraint 7.111 embeddings_constraint 1.552 template_reg 0.000 similarity_constraint 0.000
====================================================================================================
====================================================================================================
EPOCH 217 DONE | steps 1964 | mean total loss 27.040883 | sum total loss 53108.294 | epoch time 130.5s
EPOCH 217 MEAN COMPONENTS | sdf_constraint_stage1 5.518 sdf_constraint_stage2 5.760 reconstructed_loss 0.472 inter 0.614 normal_constraint 6.010 grad_constraint 7.109 embeddings_constraint 1.557 template_reg 0.000 similarity_constraint 0.000
====================================================================================================
====================================================================================================
EPOCH 218 DONE | steps 1964 | mean total loss 27.056070 | sum total loss 53138.122 | epoch time 130.5s
EPOCH 218 MEAN COMPONENTS | sdf_constraint_stage1 5.544 sdf_constraint_stage2 5.767 reconstructed_loss 0.470 inter 0.615 normal_constraint 6.010 grad_constraint 7.108 embeddings_constraint 1.542 template_reg 0.000 similarity_constraint 0.000
====================================================================================================
====================================================================================================
EPOCH 219 DONE | steps 1964 | mean total loss 26.976672 | sum total loss 52982.184 | epoch time 131.2s
EPOCH 219 MEAN COMPONENTS | sdf_constraint_stage1 5.505 sdf_constraint_stage2 5.746 reconstructed_loss 0.469 inter 0.613 normal_constraint 5.994 grad_constraint 7.092 embeddings_constraint 1.558 template_reg 0.000 similarity_constraint 0.000
====================================================================================================
====================================================================================================
EPOCH 220 DONE | steps 1964 | mean total loss 26.811368 | sum total loss 52657.526 | epoch time 130.6s
EPOCH 220 MEAN COMPONENTS | sdf_constraint_stage1 5.450 sdf_constraint_stage2 5.691 reconstructed_loss 0.466 inter 0.613 normal_constraint 5.984 grad_constraint 7.080 embeddings_constraint 1.525 template_reg 0.000 similarity_constraint 0.000
====================================================================================================
====================================================================================================
EPOCH 221 DONE | steps 1964 | mean total loss 27.072332 | sum total loss 53170.060 | epoch time 130.4s
EPOCH 221 MEAN COMPONENTS | sdf_constraint_stage1 5.551 sdf_constraint_stage2 5.788 reconstructed_loss 0.476 inter 0.613 normal_constraint 5.996 grad_constraint 7.091 embeddings_constraint 1.558 template_reg 0.000 similarity_constraint 0.000
====================================================================================================
====================================================================================================
EPOCH 222 DONE | steps 1964 | mean total loss 26.826322 | sum total loss 52686.896 | epoch time 130.4s
EPOCH 222 MEAN COMPONENTS | sdf_constraint_stage1 5.446 sdf_constraint_stage2 5.702 reconstructed_loss 0.465 inter 0.613 normal_constraint 5.982 grad_constraint 7.075 embeddings_constraint 1.543 template_reg 0.000 similarity_constraint 0.000
====================================================================================================
====================================================================================================
EPOCH 223 DONE | steps 1964 | mean total loss 26.971151 | sum total loss 52971.340 | epoch time 130.4s
EPOCH 223 MEAN COMPONENTS | sdf_constraint_stage1 5.518 sdf_constraint_stage2 5.761 reconstructed_loss 0.471 inter 0.614 normal_constraint 5.985 grad_constraint 7.077 embeddings_constraint 1.543 template_reg 0.000 similarity_constraint 0.000
====================================================================================================
====================================================================================================
EPOCH 224 DONE | steps 1964 | mean total loss 26.981369 | sum total loss 52991.408 | epoch time 130.4s
EPOCH 224 MEAN COMPONENTS | sdf_constraint_stage1 5.522 sdf_constraint_stage2 5.767 reconstructed_loss 0.476 inter 0.613 normal_constraint 5.981 grad_constraint 7.072 embeddings_constraint 1.549 template_reg 0.000 similarity_constraint 0.000
====================================================================================================
====================================================================================================
EPOCH 225 DONE | steps 1964 | mean total loss 26.939078 | sum total loss 52908.350 | epoch time 130.3s
EPOCH 225 MEAN COMPONENTS | sdf_constraint_stage1 5.507 sdf_constraint_stage2 5.757 reconstructed_loss 0.474 inter 0.613 normal_constraint 5.981 grad_constraint 7.069 embeddings_constraint 1.537 template_reg 0.000 similarity_constraint 0.000
====================================================================================================
====================================================================================================
EPOCH 226 DONE | steps 1964 | mean total loss 26.918047 | sum total loss 52867.044 | epoch time 130.4s
EPOCH 226 MEAN COMPONENTS | sdf_constraint_stage1 5.501 sdf_constraint_stage2 5.741 reconstructed_loss 0.471 inter 0.613 normal_constraint 5.973 grad_constraint 7.061 embeddings_constraint 1.558 template_reg 0.000 similarity_constraint 0.000
====================================================================================================
====================================================================================================
EPOCH 227 DONE | steps 1964 | mean total loss 26.835557 | sum total loss 52705.034 | epoch time 130.4s
EPOCH 227 MEAN COMPONENTS | sdf_constraint_stage1 5.476 sdf_constraint_stage2 5.712 reconstructed_loss 0.468 inter 0.612 normal_constraint 5.968 grad_constraint 7.052 embeddings_constraint 1.547 template_reg 0.000 similarity_constraint 0.000
====================================================================================================
====================================================================================================
EPOCH 228 DONE | steps 1964 | mean total loss 26.784634 | sum total loss 52605.021 | epoch time 130.4s
EPOCH 228 MEAN COMPONENTS | sdf_constraint_stage1 5.450 sdf_constraint_stage2 5.707 reconstructed_loss 0.468 inter 0.612 normal_constraint 5.962 grad_constraint 7.044 embeddings_constraint 1.541 template_reg 0.000 similarity_constraint 0.000
====================================================================================================
====================================================================================================
EPOCH 229 DONE | steps 1964 | mean total loss 26.757631 | sum total loss 52551.988 | epoch time 130.3s
EPOCH 229 MEAN COMPONENTS | sdf_constraint_stage1 5.456 sdf_constraint_stage2 5.692 reconstructed_loss 0.463 inter 0.612 normal_constraint 5.959 grad_constraint 7.042 embeddings_constraint 1.534 template_reg 0.000 similarity_constraint 0.000
====================================================================================================
====================================================================================================
EPOCH 230 DONE | steps 1964 | mean total loss 26.836618 | sum total loss 52707.117 | epoch time 130.3s
EPOCH 230 MEAN COMPONENTS | sdf_constraint_stage1 5.497 sdf_constraint_stage2 5.739 reconstructed_loss 0.472 inter 0.613 normal_constraint 5.954 grad_constraint 7.036 embeddings_constraint 1.525 template_reg 0.000 similarity_constraint 0.000
====================================================================================================
====================================================================================================
EPOCH 231 DONE | steps 1964 | mean total loss 26.628368 | sum total loss 52298.114 | epoch time 130.4s
EPOCH 231 MEAN COMPONENTS | sdf_constraint_stage1 5.404 sdf_constraint_stage2 5.654 reconstructed_loss 0.457 inter 0.612 normal_constraint 5.945 grad_constraint 7.024 embeddings_constraint 1.531 template_reg 0.000 similarity_constraint 0.000
====================================================================================================
====================================================================================================
EPOCH 232 DONE | steps 1964 | mean total loss 26.860089 | sum total loss 52753.214 | epoch time 130.4s
EPOCH 232 MEAN COMPONENTS | sdf_constraint_stage1 5.499 sdf_constraint_stage2 5.748 reconstructed_loss 0.475 inter 0.613 normal_constraint 5.951 grad_constraint 7.030 embeddings_constraint 1.544 template_reg 0.000 similarity_constraint 0.000
====================================================================================================
====================================================================================================
EPOCH 233 DONE | steps 1964 | mean total loss 26.755549 | sum total loss 52547.899 | epoch time 130.4s
EPOCH 233 MEAN COMPONENTS | sdf_constraint_stage1 5.458 sdf_constraint_stage2 5.713 reconstructed_loss 0.470 inter 0.612 normal_constraint 5.944 grad_constraint 7.023 embeddings_constraint 1.536 template_reg 0.000 similarity_constraint 0.000
====================================================================================================
====================================================================================================
EPOCH 234 DONE | steps 1964 | mean total loss 26.614182 | sum total loss 52270.253 | epoch time 130.4s
EPOCH 234 MEAN COMPONENTS | sdf_constraint_stage1 5.409 sdf_constraint_stage2 5.663 reconstructed_loss 0.463 inter 0.612 normal_constraint 5.932 grad_constraint 7.010 embeddings_constraint 1.525 template_reg 0.000 similarity_constraint 0.000
====================================================================================================
====================================================================================================
EPOCH 235 DONE | steps 1964 | mean total loss 26.664381 | sum total loss 52368.844 | epoch time 130.3s
EPOCH 235 MEAN COMPONENTS | sdf_constraint_stage1 5.437 sdf_constraint_stage2 5.681 reconstructed_loss 0.464 inter 0.611 normal_constraint 5.936 grad_constraint 7.013 embeddings_constraint 1.524 template_reg 0.000 similarity_constraint 0.000
====================================================================================================
====================================================================================================
EPOCH 236 DONE | steps 1964 | mean total loss 26.637291 | sum total loss 52315.639 | epoch time 130.3s
EPOCH 236 MEAN COMPONENTS | sdf_constraint_stage1 5.424 sdf_constraint_stage2 5.670 reconstructed_loss 0.461 inter 0.613 normal_constraint 5.933 grad_constraint 7.007 embeddings_constraint 1.529 template_reg 0.000 similarity_constraint 0.000
====================================================================================================
====================================================================================================
EPOCH 237 DONE | steps 1964 | mean total loss 26.680472 | sum total loss 52400.448 | epoch time 130.3s
EPOCH 237 MEAN COMPONENTS | sdf_constraint_stage1 5.445 sdf_constraint_stage2 5.708 reconstructed_loss 0.471 inter 0.611 normal_constraint 5.923 grad_constraint 6.993 embeddings_constraint 1.529 template_reg 0.000 similarity_constraint 0.000
====================================================================================================
====================================================================================================
EPOCH 238 DONE | steps 1964 | mean total loss 26.569529 | sum total loss 52182.555 | epoch time 130.3s
EPOCH 238 MEAN COMPONENTS | sdf_constraint_stage1 5.404 sdf_constraint_stage2 5.656 reconstructed_loss 0.462 inter 0.611 normal_constraint 5.921 grad_constraint 6.991 embeddings_constraint 1.523 template_reg 0.000 similarity_constraint 0.000
====================================================================================================
====================================================================================================
EPOCH 239 DONE | steps 1964 | mean total loss 26.603177 | sum total loss 52248.640 | epoch time 130.4s
EPOCH 239 MEAN COMPONENTS | sdf_constraint_stage1 5.412 sdf_constraint_stage2 5.671 reconstructed_loss 0.462 inter 0.610 normal_constraint 5.921 grad_constraint 6.991 embeddings_constraint 1.537 template_reg 0.000 similarity_constraint 0.000
====================================================================================================
====================================================================================================
EPOCH 240 DONE | steps 1964 | mean total loss 26.651573 | sum total loss 52343.689 | epoch time 130.3s
EPOCH 240 MEAN COMPONENTS | sdf_constraint_stage1 5.445 sdf_constraint_stage2 5.686 reconstructed_loss 0.465 inter 0.611 normal_constraint 5.922 grad_constraint 6.990 embeddings_constraint 1.533 template_reg 0.000 similarity_constraint 0.000
====================================================================================================
====================================================================================================
EPOCH 241 DONE | steps 1964 | mean total loss 26.731881 | sum total loss 52501.414 | epoch time 130.3s
EPOCH 241 MEAN COMPONENTS | sdf_constraint_stage1 5.480 sdf_constraint_stage2 5.727 reconstructed_loss 0.471 inter 0.612 normal_constraint 5.923 grad_constraint 6.993 embeddings_constraint 1.526 template_reg 0.000 similarity_constraint 0.000
====================================================================================================
====================================================================================================
EPOCH 242 DONE | steps 1964 | mean total loss 26.443337 | sum total loss 51934.715 | epoch time 130.4s
EPOCH 242 MEAN COMPONENTS | sdf_constraint_stage1 5.375 sdf_constraint_stage2 5.642 reconstructed_loss 0.463 inter 0.610 normal_constraint 5.894 grad_constraint 6.958 embeddings_constraint 1.502 template_reg 0.000 similarity_constraint 0.000
====================================================================================================
====================================================================================================
EPOCH 243 DONE | steps 1964 | mean total loss 26.500644 | sum total loss 52047.266 | epoch time 130.3s
EPOCH 243 MEAN COMPONENTS | sdf_constraint_stage1 5.383 sdf_constraint_stage2 5.643 reconstructed_loss 0.460 inter 0.611 normal_constraint 5.907 grad_constraint 6.972 embeddings_constraint 1.525 template_reg 0.000 similarity_constraint 0.000
====================================================================================================
====================================================================================================
EPOCH 244 DONE | steps 1964 | mean total loss 26.451912 | sum total loss 51951.555 | epoch time 130.3s
EPOCH 244 MEAN COMPONENTS | sdf_constraint_stage1 5.372 sdf_constraint_stage2 5.638 reconstructed_loss 0.461 inter 0.611 normal_constraint 5.896 grad_constraint 6.958 embeddings_constraint 1.516 template_reg 0.000 similarity_constraint 0.000
====================================================================================================
====================================================================================================
EPOCH 245 DONE | steps 1964 | mean total loss 26.539557 | sum total loss 52123.689 | epoch time 130.3s
EPOCH 245 MEAN COMPONENTS | sdf_constraint_stage1 5.414 sdf_constraint_stage2 5.676 reconstructed_loss 0.466 inter 0.610 normal_constraint 5.897 grad_constraint 6.962 embeddings_constraint 1.514 template_reg 0.000 similarity_constraint 0.000
====================================================================================================
====================================================================================================
EPOCH 246 DONE | steps 1964 | mean total loss 26.404155 | sum total loss 51857.761 | epoch time 130.3s
EPOCH 246 MEAN COMPONENTS | sdf_constraint_stage1 5.363 sdf_constraint_stage2 5.609 reconstructed_loss 0.452 inter 0.612 normal_constraint 5.891 grad_constraint 6.952 embeddings_constraint 1.525 template_reg 0.000 similarity_constraint 0.000
====================================================================================================
====================================================================================================
EPOCH 247 DONE | steps 1964 | mean total loss 26.431070 | sum total loss 51910.622 | epoch time 130.3s
EPOCH 247 MEAN COMPONENTS | sdf_constraint_stage1 5.373 sdf_constraint_stage2 5.632 reconstructed_loss 0.459 inter 0.610 normal_constraint 5.894 grad_constraint 6.952 embeddings_constraint 1.511 template_reg 0.000 similarity_constraint 0.000
====================================================================================================
====================================================================================================
EPOCH 248 DONE | steps 1964 | mean total loss 26.502276 | sum total loss 52050.470 | epoch time 130.2s
EPOCH 248 MEAN COMPONENTS | sdf_constraint_stage1 5.386 sdf_constraint_stage2 5.661 reconstructed_loss 0.464 inter 0.611 normal_constraint 5.895 grad_constraint 6.953 embeddings_constraint 1.531 template_reg 0.000 similarity_constraint 0.000
====================================================================================================
====================================================================================================
EPOCH 249 DONE | steps 1964 | mean total loss 26.383400 | sum total loss 51816.997 | epoch time 130.2s
EPOCH 249 MEAN COMPONENTS | sdf_constraint_stage1 5.377 sdf_constraint_stage2 5.633 reconstructed_loss 0.461 inter 0.610 normal_constraint 5.876 grad_constraint 6.936 embeddings_constraint 1.490 template_reg 0.000 similarity_constraint 0.000
====================================================================================================
====================================================================================================
EPOCH 250 DONE | steps 1964 | mean total loss 26.376460 | sum total loss 51803.368 | epoch time 130.3s
EPOCH 250 MEAN COMPONENTS | sdf_constraint_stage1 5.360 sdf_constraint_stage2 5.621 reconstructed_loss 0.458 inter 0.611 normal_constraint 5.878 grad_constraint 6.933 embeddings_constraint 1.515 template_reg 0.000 similarity_constraint 0.000
====================================================================================================
====================================================================================================
EPOCH 251 DONE | steps 1964 | mean total loss 26.434076 | sum total loss 51916.526 | epoch time 130.3s
EPOCH 251 MEAN COMPONENTS | sdf_constraint_stage1 5.379 sdf_constraint_stage2 5.639 reconstructed_loss 0.458 inter 0.611 normal_constraint 5.882 grad_constraint 6.938 embeddings_constraint 1.525 template_reg 0.000 similarity_constraint 0.000
====================================================================================================
====================================================================================================
EPOCH 252 DONE | steps 1964 | mean total loss 26.368697 | sum total loss 51788.121 | epoch time 130.3s
EPOCH 252 MEAN COMPONENTS | sdf_constraint_stage1 5.355 sdf_constraint_stage2 5.631 reconstructed_loss 0.463 inter 0.611 normal_constraint 5.875 grad_constraint 6.927 embeddings_constraint 1.507 template_reg 0.000 similarity_constraint 0.000
====================================================================================================
====================================================================================================
EPOCH 253 DONE | steps 1964 | mean total loss 26.346954 | sum total loss 51745.418 | epoch time 130.3s
EPOCH 253 MEAN COMPONENTS | sdf_constraint_stage1 5.360 sdf_constraint_stage2 5.622 reconstructed_loss 0.458 inter 0.611 normal_constraint 5.867 grad_constraint 6.919 embeddings_constraint 1.510 template_reg 0.000 similarity_constraint 0.000
====================================================================================================
====================================================================================================
EPOCH 254 DONE | steps 1964 | mean total loss 26.428322 | sum total loss 51905.224 | epoch time 130.4s
EPOCH 254 MEAN COMPONENTS | sdf_constraint_stage1 5.391 sdf_constraint_stage2 5.660 reconstructed_loss 0.465 inter 0.611 normal_constraint 5.870 grad_constraint 6.924 embeddings_constraint 1.507 template_reg 0.000 similarity_constraint 0.000
====================================================================================================
====================================================================================================
EPOCH 255 DONE | steps 1964 | mean total loss 26.127069 | sum total loss 51313.563 | epoch time 130.3s
EPOCH 255 MEAN COMPONENTS | sdf_constraint_stage1 5.268 sdf_constraint_stage2 5.543 reconstructed_loss 0.448 inter 0.609 normal_constraint 5.854 grad_constraint 6.902 embeddings_constraint 1.504 template_reg 0.000 similarity_constraint 0.000
====================================================================================================
====================================================================================================
EPOCH 256 DONE | steps 1964 | mean total loss 26.273517 | sum total loss 51601.188 | epoch time 130.2s
EPOCH 256 MEAN COMPONENTS | sdf_constraint_stage1 5.339 sdf_constraint_stage2 5.597 reconstructed_loss 0.454 inter 0.609 normal_constraint 5.859 grad_constraint 6.909 embeddings_constraint 1.506 template_reg 0.000 similarity_constraint 0.000
====================================================================================================
====================================================================================================
EPOCH 257 DONE | steps 1964 | mean total loss 26.354643 | sum total loss 51760.519 | epoch time 130.3s
EPOCH 257 MEAN COMPONENTS | sdf_constraint_stage1 5.386 sdf_constraint_stage2 5.634 reconstructed_loss 0.461 inter 0.610 normal_constraint 5.860 grad_constraint 6.906 embeddings_constraint 1.499 template_reg 0.000 similarity_constraint 0.000
====================================================================================================
====================================================================================================
EPOCH 258 DONE | steps 1964 | mean total loss 26.229800 | sum total loss 51515.328 | epoch time 130.3s
EPOCH 258 MEAN COMPONENTS | sdf_constraint_stage1 5.325 sdf_constraint_stage2 5.593 reconstructed_loss 0.454 inter 0.610 normal_constraint 5.848 grad_constraint 6.894 embeddings_constraint 1.506 template_reg 0.000 similarity_constraint 0.000
====================================================================================================
====================================================================================================
EPOCH 259 DONE | steps 1964 | mean total loss 26.309931 | sum total loss 51672.705 | epoch time 130.2s
EPOCH 259 MEAN COMPONENTS | sdf_constraint_stage1 5.357 sdf_constraint_stage2 5.633 reconstructed_loss 0.464 inter 0.611 normal_constraint 5.852 grad_constraint 6.896 embeddings_constraint 1.498 template_reg 0.000 similarity_constraint 0.000
====================================================================================================
====================================================================================================
EPOCH 260 DONE | steps 1964 | mean total loss 26.149675 | sum total loss 51357.962 | epoch time 130.2s
EPOCH 260 MEAN COMPONENTS | sdf_constraint_stage1 5.289 sdf_constraint_stage2 5.568 reconstructed_loss 0.452 inter 0.610 normal_constraint 5.844 grad_constraint 6.888 embeddings_constraint 1.499 template_reg 0.000 similarity_constraint 0.000
====================================================================================================
====================================================================================================
EPOCH 261 DONE | steps 1964 | mean total loss 26.153300 | sum total loss 51365.082 | epoch time 130.2s
EPOCH 261 MEAN COMPONENTS | sdf_constraint_stage1 5.301 sdf_constraint_stage2 5.583 reconstructed_loss 0.456 inter 0.610 normal_constraint 5.836 grad_constraint 6.879 embeddings_constraint 1.488 template_reg 0.000 similarity_constraint 0.000
====================================================================================================
====================================================================================================
EPOCH 262 DONE | steps 1964 | mean total loss 26.245011 | sum total loss 51545.202 | epoch time 130.2s
EPOCH 262 MEAN COMPONENTS | sdf_constraint_stage1 5.338 sdf_constraint_stage2 5.601 reconstructed_loss 0.454 inter 0.610 normal_constraint 5.847 grad_constraint 6.889 embeddings_constraint 1.505 template_reg 0.000 similarity_constraint 0.000
====================================================================================================
====================================================================================================
EPOCH 263 DONE | steps 1964 | mean total loss 26.314697 | sum total loss 51682.065 | epoch time 130.2s
EPOCH 263 MEAN COMPONENTS | sdf_constraint_stage1 5.366 sdf_constraint_stage2 5.632 reconstructed_loss 0.462 inter 0.611 normal_constraint 5.840 grad_constraint 6.881 embeddings_constraint 1.522 template_reg 0.000 similarity_constraint 0.000
====================================================================================================
====================================================================================================
EPOCH 264 DONE | steps 1964 | mean total loss 26.025778 | sum total loss 51114.628 | epoch time 130.3s
EPOCH 264 MEAN COMPONENTS | sdf_constraint_stage1 5.258 sdf_constraint_stage2 5.528 reconstructed_loss 0.445 inter 0.609 normal_constraint 5.826 grad_constraint 6.865 embeddings_constraint 1.494 template_reg 0.000 similarity_constraint 0.000
====================================================================================================
====================================================================================================
EPOCH 265 DONE | steps 1964 | mean total loss 26.113578 | sum total loss 51287.067 | epoch time 130.9s
EPOCH 265 MEAN COMPONENTS | sdf_constraint_stage1 5.311 sdf_constraint_stage2 5.564 reconstructed_loss 0.451 inter 0.611 normal_constraint 5.829 grad_constraint 6.866 embeddings_constraint 1.482 template_reg 0.000 similarity_constraint 0.000
====================================================================================================
====================================================================================================
EPOCH 266 DONE | steps 1964 | mean total loss 26.154755 | sum total loss 51367.939 | epoch time 131.7s
EPOCH 266 MEAN COMPONENTS | sdf_constraint_stage1 5.299 sdf_constraint_stage2 5.576 reconstructed_loss 0.454 inter 0.609 normal_constraint 5.832 grad_constraint 6.867 embeddings_constraint 1.517 template_reg 0.000 similarity_constraint 0.000
====================================================================================================
====================================================================================================
EPOCH 267 DONE | steps 1964 | mean total loss 26.084390 | sum total loss 51229.743 | epoch time 130.8s
EPOCH 267 MEAN COMPONENTS | sdf_constraint_stage1 5.270 sdf_constraint_stage2 5.557 reconstructed_loss 0.453 inter 0.610 normal_constraint 5.827 grad_constraint 6.863 embeddings_constraint 1.504 template_reg 0.000 similarity_constraint 0.000
====================================================================================================
====================================================================================================
EPOCH 268 DONE | steps 1964 | mean total loss 26.129308 | sum total loss 51317.961 | epoch time 131.0s
EPOCH 268 MEAN COMPONENTS | sdf_constraint_stage1 5.320 sdf_constraint_stage2 5.583 reconstructed_loss 0.454 inter 0.609 normal_constraint 5.818 grad_constraint 6.853 embeddings_constraint 1.492 template_reg 0.000 similarity_constraint 0.000
====================================================================================================
====================================================================================================
EPOCH 269 DONE | steps 1964 | mean total loss 26.179462 | sum total loss 51416.464 | epoch time 130.3s
EPOCH 269 MEAN COMPONENTS | sdf_constraint_stage1 5.350 sdf_constraint_stage2 5.608 reconstructed_loss 0.458 inter 0.610 normal_constraint 5.818 grad_constraint 6.851 embeddings_constraint 1.484 template_reg 0.000 similarity_constraint 0.000
====================================================================================================
====================================================================================================
EPOCH 270 DONE | steps 1964 | mean total loss 26.036344 | sum total loss 51135.379 | epoch time 131.4s
EPOCH 270 MEAN COMPONENTS | sdf_constraint_stage1 5.288 sdf_constraint_stage2 5.560 reconstructed_loss 0.453 inter 0.609 normal_constraint 5.808 grad_constraint 6.839 embeddings_constraint 1.480 template_reg 0.000 similarity_constraint 0.000
====================================================================================================
====================================================================================================
EPOCH 271 DONE | steps 1964 | mean total loss 26.075675 | sum total loss 51212.625 | epoch time 130.8s
EPOCH 271 MEAN COMPONENTS | sdf_constraint_stage1 5.303 sdf_constraint_stage2 5.566 reconstructed_loss 0.453 inter 0.610 normal_constraint 5.813 grad_constraint 6.844 embeddings_constraint 1.487 template_reg 0.000 similarity_constraint 0.000
====================================================================================================
====================================================================================================
EPOCH 272 DONE | steps 1964 | mean total loss 26.047860 | sum total loss 51157.997 | epoch time 131.0s
EPOCH 272 MEAN COMPONENTS | sdf_constraint_stage1 5.279 sdf_constraint_stage2 5.554 reconstructed_loss 0.449 inter 0.610 normal_constraint 5.811 grad_constraint 6.840 embeddings_constraint 1.504 template_reg 0.000 similarity_constraint 0.000
====================================================================================================
====================================================================================================
EPOCH 273 DONE | steps 1964 | mean total loss 26.018899 | sum total loss 51101.118 | epoch time 130.9s
EPOCH 273 MEAN COMPONENTS | sdf_constraint_stage1 5.275 sdf_constraint_stage2 5.553 reconstructed_loss 0.452 inter 0.609 normal_constraint 5.806 grad_constraint 6.832 embeddings_constraint 1.492 template_reg 0.000 similarity_constraint 0.000
====================================================================================================
====================================================================================================
EPOCH 274 DONE | steps 1964 | mean total loss 26.023252 | sum total loss 51109.667 | epoch time 130.7s
EPOCH 274 MEAN COMPONENTS | sdf_constraint_stage1 5.287 sdf_constraint_stage2 5.556 reconstructed_loss 0.452 inter 0.609 normal_constraint 5.800 grad_constraint 6.829 embeddings_constraint 1.490 template_reg 0.000 similarity_constraint 0.000
====================================================================================================
====================================================================================================
EPOCH 275 DONE | steps 1964 | mean total loss 26.032517 | sum total loss 51127.863 | epoch time 131.3s
EPOCH 275 MEAN COMPONENTS | sdf_constraint_stage1 5.296 sdf_constraint_stage2 5.576 reconstructed_loss 0.455 inter 0.610 normal_constraint 5.799 grad_constraint 6.825 embeddings_constraint 1.470 template_reg 0.000 similarity_constraint 0.000
====================================================================================================
====================================================================================================
EPOCH 276 DONE | steps 1964 | mean total loss 26.091060 | sum total loss 51242.842 | epoch time 130.6s
EPOCH 276 MEAN COMPONENTS | sdf_constraint_stage1 5.297 sdf_constraint_stage2 5.578 reconstructed_loss 0.456 inter 0.609 normal_constraint 5.808 grad_constraint 6.831 embeddings_constraint 1.511 template_reg 0.000 similarity_constraint 0.000
====================================================================================================
====================================================================================================
EPOCH 277 DONE | steps 1964 | mean total loss 25.859288 | sum total loss 50787.641 | epoch time 131.2s
EPOCH 277 MEAN COMPONENTS | sdf_constraint_stage1 5.230 sdf_constraint_stage2 5.512 reconstructed_loss 0.449 inter 0.609 normal_constraint 5.782 grad_constraint 6.806 embeddings_constraint 1.471 template_reg 0.000 similarity_constraint 0.000
====================================================================================================
====================================================================================================
EPOCH 278 DONE | steps 1964 | mean total loss 26.015518 | sum total loss 51094.477 | epoch time 130.7s
EPOCH 278 MEAN COMPONENTS | sdf_constraint_stage1 5.294 sdf_constraint_stage2 5.564 reconstructed_loss 0.455 inter 0.608 normal_constraint 5.792 grad_constraint 6.814 embeddings_constraint 1.488 template_reg 0.000 similarity_constraint 0.000
====================================================================================================
====================================================================================================
EPOCH 279 DONE | steps 1964 | mean total loss 25.968396 | sum total loss 51001.929 | epoch time 130.4s
EPOCH 279 MEAN COMPONENTS | sdf_constraint_stage1 5.266 sdf_constraint_stage2 5.552 reconstructed_loss 0.453 inter 0.609 normal_constraint 5.787 grad_constraint 6.810 embeddings_constraint 1.491 template_reg 0.000 similarity_constraint 0.000
====================================================================================================
====================================================================================================
EPOCH 280 DONE | steps 1964 | mean total loss 25.786798 | sum total loss 50645.272 | epoch time 130.5s
EPOCH 280 MEAN COMPONENTS | sdf_constraint_stage1 5.208 sdf_constraint_stage2 5.485 reconstructed_loss 0.441 inter 0.609 normal_constraint 5.779 grad_constraint 6.798 embeddings_constraint 1.468 template_reg 0.000 similarity_constraint 0.000
====================================================================================================
====================================================================================================
EPOCH 281 DONE | steps 1964 | mean total loss 26.002857 | sum total loss 51069.611 | epoch time 130.4s
EPOCH 281 MEAN COMPONENTS | sdf_constraint_stage1 5.298 sdf_constraint_stage2 5.559 reconstructed_loss 0.453 inter 0.607 normal_constraint 5.785 grad_constraint 6.807 embeddings_constraint 1.493 template_reg 0.000 similarity_constraint 0.000
====================================================================================================
====================================================================================================
EPOCH 282 DONE | steps 1964 | mean total loss 25.798422 | sum total loss 50668.101 | epoch time 130.6s
EPOCH 282 MEAN COMPONENTS | sdf_constraint_stage1 5.200 sdf_constraint_stage2 5.499 reconstructed_loss 0.448 inter 0.609 normal_constraint 5.774 grad_constraint 6.792 embeddings_constraint 1.476 template_reg 0.000 similarity_constraint 0.000
====================================================================================================
====================================================================================================
EPOCH 283 DONE | steps 1964 | mean total loss 26.022100 | sum total loss 51107.405 | epoch time 130.6s
EPOCH 283 MEAN COMPONENTS | sdf_constraint_stage1 5.309 sdf_constraint_stage2 5.578 reconstructed_loss 0.455 inter 0.609 normal_constraint 5.782 grad_constraint 6.798 embeddings_constraint 1.489 template_reg 0.000 similarity_constraint 0.000
====================================================================================================
====================================================================================================
EPOCH 284 DONE | steps 1964 | mean total loss 25.783756 | sum total loss 50639.297 | epoch time 130.5s
EPOCH 284 MEAN COMPONENTS | sdf_constraint_stage1 5.216 sdf_constraint_stage2 5.509 reconstructed_loss 0.451 inter 0.608 normal_constraint 5.762 grad_constraint 6.776 embeddings_constraint 1.462 template_reg 0.001 similarity_constraint 0.000
====================================================================================================
====================================================================================================
EPOCH 285 DONE | steps 1964 | mean total loss 25.812706 | sum total loss 50696.154 | epoch time 130.5s
EPOCH 285 MEAN COMPONENTS | sdf_constraint_stage1 5.221 sdf_constraint_stage2 5.496 reconstructed_loss 0.442 inter 0.608 normal_constraint 5.774 grad_constraint 6.790 embeddings_constraint 1.483 template_reg 0.000 similarity_constraint 0.000
====================================================================================================
====================================================================================================
EPOCH 286 DONE | steps 1964 | mean total loss 25.820214 | sum total loss 50710.900 | epoch time 130.6s
EPOCH 286 MEAN COMPONENTS | sdf_constraint_stage1 5.229 sdf_constraint_stage2 5.511 reconstructed_loss 0.448 inter 0.608 normal_constraint 5.764 grad_constraint 6.777 embeddings_constraint 1.483 template_reg 0.000 similarity_constraint 0.000
====================================================================================================
====================================================================================================
EPOCH 287 DONE | steps 1964 | mean total loss 25.823909 | sum total loss 50718.157 | epoch time 130.6s
EPOCH 287 MEAN COMPONENTS | sdf_constraint_stage1 5.221 sdf_constraint_stage2 5.520 reconstructed_loss 0.452 inter 0.608 normal_constraint 5.764 grad_constraint 6.777 embeddings_constraint 1.482 template_reg 0.000 similarity_constraint 0.000
====================================================================================================
====================================================================================================
EPOCH 288 DONE | steps 1964 | mean total loss 25.784734 | sum total loss 50641.218 | epoch time 130.5s
EPOCH 288 MEAN COMPONENTS | sdf_constraint_stage1 5.225 sdf_constraint_stage2 5.505 reconstructed_loss 0.448 inter 0.608 normal_constraint 5.758 grad_constraint 6.766 embeddings_constraint 1.474 template_reg 0.000 similarity_constraint 0.000
====================================================================================================
====================================================================================================
EPOCH 289 DONE | steps 1964 | mean total loss 25.825171 | sum total loss 50720.635 | epoch time 130.5s
EPOCH 289 MEAN COMPONENTS | sdf_constraint_stage1 5.240 sdf_constraint_stage2 5.511 reconstructed_loss 0.445 inter 0.609 normal_constraint 5.763 grad_constraint 6.773 embeddings_constraint 1.484 template_reg 0.000 similarity_constraint 0.000
====================================================================================================
====================================================================================================
EPOCH 290 DONE | steps 1964 | mean total loss 25.664863 | sum total loss 50405.790 | epoch time 130.3s
EPOCH 290 MEAN COMPONENTS | sdf_constraint_stage1 5.180 sdf_constraint_stage2 5.465 reconstructed_loss 0.441 inter 0.609 normal_constraint 5.749 grad_constraint 6.755 embeddings_constraint 1.466 template_reg 0.000 similarity_constraint 0.000
====================================================================================================
====================================================================================================
EPOCH 291 DONE | steps 1964 | mean total loss 25.857937 | sum total loss 50784.989 | epoch time 130.2s
EPOCH 291 MEAN COMPONENTS | sdf_constraint_stage1 5.255 sdf_constraint_stage2 5.534 reconstructed_loss 0.451 inter 0.607 normal_constraint 5.760 grad_constraint 6.769 embeddings_constraint 1.482 template_reg 0.000 similarity_constraint 0.000
====================================================================================================
====================================================================================================
EPOCH 292 DONE | steps 1964 | mean total loss 25.782988 | sum total loss 50637.789 | epoch time 130.3s
EPOCH 292 MEAN COMPONENTS | sdf_constraint_stage1 5.225 sdf_constraint_stage2 5.501 reconstructed_loss 0.446 inter 0.608 normal_constraint 5.753 grad_constraint 6.761 embeddings_constraint 1.488 template_reg 0.000 similarity_constraint 0.000
====================================================================================================
====================================================================================================
EPOCH 293 DONE | steps 1964 | mean total loss 25.778851 | sum total loss 50629.664 | epoch time 130.2s
EPOCH 293 MEAN COMPONENTS | sdf_constraint_stage1 5.222 sdf_constraint_stage2 5.508 reconstructed_loss 0.448 inter 0.608 normal_constraint 5.753 grad_constraint 6.758 embeddings_constraint 1.482 template_reg 0.000 similarity_constraint 0.000
====================================================================================================
====================================================================================================
EPOCH 294 DONE | steps 1964 | mean total loss 25.649137 | sum total loss 50374.905 | epoch time 130.2s
EPOCH 294 MEAN COMPONENTS | sdf_constraint_stage1 5.182 sdf_constraint_stage2 5.470 reconstructed_loss 0.441 inter 0.608 normal_constraint 5.740 grad_constraint 6.744 embeddings_constraint 1.464 template_reg 0.000 similarity_constraint 0.000
====================================================================================================
====================================================================================================
EPOCH 295 DONE | steps 1964 | mean total loss 25.687156 | sum total loss 50449.574 | epoch time 130.3s
EPOCH 295 MEAN COMPONENTS | sdf_constraint_stage1 5.201 sdf_constraint_stage2 5.484 reconstructed_loss 0.445 inter 0.607 normal_constraint 5.740 grad_constraint 6.742 embeddings_constraint 1.468 template_reg 0.000 similarity_constraint 0.000
====================================================================================================
====================================================================================================
EPOCH 296 DONE | steps 1964 | mean total loss 25.773497 | sum total loss 50619.147 | epoch time 130.1s
EPOCH 296 MEAN COMPONENTS | sdf_constraint_stage1 5.238 sdf_constraint_stage2 5.516 reconstructed_loss 0.448 inter 0.608 normal_constraint 5.747 grad_constraint 6.748 embeddings_constraint 1.468 template_reg 0.000 similarity_constraint 0.000
====================================================================================================
====================================================================================================
EPOCH 297 DONE | steps 1964 | mean total loss 25.713190 | sum total loss 50500.706 | epoch time 130.0s
EPOCH 297 MEAN COMPONENTS | sdf_constraint_stage1 5.201 sdf_constraint_stage2 5.499 reconstructed_loss 0.448 inter 0.609 normal_constraint 5.741 grad_constraint 6.743 embeddings_constraint 1.472 template_reg 0.000 similarity_constraint 0.000
====================================================================================================
====================================================================================================
EPOCH 298 DONE | steps 1964 | mean total loss 25.546644 | sum total loss 50173.609 | epoch time 130.1s
EPOCH 298 MEAN COMPONENTS | sdf_constraint_stage1 5.162 sdf_constraint_stage2 5.456 reconstructed_loss 0.442 inter 0.606 normal_constraint 5.719 grad_constraint 6.720 embeddings_constraint 1.441 template_reg 0.000 similarity_constraint 0.000
====================================================================================================
====================================================================================================
EPOCH 299 DONE | steps 1964 | mean total loss 25.619972 | sum total loss 50317.625 | epoch time 130.1s
EPOCH 299 MEAN COMPONENTS | sdf_constraint_stage1 5.185 sdf_constraint_stage2 5.467 reconstructed_loss 0.442 inter 0.608 normal_constraint 5.730 grad_constraint 6.729 embeddings_constraint 1.459 template_reg 0.000 similarity_constraint 0.000
====================================================================================================
====================================================================================================
EPOCH 300 DONE | steps 1964 | mean total loss 25.688912 | sum total loss 50453.023 | epoch time 130.0s
EPOCH 300 MEAN COMPONENTS | sdf_constraint_stage1 5.207 sdf_constraint_stage2 5.495 reconstructed_loss 0.447 inter 0.608 normal_constraint 5.735 grad_constraint 6.734 embeddings_constraint 1.462 template_reg 0.000 similarity_constraint 0.000
====================================================================================================
====================================================================================================
EPOCH 301 DONE | steps 1964 | mean total loss 25.543662 | sum total loss 50167.752 | epoch time 130.0s
EPOCH 301 MEAN COMPONENTS | sdf_constraint_stage1 5.149 sdf_constraint_stage2 5.445 reconstructed_loss 0.441 inter 0.607 normal_constraint 5.722 grad_constraint 6.718 embeddings_constraint 1.462 template_reg 0.000 similarity_constraint 0.000
====================================================================================================
====================================================================================================
EPOCH 302 DONE | steps 1964 | mean total loss 25.609637 | sum total loss 50297.327 | epoch time 129.7s
EPOCH 302 MEAN COMPONENTS | sdf_constraint_stage1 5.189 sdf_constraint_stage2 5.472 reconstructed_loss 0.443 inter 0.606 normal_constraint 5.721 grad_constraint 6.716 embeddings_constraint 1.463 template_reg 0.000 similarity_constraint 0.000
====================================================================================================
====================================================================================================
EPOCH 303 DONE | steps 1964 | mean total loss 25.705415 | sum total loss 50485.435 | epoch time 129.6s
EPOCH 303 MEAN COMPONENTS | sdf_constraint_stage1 5.220 sdf_constraint_stage2 5.499 reconstructed_loss 0.447 inter 0.608 normal_constraint 5.729 grad_constraint 6.725 embeddings_constraint 1.477 template_reg 0.000 similarity_constraint 0.000
====================================================================================================
====================================================================================================
EPOCH 304 DONE | steps 1964 | mean total loss 25.411902 | sum total loss 49908.976 | epoch time 129.7s
EPOCH 304 MEAN COMPONENTS | sdf_constraint_stage1 5.096 sdf_constraint_stage2 5.395 reconstructed_loss 0.430 inter 0.607 normal_constraint 5.709 grad_constraint 6.703 embeddings_constraint 1.471 template_reg 0.000 similarity_constraint 0.000
====================================================================================================
====================================================================================================
EPOCH 305 DONE | steps 1964 | mean total loss 25.614612 | sum total loss 50307.097 | epoch time 129.7s
EPOCH 305 MEAN COMPONENTS | sdf_constraint_stage1 5.199 sdf_constraint_stage2 5.489 reconstructed_loss 0.448 inter 0.607 normal_constraint 5.716 grad_constraint 6.710 embeddings_constraint 1.443 template_reg 0.000 similarity_constraint 0.000
====================================================================================================
====================================================================================================
EPOCH 306 DONE | steps 1964 | mean total loss 25.574265 | sum total loss 50227.856 | epoch time 129.7s
EPOCH 306 MEAN COMPONENTS | sdf_constraint_stage1 5.175 sdf_constraint_stage2 5.460 reconstructed_loss 0.443 inter 0.606 normal_constraint 5.717 grad_constraint 6.707 embeddings_constraint 1.466 template_reg 0.000 similarity_constraint 0.000
====================================================================================================
====================================================================================================
EPOCH 307 DONE | steps 1964 | mean total loss 25.608828 | sum total loss 50295.738 | epoch time 129.8s
EPOCH 307 MEAN COMPONENTS | sdf_constraint_stage1 5.200 sdf_constraint_stage2 5.481 reconstructed_loss 0.443 inter 0.607 normal_constraint 5.713 grad_constraint 6.705 embeddings_constraint 1.459 template_reg 0.000 similarity_constraint 0.000
====================================================================================================
====================================================================================================
EPOCH 308 DONE | steps 1964 | mean total loss 25.426320 | sum total loss 49937.293 | epoch time 129.7s
EPOCH 308 MEAN COMPONENTS | sdf_constraint_stage1 5.120 sdf_constraint_stage2 5.418 reconstructed_loss 0.440 inter 0.606 normal_constraint 5.701 grad_constraint 6.691 embeddings_constraint 1.452 template_reg 0.000 similarity_constraint 0.000
====================================================================================================
====================================================================================================
EPOCH 309 DONE | steps 1964 | mean total loss 25.665376 | sum total loss 50406.799 | epoch time 130.0s
EPOCH 309 MEAN COMPONENTS | sdf_constraint_stage1 5.220 sdf_constraint_stage2 5.500 reconstructed_loss 0.449 inter 0.608 normal_constraint 5.716 grad_constraint 6.704 embeddings_constraint 1.468 template_reg 0.000 similarity_constraint 0.000
====================================================================================================
====================================================================================================
EPOCH 310 DONE | steps 1964 | mean total loss 25.417196 | sum total loss 49919.373 | epoch time 130.0s
EPOCH 310 MEAN COMPONENTS | sdf_constraint_stage1 5.112 sdf_constraint_stage2 5.423 reconstructed_loss 0.443 inter 0.607 normal_constraint 5.695 grad_constraint 6.683 embeddings_constraint 1.454 template_reg 0.000 similarity_constraint 0.000
====================================================================================================
====================================================================================================
EPOCH 311 DONE | steps 1964 | mean total loss 25.508155 | sum total loss 50098.017 | epoch time 130.0s
EPOCH 311 MEAN COMPONENTS | sdf_constraint_stage1 5.177 sdf_constraint_stage2 5.454 reconstructed_loss 0.442 inter 0.605 normal_constraint 5.698 grad_constraint 6.685 embeddings_constraint 1.447 template_reg 0.000 similarity_constraint 0.000
====================================================================================================
====================================================================================================
EPOCH 312 DONE | steps 1964 | mean total loss 25.404788 | sum total loss 49895.004 | epoch time 130.0s
EPOCH 312 MEAN COMPONENTS | sdf_constraint_stage1 5.111 sdf_constraint_stage2 5.422 reconstructed_loss 0.439 inter 0.606 normal_constraint 5.695 grad_constraint 6.681 embeddings_constraint 1.452 template_reg 0.000 similarity_constraint 0.000
====================================================================================================
====================================================================================================
EPOCH 313 DONE | steps 1964 | mean total loss 25.451835 | sum total loss 49987.404 | epoch time 130.0s
EPOCH 313 MEAN COMPONENTS | sdf_constraint_stage1 5.139 sdf_constraint_stage2 5.435 reconstructed_loss 0.438 inter 0.607 normal_constraint 5.692 grad_constraint 6.677 embeddings_constraint 1.463 template_reg 0.000 similarity_constraint 0.000
====================================================================================================
====================================================================================================
EPOCH 314 DONE | steps 1964 | mean total loss 25.474096 | sum total loss 50031.125 | epoch time 130.0s
EPOCH 314 MEAN COMPONENTS | sdf_constraint_stage1 5.159 sdf_constraint_stage2 5.457 reconstructed_loss 0.444 inter 0.607 normal_constraint 5.692 grad_constraint 6.678 embeddings_constraint 1.436 template_reg 0.000 similarity_constraint 0.000
====================================================================================================
====================================================================================================
EPOCH 315 DONE | steps 1964 | mean total loss 25.476430 | sum total loss 50035.708 | epoch time 130.0s
EPOCH 315 MEAN COMPONENTS | sdf_constraint_stage1 5.157 sdf_constraint_stage2 5.456 reconstructed_loss 0.444 inter 0.607 normal_constraint 5.691 grad_constraint 6.673 embeddings_constraint 1.449 template_reg 0.000 similarity_constraint 0.000
====================================================================================================
====================================================================================================
EPOCH 316 DONE | steps 1964 | mean total loss 25.423903 | sum total loss 49932.545 | epoch time 130.1s
EPOCH 316 MEAN COMPONENTS | sdf_constraint_stage1 5.128 sdf_constraint_stage2 5.420 reconstructed_loss 0.440 inter 0.607 normal_constraint 5.691 grad_constraint 6.672 embeddings_constraint 1.465 template_reg 0.000 similarity_constraint 0.000
====================================================================================================
====================================================================================================
EPOCH 317 DONE | steps 1964 | mean total loss 25.442256 | sum total loss 49968.592 | epoch time 130.0s
EPOCH 317 MEAN COMPONENTS | sdf_constraint_stage1 5.135 sdf_constraint_stage2 5.436 reconstructed_loss 0.439 inter 0.607 normal_constraint 5.690 grad_constraint 6.672 embeddings_constraint 1.463 template_reg 0.000 similarity_constraint 0.000
====================================================================================================
====================================================================================================
EPOCH 318 DONE | steps 1964 | mean total loss 25.385593 | sum total loss 49857.304 | epoch time 129.9s
EPOCH 318 MEAN COMPONENTS | sdf_constraint_stage1 5.130 sdf_constraint_stage2 5.420 reconstructed_loss 0.438 inter 0.607 normal_constraint 5.681 grad_constraint 6.659 embeddings_constraint 1.450 template_reg 0.000 similarity_constraint 0.000
====================================================================================================
====================================================================================================
EPOCH 319 DONE | steps 1964 | mean total loss 25.337695 | sum total loss 49763.233 | epoch time 129.9s
EPOCH 319 MEAN COMPONENTS | sdf_constraint_stage1 5.121 sdf_constraint_stage2 5.422 reconstructed_loss 0.439 inter 0.605 normal_constraint 5.672 grad_constraint 6.649 embeddings_constraint 1.429 template_reg 0.000 similarity_constraint 0.000
====================================================================================================
====================================================================================================
EPOCH 320 DONE | steps 1964 | mean total loss 25.440409 | sum total loss 49964.963 | epoch time 129.9s
EPOCH 320 MEAN COMPONENTS | sdf_constraint_stage1 5.141 sdf_constraint_stage2 5.439 reconstructed_loss 0.442 inter 0.607 normal_constraint 5.685 grad_constraint 6.664 embeddings_constraint 1.462 template_reg 0.000 similarity_constraint 0.000
====================================================================================================
====================================================================================================
EPOCH 321 DONE | steps 1964 | mean total loss 25.475048 | sum total loss 50032.994 | epoch time 130.0s
EPOCH 321 MEAN COMPONENTS | sdf_constraint_stage1 5.153 sdf_constraint_stage2 5.450 reconstructed_loss 0.442 inter 0.608 normal_constraint 5.689 grad_constraint 6.663 embeddings_constraint 1.470 template_reg 0.000 similarity_constraint 0.000
====================================================================================================
====================================================================================================
EPOCH 322 DONE | steps 1964 | mean total loss 25.321599 | sum total loss 49731.621 | epoch time 129.9s
EPOCH 322 MEAN COMPONENTS | sdf_constraint_stage1 5.103 sdf_constraint_stage2 5.423 reconstructed_loss 0.442 inter 0.606 normal_constraint 5.670 grad_constraint 6.646 embeddings_constraint 1.431 template_reg 0.000 similarity_constraint 0.000
====================================================================================================
====================================================================================================
EPOCH 323 DONE | steps 1964 | mean total loss 25.271060 | sum total loss 49632.361 | epoch time 129.9s
EPOCH 323 MEAN COMPONENTS | sdf_constraint_stage1 5.093 sdf_constraint_stage2 5.395 reconstructed_loss 0.436 inter 0.606 normal_constraint 5.664 grad_constraint 6.638 embeddings_constraint 1.439 template_reg 0.000 similarity_constraint 0.000
====================================================================================================
====================================================================================================
EPOCH 324 DONE | steps 1964 | mean total loss 25.309334 | sum total loss 49707.532 | epoch time 129.9s
EPOCH 324 MEAN COMPONENTS | sdf_constraint_stage1 5.101 sdf_constraint_stage2 5.399 reconstructed_loss 0.437 inter 0.606 normal_constraint 5.668 grad_constraint 6.643 embeddings_constraint 1.455 template_reg 0.000 similarity_constraint 0.000
====================================================================================================
====================================================================================================
EPOCH 325 DONE | steps 1964 | mean total loss 25.511027 | sum total loss 50103.657 | epoch time 130.0s
EPOCH 325 MEAN COMPONENTS | sdf_constraint_stage1 5.178 sdf_constraint_stage2 5.480 reconstructed_loss 0.449 inter 0.606 normal_constraint 5.684 grad_constraint 6.656 embeddings_constraint 1.458 template_reg 0.000 similarity_constraint 0.000
====================================================================================================
====================================================================================================
EPOCH 326 DONE | steps 1964 | mean total loss 25.316987 | sum total loss 49722.563 | epoch time 130.0s
EPOCH 326 MEAN COMPONENTS | sdf_constraint_stage1 5.105 sdf_constraint_stage2 5.410 reconstructed_loss 0.439 inter 0.606 normal_constraint 5.666 grad_constraint 6.638 embeddings_constraint 1.454 template_reg 0.000 similarity_constraint 0.000
====================================================================================================
====================================================================================================
EPOCH 327 DONE | steps 1964 | mean total loss 25.198145 | sum total loss 49489.157 | epoch time 129.9s
EPOCH 327 MEAN COMPONENTS | sdf_constraint_stage1 5.065 sdf_constraint_stage2 5.374 reconstructed_loss 0.431 inter 0.607 normal_constraint 5.658 grad_constraint 6.630 embeddings_constraint 1.432 template_reg 0.000 similarity_constraint 0.000
====================================================================================================
====================================================================================================
EPOCH 328 DONE | steps 1964 | mean total loss 25.374309 | sum total loss 49835.143 | epoch time 129.8s
EPOCH 328 MEAN COMPONENTS | sdf_constraint_stage1 5.135 sdf_constraint_stage2 5.447 reconstructed_loss 0.447 inter 0.606 normal_constraint 5.659 grad_constraint 6.630 embeddings_constraint 1.450 template_reg 0.000 similarity_constraint 0.000
====================================================================================================
====================================================================================================
EPOCH 329 DONE | steps 1964 | mean total loss 25.229558 | sum total loss 49550.852 | epoch time 129.9s
EPOCH 329 MEAN COMPONENTS | sdf_constraint_stage1 5.093 sdf_constraint_stage2 5.392 reconstructed_loss 0.436 inter 0.605 normal_constraint 5.653 grad_constraint 6.622 embeddings_constraint 1.429 template_reg 0.000 similarity_constraint 0.000
====================================================================================================
====================================================================================================
EPOCH 330 DONE | steps 1964 | mean total loss 25.269396 | sum total loss 49629.094 | epoch time 130.0s
EPOCH 330 MEAN COMPONENTS | sdf_constraint_stage1 5.097 sdf_constraint_stage2 5.393 reconstructed_loss 0.434 inter 0.605 normal_constraint 5.662 grad_constraint 6.630 embeddings_constraint 1.448 template_reg 0.000 similarity_constraint 0.000
====================================================================================================
====================================================================================================
EPOCH 331 DONE | steps 1964 | mean total loss 25.216741 | sum total loss 49525.679 | epoch time 130.0s
EPOCH 331 MEAN COMPONENTS | sdf_constraint_stage1 5.081 sdf_constraint_stage2 5.378 reconstructed_loss 0.431 inter 0.606 normal_constraint 5.652 grad_constraint 6.620 embeddings_constraint 1.448 template_reg 0.000 similarity_constraint 0.000
====================================================================================================
====================================================================================================
EPOCH 332 DONE | steps 1964 | mean total loss 25.178978 | sum total loss 49451.513 | epoch time 129.9s
EPOCH 332 MEAN COMPONENTS | sdf_constraint_stage1 5.069 sdf_constraint_stage2 5.378 reconstructed_loss 0.435 inter 0.606 normal_constraint 5.646 grad_constraint 6.612 embeddings_constraint 1.432 template_reg 0.000 similarity_constraint 0.000
====================================================================================================
====================================================================================================
EPOCH 333 DONE | steps 1964 | mean total loss 25.252888 | sum total loss 49596.673 | epoch time 130.0s
EPOCH 333 MEAN COMPONENTS | sdf_constraint_stage1 5.093 sdf_constraint_stage2 5.403 reconstructed_loss 0.439 inter 0.606 normal_constraint 5.648 grad_constraint 6.613 embeddings_constraint 1.450 template_reg 0.000 similarity_constraint 0.000
====================================================================================================
====================================================================================================
EPOCH 334 DONE | steps 1964 | mean total loss 25.201575 | sum total loss 49495.894 | epoch time 130.0s
EPOCH 334 MEAN COMPONENTS | sdf_constraint_stage1 5.086 sdf_constraint_stage2 5.383 reconstructed_loss 0.435 inter 0.606 normal_constraint 5.647 grad_constraint 6.612 embeddings_constraint 1.433 template_reg 0.000 similarity_constraint 0.000
====================================================================================================
====================================================================================================
EPOCH 335 DONE | steps 1964 | mean total loss 25.175745 | sum total loss 49445.164 | epoch time 129.8s
EPOCH 335 MEAN COMPONENTS | sdf_constraint_stage1 5.069 sdf_constraint_stage2 5.378 reconstructed_loss 0.434 inter 0.605 normal_constraint 5.644 grad_constraint 6.606 embeddings_constraint 1.439 template_reg 0.000 similarity_constraint 0.000
====================================================================================================
====================================================================================================
EPOCH 336 DONE | steps 1964 | mean total loss 25.230105 | sum total loss 49551.926 | epoch time 129.8s
EPOCH 336 MEAN COMPONENTS | sdf_constraint_stage1 5.078 sdf_constraint_stage2 5.390 reconstructed_loss 0.435 inter 0.606 normal_constraint 5.650 grad_constraint 6.610 embeddings_constraint 1.460 template_reg 0.000 similarity_constraint 0.000
====================================================================================================
====================================================================================================
EPOCH 337 DONE | steps 1964 | mean total loss 25.248098 | sum total loss 49587.264 | epoch time 129.8s
EPOCH 337 MEAN COMPONENTS | sdf_constraint_stage1 5.097 sdf_constraint_stage2 5.393 reconstructed_loss 0.435 inter 0.605 normal_constraint 5.646 grad_constraint 6.609 embeddings_constraint 1.463 template_reg 0.000 similarity_constraint 0.000
====================================================================================================
====================================================================================================
EPOCH 338 DONE | steps 1964 | mean total loss 25.151224 | sum total loss 49397.003 | epoch time 129.8s
EPOCH 338 MEAN COMPONENTS | sdf_constraint_stage1 5.064 sdf_constraint_stage2 5.379 reconstructed_loss 0.434 inter 0.606 normal_constraint 5.639 grad_constraint 6.598 embeddings_constraint 1.432 template_reg 0.000 similarity_constraint 0.000
====================================================================================================
====================================================================================================
EPOCH 339 DONE | steps 1964 | mean total loss 25.230935 | sum total loss 49553.557 | epoch time 129.8s
EPOCH 339 MEAN COMPONENTS | sdf_constraint_stage1 5.090 sdf_constraint_stage2 5.394 reconstructed_loss 0.438 inter 0.606 normal_constraint 5.644 grad_constraint 6.602 embeddings_constraint 1.456 template_reg 0.000 similarity_constraint 0.000
====================================================================================================
====================================================================================================
EPOCH 340 DONE | steps 1964 | mean total loss 25.149390 | sum total loss 49393.403 | epoch time 129.9s
EPOCH 340 MEAN COMPONENTS | sdf_constraint_stage1 5.079 sdf_constraint_stage2 5.377 reconstructed_loss 0.435 inter 0.605 normal_constraint 5.635 grad_constraint 6.592 embeddings_constraint 1.427 template_reg 0.000 similarity_constraint 0.000
====================================================================================================
====================================================================================================
EPOCH 341 DONE | steps 1964 | mean total loss 25.154293 | sum total loss 49403.031 | epoch time 129.9s
EPOCH 341 MEAN COMPONENTS | sdf_constraint_stage1 5.060 sdf_constraint_stage2 5.358 reconstructed_loss 0.429 inter 0.606 normal_constraint 5.642 grad_constraint 6.599 embeddings_constraint 1.459 template_reg 0.000 similarity_constraint 0.000
====================================================================================================
====================================================================================================
EPOCH 342 DONE | steps 1964 | mean total loss 25.125527 | sum total loss 49346.535 | epoch time 129.9s
EPOCH 342 MEAN COMPONENTS | sdf_constraint_stage1 5.058 sdf_constraint_stage2 5.370 reconstructed_loss 0.435 inter 0.605 normal_constraint 5.631 grad_constraint 6.586 embeddings_constraint 1.441 template_reg 0.000 similarity_constraint 0.000
====================================================================================================
====================================================================================================
EPOCH 343 DONE | steps 1964 | mean total loss 25.096873 | sum total loss 49290.260 | epoch time 129.9s
EPOCH 343 MEAN COMPONENTS | sdf_constraint_stage1 5.059 sdf_constraint_stage2 5.371 reconstructed_loss 0.435 inter 0.605 normal_constraint 5.623 grad_constraint 6.575 embeddings_constraint 1.429 template_reg 0.000 similarity_constraint 0.000
====================================================================================================
====================================================================================================
EPOCH 344 DONE | steps 1964 | mean total loss 25.077431 | sum total loss 49252.075 | epoch time 129.9s
EPOCH 344 MEAN COMPONENTS | sdf_constraint_stage1 5.040 sdf_constraint_stage2 5.349 reconstructed_loss 0.431 inter 0.604 normal_constraint 5.626 grad_constraint 6.583 embeddings_constraint 1.445 template_reg 0.000 similarity_constraint 0.000
====================================================================================================
====================================================================================================
EPOCH 345 DONE | steps 1964 | mean total loss 25.103075 | sum total loss 49302.440 | epoch time 129.9s
EPOCH 345 MEAN COMPONENTS | sdf_constraint_stage1 5.062 sdf_constraint_stage2 5.374 reconstructed_loss 0.432 inter 0.605 normal_constraint 5.624 grad_constraint 6.577 embeddings_constraint 1.429 template_reg 0.000 similarity_constraint 0.000
====================================================================================================
====================================================================================================
EPOCH 346 DONE | steps 1964 | mean total loss 24.952183 | sum total loss 49006.088 | epoch time 129.9s
EPOCH 346 MEAN COMPONENTS | sdf_constraint_stage1 5.005 sdf_constraint_stage2 5.318 reconstructed_loss 0.429 inter 0.604 normal_constraint 5.611 grad_constraint 6.564 embeddings_constraint 1.422 template_reg 0.000 similarity_constraint 0.000
====================================================================================================
====================================================================================================
EPOCH 347 DONE | steps 1964 | mean total loss 25.158126 | sum total loss 49410.559 | epoch time 129.9s
EPOCH 347 MEAN COMPONENTS | sdf_constraint_stage1 5.072 sdf_constraint_stage2 5.396 reconstructed_loss 0.443 inter 0.606 normal_constraint 5.624 grad_constraint 6.579 embeddings_constraint 1.437 template_reg 0.000 similarity_constraint 0.000
====================================================================================================
====================================================================================================
EPOCH 348 DONE | steps 1964 | mean total loss 25.019868 | sum total loss 49139.020 | epoch time 129.9s
EPOCH 348 MEAN COMPONENTS | sdf_constraint_stage1 5.036 sdf_constraint_stage2 5.346 reconstructed_loss 0.432 inter 0.605 normal_constraint 5.613 grad_constraint 6.565 embeddings_constraint 1.423 template_reg 0.000 similarity_constraint 0.000
====================================================================================================
====================================================================================================
EPOCH 349 DONE | steps 1964 | mean total loss 25.034659 | sum total loss 49168.070 | epoch time 129.9s
EPOCH 349 MEAN COMPONENTS | sdf_constraint_stage1 5.027 sdf_constraint_stage2 5.350 reconstructed_loss 0.431 inter 0.605 normal_constraint 5.615 grad_constraint 6.564 embeddings_constraint 1.443 template_reg 0.000 similarity_constraint 0.000
====================================================================================================
====================================================================================================
EPOCH 350 DONE | steps 1964 | mean total loss 25.067231 | sum total loss 49232.042 | epoch time 129.9s
EPOCH 350 MEAN COMPONENTS | sdf_constraint_stage1 5.061 sdf_constraint_stage2 5.362 reconstructed_loss 0.431 inter 0.605 normal_constraint 5.615 grad_constraint 6.567 embeddings_constraint 1.427 template_reg 0.000 similarity_constraint 0.000
====================================================================================================
====================================================================================================
EPOCH 351 DONE | steps 1964 | mean total loss 25.049797 | sum total loss 49197.801 | epoch time 130.0s
EPOCH 351 MEAN COMPONENTS | sdf_constraint_stage1 5.037 sdf_constraint_stage2 5.361 reconstructed_loss 0.433 inter 0.606 normal_constraint 5.613 grad_constraint 6.561 embeddings_constraint 1.439 template_reg 0.000 similarity_constraint 0.000
====================================================================================================
====================================================================================================
EPOCH 352 DONE | steps 1964 | mean total loss 25.063986 | sum total loss 49225.668 | epoch time 129.8s
EPOCH 352 MEAN COMPONENTS | sdf_constraint_stage1 5.042 sdf_constraint_stage2 5.356 reconstructed_loss 0.430 inter 0.605 normal_constraint 5.617 grad_constraint 6.564 embeddings_constraint 1.449 template_reg 0.000 similarity_constraint 0.000
====================================================================================================
====================================================================================================
EPOCH 353 DONE | steps 1964 | mean total loss 25.034803 | sum total loss 49168.354 | epoch time 130.1s
EPOCH 353 MEAN COMPONENTS | sdf_constraint_stage1 5.050 sdf_constraint_stage2 5.356 reconstructed_loss 0.433 inter 0.605 normal_constraint 5.606 grad_constraint 6.555 embeddings_constraint 1.430 template_reg 0.000 similarity_constraint 0.000
====================================================================================================
====================================================================================================
EPOCH 354 DONE | steps 1964 | mean total loss 24.945476 | sum total loss 48992.914 | epoch time 130.0s
EPOCH 354 MEAN COMPONENTS | sdf_constraint_stage1 5.014 sdf_constraint_stage2 5.320 reconstructed_loss 0.425 inter 0.605 normal_constraint 5.606 grad_constraint 6.551 embeddings_constraint 1.424 template_reg 0.000 similarity_constraint 0.000
====================================================================================================
====================================================================================================
EPOCH 355 DONE | steps 1964 | mean total loss 24.972042 | sum total loss 49045.091 | epoch time 129.8s
EPOCH 355 MEAN COMPONENTS | sdf_constraint_stage1 5.023 sdf_constraint_stage2 5.340 reconstructed_loss 0.431 inter 0.604 normal_constraint 5.603 grad_constraint 6.546 embeddings_constraint 1.425 template_reg 0.000 similarity_constraint 0.000
====================================================================================================
====================================================================================================
EPOCH 356 DONE | steps 1964 | mean total loss 24.932720 | sum total loss 48967.862 | epoch time 129.8s
EPOCH 356 MEAN COMPONENTS | sdf_constraint_stage1 5.017 sdf_constraint_stage2 5.335 reconstructed_loss 0.430 inter 0.606 normal_constraint 5.594 grad_constraint 6.539 embeddings_constraint 1.412 template_reg 0.000 similarity_constraint 0.000
====================================================================================================
====================================================================================================
EPOCH 357 DONE | steps 1964 | mean total loss 25.002374 | sum total loss 49104.662 | epoch time 129.9s
EPOCH 357 MEAN COMPONENTS | sdf_constraint_stage1 5.048 sdf_constraint_stage2 5.361 reconstructed_loss 0.436 inter 0.605 normal_constraint 5.596 grad_constraint 6.539 embeddings_constraint 1.419 template_reg 0.000 similarity_constraint 0.000
====================================================================================================
====================================================================================================
EPOCH 358 DONE | steps 1964 | mean total loss 25.057158 | sum total loss 49212.259 | epoch time 129.9s
EPOCH 358 MEAN COMPONENTS | sdf_constraint_stage1 5.055 sdf_constraint_stage2 5.370 reconstructed_loss 0.435 inter 0.606 normal_constraint 5.606 grad_constraint 6.549 embeddings_constraint 1.436 template_reg 0.000 similarity_constraint 0.000
====================================================================================================
====================================================================================================
EPOCH 359 DONE | steps 1964 | mean total loss 24.895549 | sum total loss 48894.859 | epoch time 130.0s
EPOCH 359 MEAN COMPONENTS | sdf_constraint_stage1 4.995 sdf_constraint_stage2 5.314 reconstructed_loss 0.428 inter 0.605 normal_constraint 5.588 grad_constraint 6.529 embeddings_constraint 1.436 template_reg 0.000 similarity_constraint 0.000
====================================================================================================
====================================================================================================
EPOCH 360 DONE | steps 1964 | mean total loss 25.007539 | sum total loss 49114.806 | epoch time 129.9s
EPOCH 360 MEAN COMPONENTS | sdf_constraint_stage1 5.033 sdf_constraint_stage2 5.343 reconstructed_loss 0.429 inter 0.604 normal_constraint 5.606 grad_constraint 6.547 embeddings_constraint 1.444 template_reg 0.000 similarity_constraint 0.000
====================================================================================================
====================================================================================================
EPOCH 361 DONE | steps 1964 | mean total loss 24.858320 | sum total loss 48821.741 | epoch time 129.9s
EPOCH 361 MEAN COMPONENTS | sdf_constraint_stage1 4.995 sdf_constraint_stage2 5.306 reconstructed_loss 0.425 inter 0.604 normal_constraint 5.583 grad_constraint 6.523 embeddings_constraint 1.422 template_reg 0.000 similarity_constraint 0.000
====================================================================================================
====================================================================================================
EPOCH 362 DONE | steps 1964 | mean total loss 24.898506 | sum total loss 48900.665 | epoch time 129.8s
EPOCH 362 MEAN COMPONENTS | sdf_constraint_stage1 5.007 sdf_constraint_stage2 5.323 reconstructed_loss 0.428 inter 0.606 normal_constraint 5.589 grad_constraint 6.528 embeddings_constraint 1.418 template_reg 0.000 similarity_constraint 0.000
====================================================================================================
====================================================================================================
EPOCH 363 DONE | steps 1964 | mean total loss 24.916003 | sum total loss 48935.030 | epoch time 129.8s
EPOCH 363 MEAN COMPONENTS | sdf_constraint_stage1 5.010 sdf_constraint_stage2 5.328 reconstructed_loss 0.429 inter 0.604 normal_constraint 5.587 grad_constraint 6.527 embeddings_constraint 1.432 template_reg 0.000 similarity_constraint 0.000
====================================================================================================
====================================================================================================
EPOCH 364 DONE | steps 1964 | mean total loss 24.933016 | sum total loss 48968.443 | epoch time 129.9s
EPOCH 364 MEAN COMPONENTS | sdf_constraint_stage1 5.021 sdf_constraint_stage2 5.332 reconstructed_loss 0.430 inter 0.605 normal_constraint 5.587 grad_constraint 6.527 embeddings_constraint 1.431 template_reg 0.000 similarity_constraint 0.000
====================================================================================================
====================================================================================================
EPOCH 365 DONE | steps 1964 | mean total loss 24.907670 | sum total loss 48918.663 | epoch time 129.9s
EPOCH 365 MEAN COMPONENTS | sdf_constraint_stage1 5.018 sdf_constraint_stage2 5.332 reconstructed_loss 0.429 inter 0.605 normal_constraint 5.580 grad_constraint 6.513 embeddings_constraint 1.429 template_reg 0.000 similarity_constraint 0.000
====================================================================================================
====================================================================================================
EPOCH 366 DONE | steps 1964 | mean total loss 24.794142 | sum total loss 48695.694 | epoch time 129.8s
EPOCH 366 MEAN COMPONENTS | sdf_constraint_stage1 4.972 sdf_constraint_stage2 5.291 reconstructed_loss 0.427 inter 0.604 normal_constraint 5.574 grad_constraint 6.510 embeddings_constraint 1.415 template_reg 0.000 similarity_constraint 0.000
====================================================================================================
====================================================================================================
EPOCH 367 DONE | steps 1964 | mean total loss 24.836505 | sum total loss 48778.896 | epoch time 129.9s
EPOCH 367 MEAN COMPONENTS | sdf_constraint_stage1 4.985 sdf_constraint_stage2 5.302 reconstructed_loss 0.426 inter 0.604 normal_constraint 5.577 grad_constraint 6.512 embeddings_constraint 1.429 template_reg 0.000 similarity_constraint 0.000
====================================================================================================
====================================================================================================
EPOCH 368 DONE | steps 1964 | mean total loss 24.811660 | sum total loss 48730.100 | epoch time 129.9s
EPOCH 368 MEAN COMPONENTS | sdf_constraint_stage1 4.984 sdf_constraint_stage2 5.292 reconstructed_loss 0.420 inter 0.605 normal_constraint 5.577 grad_constraint 6.511 embeddings_constraint 1.422 template_reg 0.000 similarity_constraint 0.000
====================================================================================================
====================================================================================================
EPOCH 369 DONE | steps 1964 | mean total loss 24.845964 | sum total loss 48797.472 | epoch time 129.9s
EPOCH 369 MEAN COMPONENTS | sdf_constraint_stage1 4.990 sdf_constraint_stage2 5.311 reconstructed_loss 0.427 inter 0.605 normal_constraint 5.577 grad_constraint 6.511 embeddings_constraint 1.424 template_reg 0.000 similarity_constraint 0.000
====================================================================================================
====================================================================================================
EPOCH 370 DONE | steps 1964 | mean total loss 24.822289 | sum total loss 48750.976 | epoch time 129.8s
EPOCH 370 MEAN COMPONENTS | sdf_constraint_stage1 4.978 sdf_constraint_stage2 5.301 reconstructed_loss 0.423 inter 0.603 normal_constraint 5.577 grad_constraint 6.510 embeddings_constraint 1.430 template_reg 0.000 similarity_constraint 0.000
====================================================================================================
====================================================================================================
EPOCH 371 DONE | steps 1964 | mean total loss 24.884714 | sum total loss 48873.578 | epoch time 129.7s
EPOCH 371 MEAN COMPONENTS | sdf_constraint_stage1 5.014 sdf_constraint_stage2 5.323 reconstructed_loss 0.431 inter 0.604 normal_constraint 5.576 grad_constraint 6.507 embeddings_constraint 1.430 template_reg 0.000 similarity_constraint 0.000
====================================================================================================
====================================================================================================
EPOCH 372 DONE | steps 1964 | mean total loss 24.791082 | sum total loss 48689.685 | epoch time 129.7s
EPOCH 372 MEAN COMPONENTS | sdf_constraint_stage1 4.976 sdf_constraint_stage2 5.291 reconstructed_loss 0.423 inter 0.604 normal_constraint 5.573 grad_constraint 6.504 embeddings_constraint 1.419 template_reg 0.000 similarity_constraint 0.000
====================================================================================================
====================================================================================================
EPOCH 373 DONE | steps 1964 | mean total loss 24.734702 | sum total loss 48578.956 | epoch time 129.8s
EPOCH 373 MEAN COMPONENTS | sdf_constraint_stage1 4.954 sdf_constraint_stage2 5.289 reconstructed_loss 0.429 inter 0.605 normal_constraint 5.560 grad_constraint 6.488 embeddings_constraint 1.410 template_reg 0.000 similarity_constraint 0.000
====================================================================================================
====================================================================================================
EPOCH 374 DONE | steps 1964 | mean total loss 24.919946 | sum total loss 48942.774 | epoch time 129.8s
EPOCH 374 MEAN COMPONENTS | sdf_constraint_stage1 5.012 sdf_constraint_stage2 5.335 reconstructed_loss 0.432 inter 0.604 normal_constraint 5.579 grad_constraint 6.507 embeddings_constraint 1.450 template_reg 0.000 similarity_constraint 0.000
====================================================================================================
====================================================================================================
EPOCH 375 DONE | steps 1964 | mean total loss 24.870127 | sum total loss 48844.930 | epoch time 129.8s
EPOCH 375 MEAN COMPONENTS | sdf_constraint_stage1 5.021 sdf_constraint_stage2 5.338 reconstructed_loss 0.432 inter 0.605 normal_constraint 5.567 grad_constraint 6.493 embeddings_constraint 1.415 template_reg 0.000 similarity_constraint 0.000
====================================================================================================
====================================================================================================
EPOCH 376 DONE | steps 1964 | mean total loss 24.770221 | sum total loss 48648.713 | epoch time 129.8s
EPOCH 376 MEAN COMPONENTS | sdf_constraint_stage1 4.970 sdf_constraint_stage2 5.300 reconstructed_loss 0.428 inter 0.605 normal_constraint 5.559 grad_constraint 6.486 embeddings_constraint 1.422 template_reg 0.000 similarity_constraint 0.000
====================================================================================================
====================================================================================================
EPOCH 377 DONE | steps 1964 | mean total loss 24.788282 | sum total loss 48684.187 | epoch time 129.8s
EPOCH 377 MEAN COMPONENTS | sdf_constraint_stage1 4.984 sdf_constraint_stage2 5.301 reconstructed_loss 0.425 inter 0.604 normal_constraint 5.561 grad_constraint 6.488 embeddings_constraint 1.424 template_reg 0.000 similarity_constraint 0.000
====================================================================================================
====================================================================================================
EPOCH 378 DONE | steps 1964 | mean total loss 24.690206 | sum total loss 48491.565 | epoch time 129.7s
EPOCH 378 MEAN COMPONENTS | sdf_constraint_stage1 4.951 sdf_constraint_stage2 5.272 reconstructed_loss 0.424 inter 0.603 normal_constraint 5.552 grad_constraint 6.478 embeddings_constraint 1.410 template_reg 0.000 similarity_constraint 0.000
====================================================================================================
====================================================================================================
EPOCH 379 DONE | steps 1964 | mean total loss 24.761356 | sum total loss 48631.304 | epoch time 129.7s
EPOCH 379 MEAN COMPONENTS | sdf_constraint_stage1 4.967 sdf_constraint_stage2 5.294 reconstructed_loss 0.427 inter 0.604 normal_constraint 5.562 grad_constraint 6.487 embeddings_constraint 1.421 template_reg 0.000 similarity_constraint 0.000
====================================================================================================
====================================================================================================
EPOCH 380 DONE | steps 1964 | mean total loss 24.782003 | sum total loss 48671.853 | epoch time 129.8s
EPOCH 380 MEAN COMPONENTS | sdf_constraint_stage1 4.991 sdf_constraint_stage2 5.308 reconstructed_loss 0.428 inter 0.604 normal_constraint 5.556 grad_constraint 6.480 embeddings_constraint 1.414 template_reg 0.000 similarity_constraint 0.000
====================================================================================================
====================================================================================================
EPOCH 381 DONE | steps 1964 | mean total loss 24.644421 | sum total loss 48401.642 | epoch time 129.8s
EPOCH 381 MEAN COMPONENTS | sdf_constraint_stage1 4.937 sdf_constraint_stage2 5.260 reconstructed_loss 0.423 inter 0.604 normal_constraint 5.544 grad_constraint 6.464 embeddings_constraint 1.412 template_reg 0.000 similarity_constraint 0.000
====================================================================================================
====================================================================================================
EPOCH 382 DONE | steps 1964 | mean total loss 24.723502 | sum total loss 48556.958 | epoch time 129.7s
EPOCH 382 MEAN COMPONENTS | sdf_constraint_stage1 4.966 sdf_constraint_stage2 5.288 reconstructed_loss 0.425 inter 0.603 normal_constraint 5.555 grad_constraint 6.480 embeddings_constraint 1.406 template_reg 0.000 similarity_constraint 0.000
====================================================================================================
====================================================================================================
EPOCH 383 DONE | steps 1964 | mean total loss 24.738514 | sum total loss 48586.442 | epoch time 129.7s
EPOCH 383 MEAN COMPONENTS | sdf_constraint_stage1 4.975 sdf_constraint_stage2 5.295 reconstructed_loss 0.426 inter 0.603 normal_constraint 5.549 grad_constraint 6.471 embeddings_constraint 1.419 template_reg 0.000 similarity_constraint 0.000
====================================================================================================
====================================================================================================
EPOCH 384 DONE | steps 1964 | mean total loss 24.696473 | sum total loss 48503.872 | epoch time 129.8s
EPOCH 384 MEAN COMPONENTS | sdf_constraint_stage1 4.965 sdf_constraint_stage2 5.281 reconstructed_loss 0.424 inter 0.604 normal_constraint 5.547 grad_constraint 6.466 embeddings_constraint 1.408 template_reg 0.000 similarity_constraint 0.000
====================================================================================================
====================================================================================================
EPOCH 385 DONE | steps 1964 | mean total loss 24.587148 | sum total loss 48289.159 | epoch time 129.8s
EPOCH 385 MEAN COMPONENTS | sdf_constraint_stage1 4.912 sdf_constraint_stage2 5.241 reconstructed_loss 0.417 inter 0.606 normal_constraint 5.541 grad_constraint 6.461 embeddings_constraint 1.408 template_reg 0.000 similarity_constraint 0.000
====================================================================================================
====================================================================================================
EPOCH 386 DONE | steps 1964 | mean total loss 24.754891 | sum total loss 48618.606 | epoch time 129.0s
EPOCH 386 MEAN COMPONENTS | sdf_constraint_stage1 4.982 sdf_constraint_stage2 5.298 reconstructed_loss 0.426 inter 0.605 normal_constraint 5.554 grad_constraint 6.475 embeddings_constraint 1.416 template_reg 0.000 similarity_constraint 0.000
====================================================================================================
====================================================================================================
EPOCH 387 DONE | steps 1964 | mean total loss 24.562777 | sum total loss 48241.294 | epoch time 128.9s
EPOCH 387 MEAN COMPONENTS | sdf_constraint_stage1 4.907 sdf_constraint_stage2 5.242 reconstructed_loss 0.419 inter 0.603 normal_constraint 5.533 grad_constraint 6.448 embeddings_constraint 1.410 template_reg 0.000 similarity_constraint 0.000
====================================================================================================
====================================================================================================
EPOCH 388 DONE | steps 1964 | mean total loss 24.623737 | sum total loss 48361.020 | epoch time 128.8s
EPOCH 388 MEAN COMPONENTS | sdf_constraint_stage1 4.924 sdf_constraint_stage2 5.252 reconstructed_loss 0.422 inter 0.603 normal_constraint 5.542 grad_constraint 6.458 embeddings_constraint 1.422 template_reg 0.000 similarity_constraint 0.000
====================================================================================================
====================================================================================================
EPOCH 389 DONE | steps 1964 | mean total loss 24.745654 | sum total loss 48600.464 | epoch time 128.9s
EPOCH 389 MEAN COMPONENTS | sdf_constraint_stage1 4.985 sdf_constraint_stage2 5.306 reconstructed_loss 0.428 inter 0.604 normal_constraint 5.545 grad_constraint 6.462 embeddings_constraint 1.416 template_reg 0.000 similarity_constraint 0.000
====================================================================================================
====================================================================================================
EPOCH 390 DONE | steps 1964 | mean total loss 24.642074 | sum total loss 48397.034 | epoch time 128.8s
EPOCH 390 MEAN COMPONENTS | sdf_constraint_stage1 4.932 sdf_constraint_stage2 5.266 reconstructed_loss 0.424 inter 0.603 normal_constraint 5.538 grad_constraint 6.454 embeddings_constraint 1.426 template_reg 0.000 similarity_constraint 0.000
====================================================================================================
====================================================================================================
EPOCH 391 DONE | steps 1964 | mean total loss 24.629065 | sum total loss 48371.484 | epoch time 129.0s
EPOCH 391 MEAN COMPONENTS | sdf_constraint_stage1 4.953 sdf_constraint_stage2 5.263 reconstructed_loss 0.420 inter 0.603 normal_constraint 5.537 grad_constraint 6.455 embeddings_constraint 1.398 template_reg 0.000 similarity_constraint 0.000
====================================================================================================
====================================================================================================
EPOCH 392 DONE | steps 1964 | mean total loss 24.590607 | sum total loss 48295.953 | epoch time 128.9s
EPOCH 392 MEAN COMPONENTS | sdf_constraint_stage1 4.915 sdf_constraint_stage2 5.252 reconstructed_loss 0.421 inter 0.605 normal_constraint 5.532 grad_constraint 6.444 embeddings_constraint 1.421 template_reg 0.000 similarity_constraint 0.000
====================================================================================================
====================================================================================================
EPOCH 393 DONE | steps 1964 | mean total loss 24.557835 | sum total loss 48231.588 | epoch time 128.9s
EPOCH 393 MEAN COMPONENTS | sdf_constraint_stage1 4.929 sdf_constraint_stage2 5.252 reconstructed_loss 0.423 inter 0.602 normal_constraint 5.524 grad_constraint 6.439 embeddings_constraint 1.387 template_reg 0.000 similarity_constraint 0.000
====================================================================================================
====================================================================================================
EPOCH 394 DONE | steps 1964 | mean total loss 24.719107 | sum total loss 48548.327 | epoch time 128.8s
EPOCH 394 MEAN COMPONENTS | sdf_constraint_stage1 4.971 sdf_constraint_stage2 5.294 reconstructed_loss 0.427 inter 0.603 normal_constraint 5.543 grad_constraint 6.456 embeddings_constraint 1.424 template_reg 0.000 similarity_constraint 0.000
====================================================================================================
====================================================================================================
EPOCH 395 DONE | steps 1964 | mean total loss 24.559123 | sum total loss 48234.118 | epoch time 128.8s
EPOCH 395 MEAN COMPONENTS | sdf_constraint_stage1 4.917 sdf_constraint_stage2 5.248 reconstructed_loss 0.420 inter 0.603 normal_constraint 5.524 grad_constraint 6.434 embeddings_constraint 1.413 template_reg 0.000 similarity_constraint 0.000
====================================================================================================
====================================================================================================
EPOCH 396 DONE | steps 1964 | mean total loss 24.589544 | sum total loss 48293.865 | epoch time 129.0s
EPOCH 396 MEAN COMPONENTS | sdf_constraint_stage1 4.931 sdf_constraint_stage2 5.257 reconstructed_loss 0.420 inter 0.604 normal_constraint 5.529 grad_constraint 6.441 embeddings_constraint 1.406 template_reg 0.000 similarity_constraint 0.000
====================================================================================================
====================================================================================================
EPOCH 397 DONE | steps 1964 | mean total loss 24.654222 | sum total loss 48420.892 | epoch time 128.9s
EPOCH 397 MEAN COMPONENTS | sdf_constraint_stage1 4.966 sdf_constraint_stage2 5.285 reconstructed_loss 0.424 inter 0.604 normal_constraint 5.525 grad_constraint 6.436 embeddings_constraint 1.413 template_reg 0.000 similarity_constraint 0.000
====================================================================================================
====================================================================================================
EPOCH 398 DONE | steps 1964 | mean total loss 24.578244 | sum total loss 48271.671 | epoch time 129.0s
EPOCH 398 MEAN COMPONENTS | sdf_constraint_stage1 4.932 sdf_constraint_stage2 5.270 reconstructed_loss 0.428 inter 0.603 normal_constraint 5.521 grad_constraint 6.433 embeddings_constraint 1.390 template_reg 0.000 similarity_constraint 0.000
====================================================================================================
====================================================================================================
EPOCH 399 DONE | steps 1964 | mean total loss 24.465783 | sum total loss 48050.798 | epoch time 129.1s
EPOCH 399 MEAN COMPONENTS | sdf_constraint_stage1 4.889 sdf_constraint_stage2 5.209 reconstructed_loss 0.416 inter 0.603 normal_constraint 5.515 grad_constraint 6.425 embeddings_constraint 1.409 template_reg 0.000 similarity_constraint 0.000
====================================================================================================
====================================================================================================
EPOCH 400 DONE | steps 1964 | mean total loss 24.603493 | sum total loss 48321.260 | epoch time 129.1s
EPOCH 400 MEAN COMPONENTS | sdf_constraint_stage1 4.946 sdf_constraint_stage2 5.267 reconstructed_loss 0.421 inter 0.603 normal_constraint 5.525 grad_constraint 6.435 embeddings_constraint 1.407 template_reg 0.000 similarity_constraint 0.000
====================================================================================================
====================================================================================================
EPOCH 401 DONE | steps 1964 | mean total loss 24.567788 | sum total loss 48251.136 | epoch time 129.0s
EPOCH 401 MEAN COMPONENTS | sdf_constraint_stage1 4.930 sdf_constraint_stage2 5.263 reconstructed_loss 0.425 inter 0.605 normal_constraint 5.518 grad_constraint 6.426 embeddings_constraint 1.401 template_reg 0.000 similarity_constraint 0.000
====================================================================================================
====================================================================================================
EPOCH 402 DONE | steps 1964 | mean total loss 24.549226 | sum total loss 48214.680 | epoch time 128.6s
EPOCH 402 MEAN COMPONENTS | sdf_constraint_stage1 4.924 sdf_constraint_stage2 5.262 reconstructed_loss 0.426 inter 0.603 normal_constraint 5.514 grad_constraint 6.420 embeddings_constraint 1.400 template_reg 0.000 similarity_constraint 0.000
====================================================================================================
====================================================================================================
EPOCH 403 DONE | steps 1964 | mean total loss 24.524531 | sum total loss 48166.179 | epoch time 129.0s
EPOCH 403 MEAN COMPONENTS | sdf_constraint_stage1 4.904 sdf_constraint_stage2 5.248 reconstructed_loss 0.423 inter 0.603 normal_constraint 5.512 grad_constraint 6.419 embeddings_constraint 1.416 template_reg 0.000 similarity_constraint 0.000
====================================================================================================
====================================================================================================
EPOCH 404 DONE | steps 1964 | mean total loss 24.444958 | sum total loss 48009.897 | epoch time 128.9s
EPOCH 404 MEAN COMPONENTS | sdf_constraint_stage1 4.886 sdf_constraint_stage2 5.212 reconstructed_loss 0.415 inter 0.603 normal_constraint 5.511 grad_constraint 6.415 embeddings_constraint 1.402 template_reg 0.000 similarity_constraint 0.000
====================================================================================================
====================================================================================================
EPOCH 405 DONE | steps 1964 | mean total loss 24.502532 | sum total loss 48122.974 | epoch time 128.9s
EPOCH 405 MEAN COMPONENTS | sdf_constraint_stage1 4.923 sdf_constraint_stage2 5.248 reconstructed_loss 0.423 inter 0.603 normal_constraint 5.508 grad_constraint 6.413 embeddings_constraint 1.385 template_reg 0.000 similarity_constraint 0.000
====================================================================================================
====================================================================================================
EPOCH 406 DONE | steps 1964 | mean total loss 24.587101 | sum total loss 48289.066 | epoch time 128.9s
EPOCH 406 MEAN COMPONENTS | sdf_constraint_stage1 4.943 sdf_constraint_stage2 5.269 reconstructed_loss 0.426 inter 0.604 normal_constraint 5.515 grad_constraint 6.421 embeddings_constraint 1.409 template_reg 0.000 similarity_constraint 0.000
====================================================================================================
====================================================================================================
EPOCH 407 DONE | steps 1964 | mean total loss 24.541477 | sum total loss 48199.461 | epoch time 128.8s
EPOCH 407 MEAN COMPONENTS | sdf_constraint_stage1 4.918 sdf_constraint_stage2 5.258 reconstructed_loss 0.423 inter 0.603 normal_constraint 5.512 grad_constraint 6.413 embeddings_constraint 1.414 template_reg 0.000 similarity_constraint 0.000
====================================================================================================
====================================================================================================
EPOCH 408 DONE | steps 1964 | mean total loss 24.511055 | sum total loss 48139.711 | epoch time 129.0s
EPOCH 408 MEAN COMPONENTS | sdf_constraint_stage1 4.923 sdf_constraint_stage2 5.249 reconstructed_loss 0.422 inter 0.604 normal_constraint 5.509 grad_constraint 6.413 embeddings_constraint 1.391 template_reg 0.000 similarity_constraint 0.000
====================================================================================================
====================================================================================================
EPOCH 409 DONE | steps 1964 | mean total loss 24.501180 | sum total loss 48120.317 | epoch time 129.0s
EPOCH 409 MEAN COMPONENTS | sdf_constraint_stage1 4.903 sdf_constraint_stage2 5.238 reconstructed_loss 0.419 inter 0.604 normal_constraint 5.506 grad_constraint 6.408 embeddings_constraint 1.423 template_reg 0.000 similarity_constraint 0.000
====================================================================================================
====================================================================================================
EPOCH 410 DONE | steps 1964 | mean total loss 24.517460 | sum total loss 48152.291 | epoch time 129.1s
EPOCH 410 MEAN COMPONENTS | sdf_constraint_stage1 4.908 sdf_constraint_stage2 5.246 reconstructed_loss 0.422 inter 0.603 normal_constraint 5.509 grad_constraint 6.409 embeddings_constraint 1.420 template_reg 0.000 similarity_constraint 0.000
====================================================================================================
====================================================================================================
EPOCH 411 DONE | steps 1964 | mean total loss 24.445145 | sum total loss 48010.264 | epoch time 128.9s
EPOCH 411 MEAN COMPONENTS | sdf_constraint_stage1 4.899 sdf_constraint_stage2 5.233 reconstructed_loss 0.421 inter 0.604 normal_constraint 5.499 grad_constraint 6.400 embeddings_constraint 1.388 template_reg 0.000 similarity_constraint 0.000
====================================================================================================
====================================================================================================
EPOCH 412 DONE | steps 1964 | mean total loss 24.487289 | sum total loss 48093.037 | epoch time 129.1s
EPOCH 412 MEAN COMPONENTS | sdf_constraint_stage1 4.905 sdf_constraint_stage2 5.242 reconstructed_loss 0.420 inter 0.603 normal_constraint 5.503 grad_constraint 6.401 embeddings_constraint 1.412 template_reg 0.000 similarity_constraint 0.000
====================================================================================================
====================================================================================================
EPOCH 413 DONE | steps 1964 | mean total loss 24.494023 | sum total loss 48106.260 | epoch time 129.0s
EPOCH 413 MEAN COMPONENTS | sdf_constraint_stage1 4.926 sdf_constraint_stage2 5.252 reconstructed_loss 0.422 inter 0.604 normal_constraint 5.499 grad_constraint 6.400 embeddings_constraint 1.391 template_reg 0.000 similarity_constraint 0.000
====================================================================================================
====================================================================================================
EPOCH 414 DONE | steps 1964 | mean total loss 24.403659 | sum total loss 47928.786 | epoch time 129.0s
EPOCH 414 MEAN COMPONENTS | sdf_constraint_stage1 4.876 sdf_constraint_stage2 5.205 reconstructed_loss 0.414 inter 0.601 normal_constraint 5.498 grad_constraint 6.397 embeddings_constraint 1.412 template_reg 0.000 similarity_constraint 0.000
====================================================================================================
====================================================================================================
EPOCH 415 DONE | steps 1964 | mean total loss 24.501938 | sum total loss 48121.806 | epoch time 129.0s
EPOCH 415 MEAN COMPONENTS | sdf_constraint_stage1 4.916 sdf_constraint_stage2 5.248 reconstructed_loss 0.423 inter 0.603 normal_constraint 5.502 grad_constraint 6.402 embeddings_constraint 1.408 template_reg 0.000 similarity_constraint 0.000
====================================================================================================
====================================================================================================
EPOCH 416 DONE | steps 1964 | mean total loss 24.412847 | sum total loss 47946.832 | epoch time 129.0s
EPOCH 416 MEAN COMPONENTS | sdf_constraint_stage1 4.883 sdf_constraint_stage2 5.225 reconstructed_loss 0.421 inter 0.601 normal_constraint 5.491 grad_constraint 6.389 embeddings_constraint 1.402 template_reg 0.000 similarity_constraint 0.000
====================================================================================================
====================================================================================================
EPOCH 417 DONE | steps 1964 | mean total loss 24.421765 | sum total loss 47964.346 | epoch time 129.0s
EPOCH 417 MEAN COMPONENTS | sdf_constraint_stage1 4.889 sdf_constraint_stage2 5.223 reconstructed_loss 0.415 inter 0.603 normal_constraint 5.495 grad_constraint 6.393 embeddings_constraint 1.403 template_reg 0.000 similarity_constraint 0.000
====================================================================================================
====================================================================================================
EPOCH 418 DONE | steps 1964 | mean total loss 24.413903 | sum total loss 47948.905 | epoch time 129.1s
EPOCH 418 MEAN COMPONENTS | sdf_constraint_stage1 4.883 sdf_constraint_stage2 5.224 reconstructed_loss 0.421 inter 0.603 normal_constraint 5.488 grad_constraint 6.383 embeddings_constraint 1.411 template_reg 0.000 similarity_constraint 0.000
====================================================================================================
====================================================================================================
EPOCH 419 DONE | steps 1964 | mean total loss 24.284448 | sum total loss 47694.656 | epoch time 129.0s
EPOCH 419 MEAN COMPONENTS | sdf_constraint_stage1 4.846 sdf_constraint_stage2 5.190 reconstructed_loss 0.416 inter 0.605 normal_constraint 5.483 grad_constraint 6.377 embeddings_constraint 1.368 template_reg 0.000 similarity_constraint 0.000
====================================================================================================
====================================================================================================
EPOCH 420 DONE | steps 1964 | mean total loss 24.549946 | sum total loss 48216.095 | epoch time 129.1s
EPOCH 420 MEAN COMPONENTS | sdf_constraint_stage1 4.946 sdf_constraint_stage2 5.263 reconstructed_loss 0.423 inter 0.604 normal_constraint 5.500 grad_constraint 6.396 embeddings_constraint 1.418 template_reg 0.000 similarity_constraint 0.000
====================================================================================================
====================================================================================================
EPOCH 421 DONE | steps 1964 | mean total loss 24.323745 | sum total loss 47771.836 | epoch time 128.7s
EPOCH 421 MEAN COMPONENTS | sdf_constraint_stage1 4.864 sdf_constraint_stage2 5.198 reconstructed_loss 0.417 inter 0.604 normal_constraint 5.480 grad_constraint 6.372 embeddings_constraint 1.389 template_reg 0.000 similarity_constraint 0.000
====================================================================================================
====================================================================================================
EPOCH 422 DONE | steps 1964 | mean total loss 24.380621 | sum total loss 47883.540 | epoch time 129.0s
EPOCH 422 MEAN COMPONENTS | sdf_constraint_stage1 4.881 sdf_constraint_stage2 5.223 reconstructed_loss 0.420 inter 0.604 normal_constraint 5.486 grad_constraint 6.379 embeddings_constraint 1.388 template_reg 0.000 similarity_constraint 0.000
====================================================================================================
====================================================================================================
EPOCH 423 DONE | steps 1964 | mean total loss 24.377530 | sum total loss 47877.469 | epoch time 128.9s
EPOCH 423 MEAN COMPONENTS | sdf_constraint_stage1 4.875 sdf_constraint_stage2 5.201 reconstructed_loss 0.414 inter 0.602 normal_constraint 5.486 grad_constraint 6.380 embeddings_constraint 1.419 template_reg 0.000 similarity_constraint 0.000
====================================================================================================
====================================================================================================
EPOCH 424 DONE | steps 1964 | mean total loss 24.330757 | sum total loss 47785.606 | epoch time 128.9s
EPOCH 424 MEAN COMPONENTS | sdf_constraint_stage1 4.860 sdf_constraint_stage2 5.194 reconstructed_loss 0.415 inter 0.602 normal_constraint 5.484 grad_constraint 6.377 embeddings_constraint 1.398 template_reg 0.000 similarity_constraint 0.000
====================================================================================================
====================================================================================================
EPOCH 425 DONE | steps 1964 | mean total loss 24.341316 | sum total loss 47806.346 | epoch time 128.9s
EPOCH 425 MEAN COMPONENTS | sdf_constraint_stage1 4.868 sdf_constraint_stage2 5.203 reconstructed_loss 0.417 inter 0.603 normal_constraint 5.482 grad_constraint 6.373 embeddings_constraint 1.395 template_reg 0.000 similarity_constraint 0.000
====================================================================================================
====================================================================================================
EPOCH 426 DONE | steps 1964 | mean total loss 24.441255 | sum total loss 48002.625 | epoch time 129.0s
EPOCH 426 MEAN COMPONENTS | sdf_constraint_stage1 4.916 sdf_constraint_stage2 5.250 reconstructed_loss 0.423 inter 0.604 normal_constraint 5.485 grad_constraint 6.376 embeddings_constraint 1.387 template_reg 0.000 similarity_constraint 0.000
====================================================================================================
====================================================================================================
EPOCH 427 DONE | steps 1964 | mean total loss 24.261690 | sum total loss 47649.960 | epoch time 129.0s
EPOCH 427 MEAN COMPONENTS | sdf_constraint_stage1 4.834 sdf_constraint_stage2 5.176 reconstructed_loss 0.414 inter 0.603 normal_constraint 5.475 grad_constraint 6.364 embeddings_constraint 1.395 template_reg 0.000 similarity_constraint 0.000
====================================================================================================
====================================================================================================
EPOCH 428 DONE | steps 1964 | mean total loss 24.348808 | sum total loss 47821.060 | epoch time 129.1s
EPOCH 428 MEAN COMPONENTS | sdf_constraint_stage1 4.877 sdf_constraint_stage2 5.212 reconstructed_loss 0.417 inter 0.602 normal_constraint 5.478 grad_constraint 6.367 embeddings_constraint 1.397 template_reg 0.000 similarity_constraint 0.000
====================================================================================================
====================================================================================================
EPOCH 429 DONE | steps 1964 | mean total loss 24.263688 | sum total loss 47653.883 | epoch time 128.9s
EPOCH 429 MEAN COMPONENTS | sdf_constraint_stage1 4.851 sdf_constraint_stage2 5.180 reconstructed_loss 0.412 inter 0.603 normal_constraint 5.473 grad_constraint 6.362 embeddings_constraint 1.382 template_reg 0.000 similarity_constraint 0.000
====================================================================================================
====================================================================================================
EPOCH 430 DONE | steps 1964 | mean total loss 24.455298 | sum total loss 48030.205 | epoch time 128.9s
EPOCH 430 MEAN COMPONENTS | sdf_constraint_stage1 4.911 sdf_constraint_stage2 5.238 reconstructed_loss 0.423 inter 0.602 normal_constraint 5.486 grad_constraint 6.374 embeddings_constraint 1.421 template_reg 0.000 similarity_constraint 0.000
====================================================================================================
====================================================================================================
EPOCH 431 DONE | steps 1964 | mean total loss 24.221685 | sum total loss 47571.390 | epoch time 129.0s
EPOCH 431 MEAN COMPONENTS | sdf_constraint_stage1 4.827 sdf_constraint_stage2 5.165 reconstructed_loss 0.412 inter 0.603 normal_constraint 5.469 grad_constraint 6.354 embeddings_constraint 1.392 template_reg 0.000 similarity_constraint 0.000
====================================================================================================
====================================================================================================
EPOCH 432 DONE | steps 1964 | mean total loss 24.416921 | sum total loss 47954.833 | epoch time 128.8s
EPOCH 432 MEAN COMPONENTS | sdf_constraint_stage1 4.911 sdf_constraint_stage2 5.238 reconstructed_loss 0.421 inter 0.603 normal_constraint 5.476 grad_constraint 6.363 embeddings_constraint 1.404 template_reg 0.000 similarity_constraint 0.000
====================================================================================================
====================================================================================================
EPOCH 433 DONE | steps 1964 | mean total loss 24.304014 | sum total loss 47733.083 | epoch time 128.8s
EPOCH 433 MEAN COMPONENTS | sdf_constraint_stage1 4.869 sdf_constraint_stage2 5.205 reconstructed_loss 0.417 inter 0.602 normal_constraint 5.469 grad_constraint 6.350 embeddings_constraint 1.392 template_reg 0.000 similarity_constraint 0.000
====================================================================================================
====================================================================================================
EPOCH 434 DONE | steps 1964 | mean total loss 24.190402 | sum total loss 47509.949 | epoch time 128.9s
EPOCH 434 MEAN COMPONENTS | sdf_constraint_stage1 4.829 sdf_constraint_stage2 5.166 reconstructed_loss 0.412 inter 0.602 normal_constraint 5.460 grad_constraint 6.345 embeddings_constraint 1.376 template_reg 0.000 similarity_constraint 0.000
====================================================================================================
====================================================================================================
EPOCH 435 DONE | steps 1964 | mean total loss 24.219265 | sum total loss 47566.637 | epoch time 128.6s
EPOCH 435 MEAN COMPONENTS | sdf_constraint_stage1 4.835 sdf_constraint_stage2 5.168 reconstructed_loss 0.412 inter 0.602 normal_constraint 5.465 grad_constraint 6.349 embeddings_constraint 1.388 template_reg 0.000 similarity_constraint 0.000
====================================================================================================
====================================================================================================
EPOCH 436 DONE | steps 1964 | mean total loss 24.194693 | sum total loss 47518.378 | epoch time 129.1s
EPOCH 436 MEAN COMPONENTS | sdf_constraint_stage1 4.818 sdf_constraint_stage2 5.170 reconstructed_loss 0.413 inter 0.602 normal_constraint 5.462 grad_constraint 6.344 embeddings_constraint 1.386 template_reg 0.000 similarity_constraint 0.000
====================================================================================================
====================================================================================================
EPOCH 437 DONE | steps 1964 | mean total loss 24.388186 | sum total loss 47898.398 | epoch time 129.0s
EPOCH 437 MEAN COMPONENTS | sdf_constraint_stage1 4.901 sdf_constraint_stage2 5.233 reconstructed_loss 0.421 inter 0.601 normal_constraint 5.472 grad_constraint 6.357 embeddings_constraint 1.402 template_reg 0.000 similarity_constraint 0.000
====================================================================================================
====================================================================================================
EPOCH 438 DONE | steps 1964 | mean total loss 24.124936 | sum total loss 47381.374 | epoch time 128.9s
EPOCH 438 MEAN COMPONENTS | sdf_constraint_stage1 4.810 sdf_constraint_stage2 5.161 reconstructed_loss 0.415 inter 0.602 normal_constraint 5.448 grad_constraint 6.327 embeddings_constraint 1.361 template_reg 0.000 similarity_constraint 0.000
====================================================================================================
====================================================================================================
EPOCH 439 DONE | steps 1964 | mean total loss 24.320531 | sum total loss 47765.523 | epoch time 129.0s
EPOCH 439 MEAN COMPONENTS | sdf_constraint_stage1 4.877 sdf_constraint_stage2 5.225 reconstructed_loss 0.421 inter 0.603 normal_constraint 5.460 grad_constraint 6.344 embeddings_constraint 1.390 template_reg 0.000 similarity_constraint 0.000
====================================================================================================
====================================================================================================
EPOCH 440 DONE | steps 1964 | mean total loss 24.189676 | sum total loss 47508.524 | epoch time 128.9s
EPOCH 440 MEAN COMPONENTS | sdf_constraint_stage1 4.835 sdf_constraint_stage2 5.170 reconstructed_loss 0.413 inter 0.602 normal_constraint 5.455 grad_constraint 6.338 embeddings_constraint 1.376 template_reg 0.000 similarity_constraint 0.000
====================================================================================================
====================================================================================================
EPOCH 441 DONE | steps 1964 | mean total loss 24.109257 | sum total loss 47350.581 | epoch time 128.9s
EPOCH 441 MEAN COMPONENTS | sdf_constraint_stage1 4.806 sdf_constraint_stage2 5.150 reconstructed_loss 0.410 inter 0.602 normal_constraint 5.449 grad_constraint 6.326 embeddings_constraint 1.367 template_reg 0.000 similarity_constraint 0.000
====================================================================================================
====================================================================================================
EPOCH 442 DONE | steps 1964 | mean total loss 24.321659 | sum total loss 47767.739 | epoch time 128.6s
EPOCH 442 MEAN COMPONENTS | sdf_constraint_stage1 4.892 sdf_constraint_stage2 5.222 reconstructed_loss 0.419 inter 0.602 normal_constraint 5.457 grad_constraint 6.337 embeddings_constraint 1.392 template_reg 0.000 similarity_constraint 0.000
====================================================================================================
====================================================================================================
EPOCH 443 DONE | steps 1964 | mean total loss 24.158123 | sum total loss 47446.554 | epoch time 128.6s
EPOCH 443 MEAN COMPONENTS | sdf_constraint_stage1 4.804 sdf_constraint_stage2 5.153 reconstructed_loss 0.411 inter 0.602 normal_constraint 5.457 grad_constraint 6.334 embeddings_constraint 1.396 template_reg 0.000 similarity_constraint 0.000
====================================================================================================
====================================================================================================
EPOCH 444 DONE | steps 1964 | mean total loss 24.280136 | sum total loss 47686.186 | epoch time 128.7s
EPOCH 444 MEAN COMPONENTS | sdf_constraint_stage1 4.872 sdf_constraint_stage2 5.203 reconstructed_loss 0.415 inter 0.603 normal_constraint 5.458 grad_constraint 6.337 embeddings_constraint 1.391 template_reg 0.000 similarity_constraint 0.000
====================================================================================================
====================================================================================================
EPOCH 445 DONE | steps 1964 | mean total loss 24.087748 | sum total loss 47308.337 | epoch time 128.8s
EPOCH 445 MEAN COMPONENTS | sdf_constraint_stage1 4.798 sdf_constraint_stage2 5.150 reconstructed_loss 0.409 inter 0.603 normal_constraint 5.440 grad_constraint 6.317 embeddings_constraint 1.372 template_reg 0.000 similarity_constraint 0.000
====================================================================================================
====================================================================================================
EPOCH 446 DONE | steps 1964 | mean total loss 24.203925 | sum total loss 47536.509 | epoch time 129.1s
EPOCH 446 MEAN COMPONENTS | sdf_constraint_stage1 4.833 sdf_constraint_stage2 5.166 reconstructed_loss 0.410 inter 0.602 normal_constraint 5.457 grad_constraint 6.335 embeddings_constraint 1.400 template_reg 0.000 similarity_constraint 0.000
====================================================================================================
====================================================================================================
EPOCH 447 DONE | steps 1964 | mean total loss 24.176347 | sum total loss 47482.345 | epoch time 129.0s
EPOCH 447 MEAN COMPONENTS | sdf_constraint_stage1 4.834 sdf_constraint_stage2 5.176 reconstructed_loss 0.414 inter 0.601 normal_constraint 5.445 grad_constraint 6.325 embeddings_constraint 1.382 template_reg 0.000 similarity_constraint 0.000
====================================================================================================
====================================================================================================
EPOCH 448 DONE | steps 1964 | mean total loss 24.150169 | sum total loss 47430.931 | epoch time 128.9s
EPOCH 448 MEAN COMPONENTS | sdf_constraint_stage1 4.816 sdf_constraint_stage2 5.153 reconstructed_loss 0.411 inter 0.602 normal_constraint 5.452 grad_constraint 6.328 embeddings_constraint 1.388 template_reg 0.000 similarity_constraint 0.000
====================================================================================================
====================================================================================================
EPOCH 449 DONE | steps 1964 | mean total loss 24.148293 | sum total loss 47427.247 | epoch time 128.9s
EPOCH 449 MEAN COMPONENTS | sdf_constraint_stage1 4.828 sdf_constraint_stage2 5.187 reconstructed_loss 0.418 inter 0.601 normal_constraint 5.436 grad_constraint 6.310 embeddings_constraint 1.368 template_reg 0.000 similarity_constraint 0.000
====================================================================================================
====================================================================================================
EPOCH 450 DONE | steps 1964 | mean total loss 24.141125 | sum total loss 47413.169 | epoch time 128.9s
EPOCH 450 MEAN COMPONENTS | sdf_constraint_stage1 4.820 sdf_constraint_stage2 5.146 reconstructed_loss 0.408 inter 0.602 normal_constraint 5.449 grad_constraint 6.322 embeddings_constraint 1.394 template_reg 0.000 similarity_constraint 0.000
====================================================================================================
====================================================================================================
EPOCH 451 DONE | steps 1964 | mean total loss 24.176633 | sum total loss 47482.907 | epoch time 129.0s
EPOCH 451 MEAN COMPONENTS | sdf_constraint_stage1 4.831 sdf_constraint_stage2 5.174 reconstructed_loss 0.414 inter 0.603 normal_constraint 5.447 grad_constraint 6.321 embeddings_constraint 1.387 template_reg 0.000 similarity_constraint 0.000
====================================================================================================
====================================================================================================
EPOCH 452 DONE | steps 1964 | mean total loss 24.162946 | sum total loss 47456.027 | epoch time 128.9s
EPOCH 452 MEAN COMPONENTS | sdf_constraint_stage1 4.831 sdf_constraint_stage2 5.170 reconstructed_loss 0.414 inter 0.603 normal_constraint 5.445 grad_constraint 6.318 embeddings_constraint 1.383 template_reg 0.000 similarity_constraint 0.000
====================================================================================================
====================================================================================================
EPOCH 453 DONE | steps 1964 | mean total loss 24.071348 | sum total loss 47276.128 | epoch time 129.1s
EPOCH 453 MEAN COMPONENTS | sdf_constraint_stage1 4.804 sdf_constraint_stage2 5.142 reconstructed_loss 0.412 inter 0.603 normal_constraint 5.435 grad_constraint 6.306 embeddings_constraint 1.369 template_reg 0.000 similarity_constraint 0.000
====================================================================================================
====================================================================================================
EPOCH 454 DONE | steps 1964 | mean total loss 24.015438 | sum total loss 47166.319 | epoch time 128.8s
EPOCH 454 MEAN COMPONENTS | sdf_constraint_stage1 4.778 sdf_constraint_stage2 5.127 reconstructed_loss 0.410 inter 0.601 normal_constraint 5.432 grad_constraint 6.302 embeddings_constraint 1.365 template_reg 0.000 similarity_constraint 0.000
====================================================================================================
====================================================================================================
EPOCH 455 DONE | steps 1964 | mean total loss 24.042834 | sum total loss 47220.126 | epoch time 129.0s
EPOCH 455 MEAN COMPONENTS | sdf_constraint_stage1 4.786 sdf_constraint_stage2 5.128 reconstructed_loss 0.404 inter 0.603 normal_constraint 5.439 grad_constraint 6.310 embeddings_constraint 1.373 template_reg 0.000 similarity_constraint 0.000
====================================================================================================
====================================================================================================
EPOCH 456 DONE | steps 1964 | mean total loss 24.103673 | sum total loss 47339.614 | epoch time 128.9s
EPOCH 456 MEAN COMPONENTS | sdf_constraint_stage1 4.797 sdf_constraint_stage2 5.152 reconstructed_loss 0.412 inter 0.601 normal_constraint 5.435 grad_constraint 6.305 embeddings_constraint 1.401 template_reg 0.000 similarity_constraint 0.000
====================================================================================================
====================================================================================================
EPOCH 457 DONE | steps 1964 | mean total loss 24.116492 | sum total loss 47364.790 | epoch time 128.9s
EPOCH 457 MEAN COMPONENTS | sdf_constraint_stage1 4.824 sdf_constraint_stage2 5.153 reconstructed_loss 0.409 inter 0.602 normal_constraint 5.435 grad_constraint 6.305 embeddings_constraint 1.390 template_reg 0.000 similarity_constraint 0.000
====================================================================================================
====================================================================================================
EPOCH 458 DONE | steps 1964 | mean total loss 24.110496 | sum total loss 47353.014 | epoch time 128.8s
EPOCH 458 MEAN COMPONENTS | sdf_constraint_stage1 4.800 sdf_constraint_stage2 5.153 reconstructed_loss 0.413 inter 0.601 normal_constraint 5.438 grad_constraint 6.305 embeddings_constraint 1.400 template_reg 0.000 similarity_constraint 0.000
====================================================================================================
====================================================================================================
EPOCH 459 DONE | steps 1964 | mean total loss 24.208521 | sum total loss 47545.536 | epoch time 128.8s
EPOCH 459 MEAN COMPONENTS | sdf_constraint_stage1 4.862 sdf_constraint_stage2 5.211 reconstructed_loss 0.421 inter 0.603 normal_constraint 5.436 grad_constraint 6.307 embeddings_constraint 1.368 template_reg 0.000 similarity_constraint 0.000
====================================================================================================
====================================================================================================
EPOCH 460 DONE | steps 1964 | mean total loss 24.066524 | sum total loss 47266.654 | epoch time 128.9s
EPOCH 460 MEAN COMPONENTS | sdf_constraint_stage1 4.794 sdf_constraint_stage2 5.134 reconstructed_loss 0.410 inter 0.601 normal_constraint 5.431 grad_constraint 6.299 embeddings_constraint 1.397 template_reg 0.000 similarity_constraint 0.000
====================================================================================================
====================================================================================================
EPOCH 461 DONE | steps 1964 | mean total loss 24.118465 | sum total loss 47368.665 | epoch time 128.9s
EPOCH 461 MEAN COMPONENTS | sdf_constraint_stage1 4.823 sdf_constraint_stage2 5.169 reconstructed_loss 0.415 inter 0.602 normal_constraint 5.430 grad_constraint 6.297 embeddings_constraint 1.383 template_reg 0.000 similarity_constraint 0.000
====================================================================================================
====================================================================================================
EPOCH 462 DONE | steps 1964 | mean total loss 24.026668 | sum total loss 47188.376 | epoch time 128.9s
EPOCH 462 MEAN COMPONENTS | sdf_constraint_stage1 4.790 sdf_constraint_stage2 5.144 reconstructed_loss 0.412 inter 0.601 normal_constraint 5.424 grad_constraint 6.291 embeddings_constraint 1.364 template_reg 0.000 similarity_constraint 0.000
====================================================================================================
====================================================================================================
EPOCH 463 DONE | steps 1964 | mean total loss 24.173019 | sum total loss 47475.810 | epoch time 128.8s
EPOCH 463 MEAN COMPONENTS | sdf_constraint_stage1 4.843 sdf_constraint_stage2 5.183 reconstructed_loss 0.415 inter 0.602 normal_constraint 5.436 grad_constraint 6.304 embeddings_constraint 1.390 template_reg 0.000 similarity_constraint 0.000
====================================================================================================
====================================================================================================
EPOCH 464 DONE | steps 1964 | mean total loss 23.971229 | sum total loss 47079.493 | epoch time 129.0s
EPOCH 464 MEAN COMPONENTS | sdf_constraint_stage1 4.774 sdf_constraint_stage2 5.124 reconstructed_loss 0.408 inter 0.601 normal_constraint 5.417 grad_constraint 6.280 embeddings_constraint 1.366 template_reg 0.000 similarity_constraint 0.000
====================================================================================================
====================================================================================================
EPOCH 465 DONE | steps 1964 | mean total loss 24.144629 | sum total loss 47420.051 | epoch time 129.0s
EPOCH 465 MEAN COMPONENTS | sdf_constraint_stage1 4.827 sdf_constraint_stage2 5.174 reconstructed_loss 0.414 inter 0.602 normal_constraint 5.434 grad_constraint 6.299 embeddings_constraint 1.394 template_reg 0.000 similarity_constraint 0.000
====================================================================================================
====================================================================================================
EPOCH 466 DONE | steps 1964 | mean total loss 23.915690 | sum total loss 46970.416 | epoch time 128.8s
EPOCH 466 MEAN COMPONENTS | sdf_constraint_stage1 4.745 sdf_constraint_stage2 5.100 reconstructed_loss 0.405 inter 0.601 normal_constraint 5.414 grad_constraint 6.277 embeddings_constraint 1.374 template_reg 0.000 similarity_constraint 0.000
====================================================================================================
====================================================================================================
EPOCH 467 DONE | steps 1964 | mean total loss 24.046443 | sum total loss 47227.214 | epoch time 129.0s
EPOCH 467 MEAN COMPONENTS | sdf_constraint_stage1 4.789 sdf_constraint_stage2 5.147 reconstructed_loss 0.413 inter 0.602 normal_constraint 5.421 grad_constraint 6.283 embeddings_constraint 1.392 template_reg 0.000 similarity_constraint 0.000
====================================================================================================
====================================================================================================
EPOCH 468 DONE | steps 1964 | mean total loss 24.063171 | sum total loss 47260.068 | epoch time 128.9s
EPOCH 468 MEAN COMPONENTS | sdf_constraint_stage1 4.804 sdf_constraint_stage2 5.150 reconstructed_loss 0.411 inter 0.602 normal_constraint 5.425 grad_constraint 6.288 embeddings_constraint 1.383 template_reg 0.000 similarity_constraint 0.000
====================================================================================================
====================================================================================================
EPOCH 469 DONE | steps 1964 | mean total loss 24.051215 | sum total loss 47236.587 | epoch time 128.9s
EPOCH 469 MEAN COMPONENTS | sdf_constraint_stage1 4.812 sdf_constraint_stage2 5.148 reconstructed_loss 0.410 inter 0.602 normal_constraint 5.422 grad_constraint 6.286 embeddings_constraint 1.371 template_reg 0.000 similarity_constraint 0.000
====================================================================================================
====================================================================================================
EPOCH 470 DONE | steps 1964 | mean total loss 24.066990 | sum total loss 47267.569 | epoch time 128.8s
EPOCH 470 MEAN COMPONENTS | sdf_constraint_stage1 4.804 sdf_constraint_stage2 5.150 reconstructed_loss 0.410 inter 0.603 normal_constraint 5.425 grad_constraint 6.284 embeddings_constraint 1.392 template_reg 0.000 similarity_constraint 0.000
====================================================================================================
====================================================================================================
EPOCH 471 DONE | steps 1964 | mean total loss 23.920733 | sum total loss 46980.319 | epoch time 128.9s
EPOCH 471 MEAN COMPONENTS | sdf_constraint_stage1 4.760 sdf_constraint_stage2 5.113 reconstructed_loss 0.410 inter 0.602 normal_constraint 5.408 grad_constraint 6.266 embeddings_constraint 1.361 template_reg 0.000 similarity_constraint 0.000
====================================================================================================
====================================================================================================
EPOCH 472 DONE | steps 1964 | mean total loss 24.043173 | sum total loss 47220.792 | epoch time 128.8s
EPOCH 472 MEAN COMPONENTS | sdf_constraint_stage1 4.812 sdf_constraint_stage2 5.159 reconstructed_loss 0.415 inter 0.601 normal_constraint 5.415 grad_constraint 6.276 embeddings_constraint 1.365 template_reg 0.000 similarity_constraint 0.000
====================================================================================================
====================================================================================================
EPOCH 473 DONE | steps 1964 | mean total loss 23.939812 | sum total loss 47017.791 | epoch time 128.9s
EPOCH 473 MEAN COMPONENTS | sdf_constraint_stage1 4.754 sdf_constraint_stage2 5.105 reconstructed_loss 0.405 inter 0.601 normal_constraint 5.416 grad_constraint 6.277 embeddings_constraint 1.382 template_reg 0.000 similarity_constraint 0.000
====================================================================================================
====================================================================================================
EPOCH 474 DONE | steps 1964 | mean total loss 24.015754 | sum total loss 47166.941 | epoch time 128.9s
EPOCH 474 MEAN COMPONENTS | sdf_constraint_stage1 4.790 sdf_constraint_stage2 5.137 reconstructed_loss 0.410 inter 0.602 normal_constraint 5.417 grad_constraint 6.276 embeddings_constraint 1.382 template_reg 0.000 similarity_constraint 0.000
====================================================================================================
====================================================================================================
EPOCH 475 DONE | steps 1964 | mean total loss 23.972899 | sum total loss 47082.774 | epoch time 128.9s
EPOCH 475 MEAN COMPONENTS | sdf_constraint_stage1 4.797 sdf_constraint_stage2 5.138 reconstructed_loss 0.408 inter 0.601 normal_constraint 5.406 grad_constraint 6.266 embeddings_constraint 1.355 template_reg 0.000 similarity_constraint 0.000
====================================================================================================
====================================================================================================
EPOCH 476 DONE | steps 1964 | mean total loss 23.965680 | sum total loss 47068.595 | epoch time 128.9s
EPOCH 476 MEAN COMPONENTS | sdf_constraint_stage1 4.776 sdf_constraint_stage2 5.129 reconstructed_loss 0.412 inter 0.601 normal_constraint 5.411 grad_constraint 6.269 embeddings_constraint 1.367 template_reg 0.000 similarity_constraint 0.000
====================================================================================================
====================================================================================================
EPOCH 477 DONE | steps 1964 | mean total loss 23.924933 | sum total loss 46988.569 | epoch time 129.1s
EPOCH 477 MEAN COMPONENTS | sdf_constraint_stage1 4.762 sdf_constraint_stage2 5.110 reconstructed_loss 0.407 inter 0.602 normal_constraint 5.404 grad_constraint 6.261 embeddings_constraint 1.379 template_reg 0.000 similarity_constraint 0.000
====================================================================================================
====================================================================================================
EPOCH 478 DONE | steps 1964 | mean total loss 24.009720 | sum total loss 47155.091 | epoch time 129.1s
EPOCH 478 MEAN COMPONENTS | sdf_constraint_stage1 4.789 sdf_constraint_stage2 5.134 reconstructed_loss 0.409 inter 0.602 normal_constraint 5.417 grad_constraint 6.274 embeddings_constraint 1.385 template_reg 0.000 similarity_constraint 0.000
====================================================================================================
====================================================================================================
EPOCH 479 DONE | steps 1964 | mean total loss 23.913665 | sum total loss 46966.438 | epoch time 129.1s
EPOCH 479 MEAN COMPONENTS | sdf_constraint_stage1 4.747 sdf_constraint_stage2 5.108 reconstructed_loss 0.408 inter 0.602 normal_constraint 5.405 grad_constraint 6.257 embeddings_constraint 1.386 template_reg 0.000 similarity_constraint 0.000
====================================================================================================
====================================================================================================
EPOCH 480 DONE | steps 1964 | mean total loss 24.040824 | sum total loss 47216.179 | epoch time 129.0s
EPOCH 480 MEAN COMPONENTS | sdf_constraint_stage1 4.808 sdf_constraint_stage2 5.155 reconstructed_loss 0.413 inter 0.601 normal_constraint 5.413 grad_constraint 6.271 embeddings_constraint 1.380 template_reg 0.000 similarity_constraint 0.000
====================================================================================================
====================================================================================================
EPOCH 481 DONE | steps 1964 | mean total loss 23.872027 | sum total loss 46884.660 | epoch time 129.0s
EPOCH 481 MEAN COMPONENTS | sdf_constraint_stage1 4.742 sdf_constraint_stage2 5.103 reconstructed_loss 0.407 inter 0.600 normal_constraint 5.395 grad_constraint 6.250 embeddings_constraint 1.373 template_reg 0.000 similarity_constraint 0.000
====================================================================================================
====================================================================================================
EPOCH 482 DONE | steps 1964 | mean total loss 23.966383 | sum total loss 47069.976 | epoch time 128.9s
EPOCH 482 MEAN COMPONENTS | sdf_constraint_stage1 4.771 sdf_constraint_stage2 5.122 reconstructed_loss 0.407 inter 0.602 normal_constraint 5.408 grad_constraint 6.264 embeddings_constraint 1.392 template_reg 0.000 similarity_constraint 0.000
====================================================================================================
====================================================================================================
EPOCH 483 DONE | steps 1964 | mean total loss 23.991877 | sum total loss 47120.047 | epoch time 128.8s
EPOCH 483 MEAN COMPONENTS | sdf_constraint_stage1 4.775 sdf_constraint_stage2 5.143 reconstructed_loss 0.414 inter 0.601 normal_constraint 5.407 grad_constraint 6.261 embeddings_constraint 1.391 template_reg 0.000 similarity_constraint 0.000
====================================================================================================
====================================================================================================
EPOCH 484 DONE | steps 1964 | mean total loss 23.944744 | sum total loss 47027.476 | epoch time 128.5s
EPOCH 484 MEAN COMPONENTS | sdf_constraint_stage1 4.795 sdf_constraint_stage2 5.135 reconstructed_loss 0.412 inter 0.601 normal_constraint 5.395 grad_constraint 6.250 embeddings_constraint 1.356 template_reg 0.000 similarity_constraint 0.000
====================================================================================================
====================================================================================================
EPOCH 485 DONE | steps 1964 | mean total loss 23.839961 | sum total loss 46821.684 | epoch time 129.1s
EPOCH 485 MEAN COMPONENTS | sdf_constraint_stage1 4.737 sdf_constraint_stage2 5.091 reconstructed_loss 0.407 inter 0.601 normal_constraint 5.394 grad_constraint 6.244 embeddings_constraint 1.365 template_reg 0.000 similarity_constraint 0.000
====================================================================================================
====================================================================================================
EPOCH 486 DONE | steps 1964 | mean total loss 23.922330 | sum total loss 46983.457 | epoch time 128.9s
EPOCH 486 MEAN COMPONENTS | sdf_constraint_stage1 4.775 sdf_constraint_stage2 5.122 reconstructed_loss 0.408 inter 0.601 normal_constraint 5.398 grad_constraint 6.253 embeddings_constraint 1.364 template_reg 0.000 similarity_constraint 0.000
====================================================================================================
====================================================================================================
EPOCH 487 DONE | steps 1964 | mean total loss 24.048762 | sum total loss 47231.768 | epoch time 128.8s
EPOCH 487 MEAN COMPONENTS | sdf_constraint_stage1 4.821 sdf_constraint_stage2 5.156 reconstructed_loss 0.413 inter 0.602 normal_constraint 5.404 grad_constraint 6.258 embeddings_constraint 1.395 template_reg 0.000 similarity_constraint 0.000
====================================================================================================
====================================================================================================
EPOCH 488 DONE | steps 1964 | mean total loss 23.817436 | sum total loss 46777.445 | epoch time 129.1s
EPOCH 488 MEAN COMPONENTS | sdf_constraint_stage1 4.727 sdf_constraint_stage2 5.089 reconstructed_loss 0.406 inter 0.602 normal_constraint 5.391 grad_constraint 6.241 embeddings_constraint 1.362 template_reg 0.000 similarity_constraint 0.000
====================================================================================================
====================================================================================================
EPOCH 489 DONE | steps 1964 | mean total loss 23.843984 | sum total loss 46829.585 | epoch time 129.0s
EPOCH 489 MEAN COMPONENTS | sdf_constraint_stage1 4.746 sdf_constraint_stage2 5.098 reconstructed_loss 0.408 inter 0.601 normal_constraint 5.390 grad_constraint 6.240 embeddings_constraint 1.361 template_reg 0.000 similarity_constraint 0.000
====================================================================================================
====================================================================================================
EPOCH 490 DONE | steps 1964 | mean total loss 23.878484 | sum total loss 46897.342 | epoch time 128.9s
EPOCH 490 MEAN COMPONENTS | sdf_constraint_stage1 4.756 sdf_constraint_stage2 5.115 reconstructed_loss 0.410 inter 0.601 normal_constraint 5.392 grad_constraint 6.242 embeddings_constraint 1.362 template_reg 0.000 similarity_constraint 0.000
====================================================================================================
====================================================================================================
EPOCH 491 DONE | steps 1964 | mean total loss 23.891478 | sum total loss 46922.863 | epoch time 128.9s
EPOCH 491 MEAN COMPONENTS | sdf_constraint_stage1 4.759 sdf_constraint_stage2 5.107 reconstructed_loss 0.402 inter 0.601 normal_constraint 5.396 grad_constraint 6.246 embeddings_constraint 1.379 template_reg 0.000 similarity_constraint 0.000
====================================================================================================
====================================================================================================
EPOCH 492 DONE | steps 1964 | mean total loss 23.887051 | sum total loss 46914.169 | epoch time 129.0s
EPOCH 492 MEAN COMPONENTS | sdf_constraint_stage1 4.754 sdf_constraint_stage2 5.104 reconstructed_loss 0.407 inter 0.602 normal_constraint 5.395 grad_constraint 6.243 embeddings_constraint 1.383 template_reg 0.000 similarity_constraint 0.000
====================================================================================================
====================================================================================================
EPOCH 493 DONE | steps 1964 | mean total loss 23.779118 | sum total loss 46702.188 | epoch time 129.0s
EPOCH 493 MEAN COMPONENTS | sdf_constraint_stage1 4.719 sdf_constraint_stage2 5.088 reconstructed_loss 0.406 inter 0.601 normal_constraint 5.378 grad_constraint 6.223 embeddings_constraint 1.364 template_reg 0.000 similarity_constraint 0.000
====================================================================================================
====================================================================================================
EPOCH 494 DONE | steps 1964 | mean total loss 23.850428 | sum total loss 46842.241 | epoch time 129.0s
EPOCH 494 MEAN COMPONENTS | sdf_constraint_stage1 4.743 sdf_constraint_stage2 5.099 reconstructed_loss 0.407 inter 0.602 normal_constraint 5.391 grad_constraint 6.239 embeddings_constraint 1.370 template_reg 0.000 similarity_constraint 0.000
====================================================================================================
====================================================================================================
EPOCH 495 DONE | steps 1964 | mean total loss 23.740146 | sum total loss 46625.646 | epoch time 128.8s
EPOCH 495 MEAN COMPONENTS | sdf_constraint_stage1 4.712 sdf_constraint_stage2 5.067 reconstructed_loss 0.403 inter 0.601 normal_constraint 5.375 grad_constraint 6.220 embeddings_constraint 1.362 template_reg 0.000 similarity_constraint 0.000
====================================================================================================
====================================================================================================
EPOCH 496 DONE | steps 1964 | mean total loss 23.934074 | sum total loss 47006.521 | epoch time 129.0s
EPOCH 496 MEAN COMPONENTS | sdf_constraint_stage1 4.780 sdf_constraint_stage2 5.114 reconstructed_loss 0.405 inter 0.602 normal_constraint 5.401 grad_constraint 6.250 embeddings_constraint 1.382 template_reg 0.000 similarity_constraint 0.000
====================================================================================================
====================================================================================================
EPOCH 497 DONE | steps 1964 | mean total loss 23.845230 | sum total loss 46832.031 | epoch time 128.9s
EPOCH 497 MEAN COMPONENTS | sdf_constraint_stage1 4.756 sdf_constraint_stage2 5.105 reconstructed_loss 0.405 inter 0.601 normal_constraint 5.383 grad_constraint 6.228 embeddings_constraint 1.366 template_reg 0.000 similarity_constraint 0.000
====================================================================================================
====================================================================================================
EPOCH 498 DONE | steps 1964 | mean total loss 23.876319 | sum total loss 46893.090 | epoch time 129.0s
EPOCH 498 MEAN COMPONENTS | sdf_constraint_stage1 4.760 sdf_constraint_stage2 5.111 reconstructed_loss 0.409 inter 0.601 normal_constraint 5.386 grad_constraint 6.231 embeddings_constraint 1.378 template_reg 0.000 similarity_constraint 0.000
====================================================================================================
====================================================================================================
EPOCH 499 DONE | steps 1964 | mean total loss 23.714019 | sum total loss 46574.333 | epoch time 128.9s
EPOCH 499 MEAN COMPONENTS | sdf_constraint_stage1 4.688 sdf_constraint_stage2 5.044 reconstructed_loss 0.397 inter 0.600 normal_constraint 5.382 grad_constraint 6.226 embeddings_constraint 1.377 template_reg 0.000 similarity_constraint 0.000
====================================================================================================
Job finished at ven. 07 août 2026 09:01:35 CEST
